Year,State,Pdsi1_May,Pdsi1_Jun,Pdsi1_Jul,Pdsi1_Aug,Pdsi1_Sep,Pdsi1_Oct
1895,ILLINOIS,-2.21,-2.70,-1.75,-2.01,-2.12,-2.61
1896,ILLINOIS,0.25,0.24,1.30,1.11,2.08,1.75
1897,ILLINOIS,-0.63,-0.34,-0.39,-1.27,-2.41,-3.51
1898,ILLINOIS,2.75,2.60,2.16,2.30,2.59,3.04
1899,ILLINOIS,-0.19,-0.80,-0.80,-1.18,-1.58,-1.54
1900,ILLINOIS,-2.09,-1.68,-1.11,-0.79,-0.68,-0.89
1901,ILLINOIS,-1.99,-2.23,-3.00,-3.72,-4.15,-4.36
1902,ILLINOIS,-4.90,1.82,2.32,2.99,3.45,3.21
1903,ILLINOIS,2.01,1.62,1.48,1.86,1.94,1.71
1904,ILLINOIS,1.84,1.43,1.81,2.18,2.79,-0.50
1905,ILLINOIS,0.16,-0.25,0.70,0.79,0.71,1.34
1906,ILLINOIS,-1.26,-1.44,-1.79,0.03,0.44,-0.40
1907,ILLINOIS,1.08,1.30,2.19,3.17,2.95,2.63
1908,ILLINOIS,4.00,-0.36,-0.42,-0.85,-1.79,-2.64
1909,ILLINOIS,1.55,1.44,1.91,1.16,1.31,1.32
1910,ILLINOIS,-1.13,-1.60,-1.30,-1.44,-0.84,-0.61
1911,ILLINOIS,-1.63,-2.33,-2.91,0.06,2.00,2.10
1912,ILLINOIS,1.76,1.41,1.58,1.69,-0.19,0.24
1913,ILLINOIS,-0.66,-1.26,-2.00,-2.72,-2.79,-2.28
1914,ILLINOIS,-3.21,-3.68,-4.55,-4.51,-4.02,-3.78
1915,ILLINOIS,1.02,1.40,2.73,4.11,4.38,3.50
1916,ILLINOIS,-0.98,-0.08,-1.25,-1.06,-1.12,-1.04
1917,ILLINOIS,0.82,1.46,-0.16,-0.30,-0.43,-0.02
1918,ILLINOIS,0.98,0.71,0.32,0.19,0.65,0.72
1919,ILLINOIS,0.57,0.64,-0.77,-1.04,-1.05,1.39
1920,ILLINOIS,1.57,-0.73,-1.13,-1.28,-1.60,-2.06
1921,ILLINOIS,-2.78,-2.86,-3.63,0.52,1.44,1.19
1922,ILLINOIS,-0.35,-1.40,-1.39,-2.16,-2.80,-3.05
1923,ILLINOIS,-2.12,-2.14,-2.54,0.46,0.70,1.17
1924,ILLINOIS,0.10,1.32,1.31,2.08,2.19,-0.61
1925,ILLINOIS,-2.39,-2.07,-2.14,-2.38,0.23,0.93
1926,ILLINOIS,-0.75,0.15,0.09,0.49,2.96,3.47
1927,ILLINOIS,4.80,4.44,4.05,3.88,4.15,4.21
1928,ILLINOIS,1.75,2.95,2.78,2.60,2.17,2.43
1929,ILLINOIS,3.16,3.30,3.47,2.99,2.60,2.75
1930,ILLINOIS,-1.83,-1.94,-3.10,-3.84,-3.69,-3.72
1931,ILLINOIS,-5.46,-5.37,-5.37,-4.72,-4.00,-3.48
1932,ILLINOIS,-2.58,-2.49,-2.51,0.82,0.65,1.04
1933,ILLINOIS,2.62,-1.31,-2.03,-2.40,-2.49,-2.36
1934,ILLINOIS,-6.53,-6.85,-7.05,-6.52,1.16,0.55
1935,ILLINOIS,2.42,3.04,-0.11,-0.53,-0.52,-0.81
1936,ILLINOIS,-2.12,-2.94,-4.39,-5.05,0.85,0.85
1937,ILLINOIS,0.90,1.27,-0.11,-0.61,-0.94,-0.52
1938,ILLINOIS,1.22,1.64,1.96,0.04,-0.03,-0.72
1939,ILLINOIS,-0.76,0.32,0.23,0.82,-1.19,-1.50
1940,ILLINOIS,-2.91,-3.03,-3.63,-3.13,-3.97,-4.16
1941,ILLINOIS,-4.03,-3.56,-3.57,-3.70,0.49,2.79
1942,ILLINOIS,1.32,1.79,2.13,2.18,2.12,1.72
1943,ILLINOIS,3.05,-0.17,-0.50,-0.84,-1.07,-1.31
1944,ILLINOIS,-0.16,-0.93,-1.69,-1.66,-1.80,-2.42
1945,ILLINOIS,1.98,3.02,2.00,1.79,3.29,2.91
1946,ILLINOIS,1.51,1.53,0.93,1.88,1.35,1.22
1947,ILLINOIS,1.82,2.69,-0.47,-1.25,-1.18,-1.38
1948,ILLINOIS,-0.79,0.02,0.92,-0.53,-0.72,-0.89
1949,ILLINOIS,-1.23,-0.03,0.13,-0.25,0.01,0.70
1950,ILLINOIS,2.50,2.86,2.86,2.84,2.79,1.86
1951,ILLINOIS,1.63,2.36,2.76,2.88,2.93,2.99
1952,ILLINOIS,-0.19,-0.12,-0.28,-0.38,-0.92,-1.56
1953,ILLINOIS,-1.38,-1.77,-1.78,-2.75,-3.41,-3.95
1954,ILLINOIS,-5.39,-5.13,-5.17,-4.12,-4.44,-3.22
1955,ILLINOIS,-1.90,-1.58,-1.67,-2.05,-2.21,-1.43
1956,ILLINOIS,-2.00,-2.44,-1.82,-1.34,-2.02,-2.93
1957,ILLINOIS,1.91,2.65,2.57,2.14,1.34,1.51
1958,ILLINOIS,-1.58,1.07,2.96,2.80,0.00,-0.40
1959,ILLINOIS,-0.29,-1.30,-1.43,0.08,0.21,0.73
1960,ILLINOIS,0.35,1.06,-0.10,-0.24,-0.92,-1.00
1961,ILLINOIS,1.07,0.79,1.64,1.54,2.94,2.93
1962,ILLINOIS,-0.78,-0.96,-0.30,-0.60,-0.79,-0.65
1963,ILLINOIS,-2.33,-2.91,-2.17,-2.10,-2.70,-3.66
1964,ILLINOIS,-3.78,-3.71,-3.67,-3.86,-3.82,-4.52
1965,ILLINOIS,-0.71,-0.75,-0.74,1.17,2.58,2.17
1966,ILLINOIS,1.68,-0.55,-1.30,-1.53,-1.27,-1.50
1967,ILLINOIS,0.36,0.35,0.94,0.86,0.83,1.79
1968,ILLINOIS,-0.39,-0.34,-0.29,-0.45,-0.19,-0.80
1969,ILLINOIS,-0.78,0.87,1.92,1.33,1.51,2.72
1970,ILLINOIS,1.71,2.31,1.95,1.91,3.41,3.65
1971,ILLINOIS,-1.46,-1.91,-1.11,-1.62,-1.66,-2.30
1972,ILLINOIS,0.07,0.08,0.22,1.04,1.69,1.79
1973,ILLINOIS,3.81,4.20,4.17,3.30,3.17,3.12
1974,ILLINOIS,3.93,4.43,3.19,3.25,2.90,2.22
1975,ILLINOIS,2.44,2.16,1.92,2.40,0.03,-0.36
1976,ILLINOIS,-0.47,-0.80,-0.85,-1.34,-1.61,-1.18
1977,ILLINOIS,-3.29,-3.13,-2.96,1.45,2.00,2.63
1978,ILLINOIS,0.47,0.05,0.46,-0.02,-0.35,-0.61
1979,ILLINOIS,1.42,0.75,1.45,1.99,-1.01,-1.32
1980,ILLINOIS,-1.78,-1.38,-1.58,0.55,0.99,-0.02
1981,ILLINOIS,1.22,1.62,2.71,3.71,3.51,3.47
1982,ILLINOIS,2.41,2.33,3.07,3.04,2.75,2.59
1983,ILLINOIS,4.09,3.61,2.46,1.29,0.64,1.11
1984,ILLINOIS,2.68,-0.73,-0.89,-1.74,0.37,0.97
1985,ILLINOIS,1.28,1.44,1.24,1.99,1.26,1.55
1986,ILLINOIS,0.70,0.57,1.30,0.94,1.95,2.81
1987,ILLINOIS,-2.25,-2.54,-2.26,-1.38,-1.76,-2.03
1988,ILLINOIS,-1.64,-2.88,-3.50,-4.13,-4.42,-4.13
1989,ILLINOIS,-2.03,-2.13,-1.90,-1.51,-0.64,-0.96
1990,ILLINOIS,2.06,2.80,2.83,2.92,2.13,2.57
1991,ILLINOIS,-0.38,-1.44,-2.17,-2.59,-2.61,-1.37
1992,ILLINOIS,-2.10,-2.75,1.50,0.99,1.54,1.00
1993,ILLINOIS,2.42,3.33,4.23,4.69,6.37,6.06
1994,ILLINOIS,-0.62,-0.65,-0.93,-0.73,-1.03,-1.39
1995,ILLINOIS,2.29,-0.21,-0.50,-0.47,-1.16,-1.11
1996,ILLINOIS,1.98,1.89,2.17,1.48,1.28,0.98
1997,ILLINOIS,-0.22,-0.23,-0.73,-0.05,-0.40,-0.75
1998,ILLINOIS,1.31,2.60,2.34,2.09,1.32,1.63
1999,ILLINOIS,1.25,1.60,-0.35,-0.51,-0.88,-1.29
2000,ILLINOIS,-0.02,1.38,1.71,1.75,1.91,1.48
2001,ILLINOIS,-0.03,0.02,0.12,0.37,0.49,1.82
2002,ILLINOIS,3.22,-0.10,-0.62,-0.42,-1.05,-0.87
2003,ILLINOIS,0.58,0.62,1.21,0.81,1.24,0.93
2004,ILLINOIS,0.79,0.47,0.74,1.66,0.57,1.30
2005,ILLINOIS,-1.82,-2.72,-2.94,-2.90,-2.87,-3.43
2006,ILLINOIS,-0.37,-0.71,0.08,0.26,0.39,0.89
2007,ILLINOIS,-1.13,-1.14,-1.18,-0.99,-1.80,-1.72
2008,ILLINOIS,2.68,2.92,3.66,2.95,4.47,4.25
2009,ILLINOIS,4.34,4.28,4.52,4.95,4.34,6.52
2010,ILLINOIS,3.28,4.24,4.49,4.00,3.82,2.89
2011,ILLINOIS,3.30,3.96,-0.13,-0.80,-0.57,-0.96
2012,ILLINOIS,-2.24,-3.06,-4.36,-4.28,-3.37,-2.62
2013,ILLINOIS,2.86,3.10,-0.02,-0.74,-1.44,-1.20
2014,ILLINOIS,0.15,1.13,1.17,1.96,2.36,3.04
2015,ILLINOIS,1.41,3.40,3.83,3.55,3.24,2.47
2016,ILLINOIS,2.06,1.35,2.47,3.71,3.50,3.07
2017,ILLINOIS,2.44,-0.36,0.42,-0.27,-1.35,-0.62
2018,ILLINOIS,0.77,1.38,1.24,1.76,2.15,2.48
2019,ILLINOIS,5.03,5.01,4.25,4.15,4.23,4.84
2020,ILLINOIS,4.40,3.68,3.91,2.96,,
1895,INDIANA,-2.75,-3.25,-3.22,-3.72,-4.04,-4.49
1896,INDIANA,-3.42,0.19,1.97,2.74,3.69,3.28
1897,INDIANA,-0.17,-0.03,-0.33,-1.07,-2.30,-3.22
1898,INDIANA,1.78,1.39,0.78,0.67,0.94,1.64
1899,INDIANA,-1.20,-1.66,-1.83,-2.24,-2.67,-2.73
1900,INDIANA,-2.86,-1.87,-1.22,-1.19,-1.65,-1.96
1901,INDIANA,-2.36,-2.10,-3.33,-3.58,-4.11,-3.81
1902,INDIANA,-3.92,1.68,1.47,0.98,1.77,1.68
1903,INDIANA,-0.62,0.15,0.09,0.47,-0.51,-0.46
1904,INDIANA,-0.30,-0.60,-0.69,-0.93,-0.67,-1.29
1905,INDIANA,0.56,0.40,0.70,1.27,1.43,2.29
1906,INDIANA,-1.43,-1.59,-1.72,0.40,0.56,0.18
1907,INDIANA,1.29,1.70,2.16,2.52,2.43,2.57
1908,INDIANA,3.73,-0.78,-1.27,-2.08,-3.15,-4.18
1909,INDIANA,1.57,1.97,2.58,2.45,2.28,2.78
1910,INDIANA,-1.75,-2.23,0.79,0.39,1.15,2.12
1911,INDIANA,-0.86,-1.08,-1.96,-2.09,0.95,1.46
1912,INDIANA,1.82,1.33,1.77,2.73,2.70,2.39
1913,INDIANA,-0.64,-1.46,-1.82,-2.05,-2.19,-1.92
1914,INDIANA,-2.48,-3.16,-4.05,-3.41,-3.48,-3.66
1915,INDIANA,0.57,0.37,1.59,3.22,3.37,2.90
1916,INDIANA,0.07,1.39,-0.77,-1.00,-1.01,-1.27
1917,INDIANA,0.94,1.61,-0.11,-0.33,-0.76,1.00
1918,INDIANA,-1.10,-1.22,-1.33,-1.57,0.75,0.71
1919,INDIANA,-0.03,-0.35,-1.28,-1.74,-2.16,1.70
1920,INDIANA,-0.14,-0.44,-0.32,-0.33,-0.58,-1.04
1921,INDIANA,-1.44,-1.91,-2.92,0.74,1.31,1.21
1922,INDIANA,-0.39,-1.32,-1.45,-2.12,-2.82,-2.91
1923,INDIANA,0.46,-0.35,-0.41,0.62,0.68,0.93
1924,INDIANA,1.19,2.12,-0.63,0.15,0.55,-1.02
1925,INDIANA,-2.99,-3.00,-2.61,-2.90,0.55,1.18
1926,INDIANA,-0.54,-0.73,-0.98,1.06,3.14,3.93
1927,INDIANA,3.97,3.61,3.08,2.88,3.16,2.78
1928,INDIANA,1.02,2.39,2.08,2.04,1.30,1.29
1929,INDIANA,2.18,2.25,2.27,1.94,1.77,2.18
1930,INDIANA,-1.92,-2.35,-3.32,-3.97,-3.69,-4.07
1931,INDIANA,-6.08,-5.74,-5.66,0.32,0.71,0.82
1932,INDIANA,-1.67,-1.53,-1.73,-1.68,1.09,1.63
1933,INDIANA,3.70,-1.45,-2.28,-2.60,-2.01,-1.96
1934,INDIANA,-4.99,-5.16,-5.82,-5.04,-3.65,-4.29
1935,INDIANA,-2.01,-1.39,-1.42,-1.41,-1.44,-1.71
1936,INDIANA,-2.61,-3.57,-4.91,-5.30,0.23,0.59
1937,INDIANA,1.54,1.68,1.51,1.38,1.39,2.20
1938,INDIANA,1.81,2.22,2.61,-0.04,-0.07,-0.86
1939,INDIANA,-1.10,-0.31,-0.20,-0.51,-1.71,-1.85
1940,INDIANA,-2.09,-2.19,-3.04,-3.42,-4.00,-4.23
1941,INDIANA,-5.52,-4.54,-4.69,-4.91,-5.15,1.17
1942,INDIANA,0.14,0.75,0.87,1.14,1.07,0.67
1943,INDIANA,1.98,-0.46,-0.28,-0.74,-0.57,-1.05
1944,INDIANA,-1.03,-2.03,-3.02,-2.86,-3.11,-3.76
1945,INDIANA,1.64,2.67,2.36,2.27,3.43,3.46
1946,INDIANA,-0.69,-0.48,-0.84,-0.68,-1.39,-1.53
1947,INDIANA,1.61,2.01,-0.03,-0.21,0.35,-0.41
1948,INDIANA,0.50,0.60,0.93,-0.59,-0.80,-0.93
1949,INDIANA,1.21,1.44,1.14,1.01,0.89,1.53
1950,INDIANA,3.92,4.23,4.02,3.89,4.63,3.89
1951,INDIANA,2.84,2.87,2.74,2.17,1.86,1.57
1952,INDIANA,2.30,2.13,-0.67,-0.93,-0.80,-1.36
1953,INDIANA,-1.31,-1.89,-1.60,-2.27,-3.04,-3.77
1954,INDIANA,-4.36,-4.51,-4.52,-3.58,-4.02,1.13
1955,INDIANA,-0.51,-0.55,-0.34,-0.90,0.29,0.96
1956,INDIANA,0.93,-0.32,-0.35,-0.59,-1.19,-2.15
1957,INDIANA,1.59,2.71,2.65,2.21,1.85,2.09
1958,INDIANA,-1.68,1.93,3.65,3.88,3.93,3.37
1959,INDIANA,-0.31,-0.97,-0.95,-1.36,-1.29,0.32
1960,INDIANA,0.22,1.12,-0.05,-0.11,-0.89,-1.25
1961,INDIANA,1.85,1.79,2.10,1.96,1.90,1.60
1962,INDIANA,-1.18,-1.46,0.81,-0.03,-0.11,-0.05
1963,INDIANA,-1.21,-1.74,-1.00,-1.03,-1.87,-3.09
1964,INDIANA,-3.01,-2.88,-2.63,-3.11,-3.38,-4.09
1965,INDIANA,-2.83,-3.01,-2.81,-2.22,-1.01,-0.75
1966,INDIANA,-1.05,-1.70,-2.13,-2.12,-1.63,-1.92
1967,INDIANA,0.47,-0.51,-0.88,-1.12,-1.56,0.57
1968,INDIANA,1.20,1.08,1.03,1.28,-0.07,-0.56
1969,INDIANA,-1.09,0.41,1.34,0.91,1.09,1.63
1970,INDIANA,0.37,0.30,0.56,0.20,0.51,0.91
1971,INDIANA,0.11,-0.20,0.68,0.38,0.93,-0.40
1972,INDIANA,-0.38,-0.42,-0.46,-0.42,1.34,1.55
1973,INDIANA,2.11,2.69,3.13,2.86,2.01,1.63
1974,INDIANA,2.35,2.37,1.08,1.69,2.25,1.78
1975,INDIANA,2.07,2.28,1.54,2.24,2.10,1.94
1976,INDIANA,-1.13,0.48,0.47,0.15,0.17,0.54
1977,INDIANA,-2.15,-1.98,-2.07,1.53,1.71,2.19
1978,INDIANA,1.22,0.76,1.24,2.09,1.15,1.16
1979,INDIANA,1.17,1.03,2.87,4.10,3.37,3.28
1980,INDIANA,1.45,1.95,1.74,2.33,2.15,2.01
1981,INDIANA,1.82,1.76,2.11,2.41,2.47,2.44
1982,INDIANA,1.73,1.89,1.70,1.81,1.56,0.97
1983,INDIANA,1.91,-0.32,-1.17,-1.97,-2.61,0.87
1984,INDIANA,1.55,-0.97,-0.91,-1.54,0.34,0.50
1985,INDIANA,-1.07,-1.02,-1.14,1.02,-0.42,0.36
1986,INDIANA,0.22,0.30,0.94,0.71,1.26,1.96
1987,INDIANA,-2.23,-1.94,-1.16,-1.08,-1.50,-1.61
1988,INDIANA,-2.00,-3.36,-3.37,-3.81,-3.82,0.13
1989,INDIANA,1.49,1.23,1.78,2.21,3.03,2.79
1990,INDIANA,2.88,2.85,3.13,3.88,3.48,4.42
1991,INDIANA,-0.62,-1.76,-2.51,-2.68,-2.94,-2.12
1992,INDIANA,-2.49,-2.52,2.05,2.04,2.77,2.56
1993,INDIANA,2.23,2.80,2.72,2.97,4.31,4.65
1994,INDIANA,-0.74,-0.72,-0.80,-0.58,-0.78,-1.38
1995,INDIANA,1.49,-0.06,-0.49,-0.40,-1.20,-1.24
1996,INDIANA,2.46,2.63,3.09,2.12,2.81,2.55
1997,INDIANA,3.11,3.49,2.84,2.98,-0.25,-0.66
1998,INDIANA,0.88,2.31,2.65,2.60,-0.91,-0.63
1999,INDIANA,-0.62,-0.60,-1.23,-1.75,-2.48,-2.84
2000,INDIANA,0.00,0.93,1.04,1.57,2.27,2.12
2001,INDIANA,-1.60,0.12,0.89,1.21,1.61,3.78
2002,INDIANA,4.28,-0.41,-1.07,-1.54,-1.45,-1.44
2003,INDIANA,0.93,0.72,2.59,2.54,3.88,3.82
2004,INDIANA,1.99,2.02,2.56,3.34,2.19,2.62
2005,INDIANA,-1.27,-1.63,-1.35,-0.78,-0.45,-1.08
2006,INDIANA,0.98,1.01,1.34,1.90,2.61,3.76
2007,INDIANA,-1.14,-1.55,-1.76,-1.49,-1.88,-1.78
2008,INDIANA,3.06,3.73,3.67,2.85,2.81,2.36
2009,INDIANA,2.40,2.39,2.69,2.84,2.62,4.28
2010,INDIANA,0.35,1.64,1.57,-0.78,-1.60,-2.40
2011,INDIANA,3.45,3.52,2.54,1.78,2.54,2.62
2012,INDIANA,-2.54,-3.53,-4.45,-0.04,0.70,1.07
2013,INDIANA,0.98,1.79,-0.11,-0.70,-0.78,0.45
2014,INDIANA,1.05,1.50,1.46,2.18,2.38,3.01
2015,INDIANA,1.52,3.43,4.23,3.69,3.02,2.58
2016,INDIANA,1.70,1.53,1.94,3.15,3.11,2.82
2017,INDIANA,2.41,2.30,3.07,2.53,1.84,2.16
2018,INDIANA,1.91,2.55,2.14,2.79,3.42,3.38
2019,INDIANA,4.89,5.31,4.63,4.28,3.27,3.42
2020,INDIANA,3.01,2.43,2.36,2.09,,
1895,IOWA,-1.10,-1.14,-1.09,-0.78,-0.98,-1.45
1896,IOWA,1.47,0.79,1.98,1.81,2.17,2.77
1897,IOWA,-0.70,-0.85,-1.10,-1.69,-2.59,-3.30
1898,IOWA,-2.46,-2.35,-2.45,-2.44,-2.67,0.64
1899,IOWA,0.93,1.04,-0.12,-0.26,-1.15,-1.53
1900,IOWA,-2.13,-2.15,1.23,1.41,1.99,2.53
1901,IOWA,-1.05,-1.39,-2.43,-3.62,-3.14,-3.17
1902,IOWA,0.41,1.66,3.72,4.86,5.24,4.97
1903,IOWA,4.67,3.81,4.16,5.03,5.05,4.67
1904,IOWA,-0.07,-0.43,0.43,0.43,-0.18,-0.40
1905,IOWA,1.37,1.40,1.25,1.20,1.09,1.60
1906,IOWA,-0.50,-0.66,-0.63,-0.60,0.10,0.03
1907,IOWA,0.28,0.71,2.18,2.45,2.30,2.06
1908,IOWA,2.78,3.02,2.82,3.09,1.95,2.25
1909,IOWA,2.91,3.36,3.60,2.47,2.28,2.06
1910,IOWA,-2.19,-3.00,-3.73,-3.56,-3.36,-3.94
1911,IOWA,-3.97,-4.96,-5.34,-5.23,0.19,0.72
1912,IOWA,-0.50,-1.03,-1.00,-0.92,-0.65,-0.20
1913,IOWA,1.60,-0.60,-1.45,-2.19,-2.34,-1.90
1914,IOWA,-2.57,-1.98,-2.40,-2.97,1.29,1.62
1915,IOWA,2.29,2.13,4.05,3.71,4.56,3.86
1916,IOWA,0.41,-0.06,-1.05,-1.71,-1.61,-1.59
1917,IOWA,1.13,2.03,-0.50,-0.95,-1.15,-1.19
1918,IOWA,0.94,1.06,0.92,0.64,0.15,0.57
1919,IOWA,1.78,2.02,1.35,0.72,1.07,1.47
1920,IOWA,-0.16,-0.67,-0.41,-0.41,-0.57,-0.82
1921,IOWA,-0.64,-1.20,-1.78,0.28,1.19,-0.08
1922,IOWA,-0.31,-1.53,1.04,-0.45,-1.15,-1.56
1923,IOWA,-1.44,-1.22,-1.95,0.59,1.43,-0.13
1924,IOWA,-1.22,1.54,1.67,2.35,2.39,-0.58
1925,IOWA,-2.40,0.68,-0.38,-0.56,0.32,1.01
1926,IOWA,-1.60,0.03,0.03,-0.13,2.27,2.05
1927,IOWA,2.64,-0.75,-1.42,-1.84,-1.53,-1.16
1928,IOWA,-1.75,0.61,0.92,1.96,2.01,2.63
1929,IOWA,-0.45,-0.96,-0.72,-1.22,-1.06,-0.67
1930,IOWA,-0.01,0.52,-1.00,-1.76,-2.32,-2.36
1931,IOWA,-3.78,-4.16,-4.52,-4.63,0.64,0.70
1932,IOWA,1.65,1.61,1.19,2.26,1.81,1.63
1933,IOWA,-0.48,-2.09,-2.36,-2.68,-2.68,-2.95
1934,IOWA,-7.13,-7.49,-7.49,-7.66,-6.66,-6.66
1935,IOWA,0.59,1.74,1.24,0.48,0.19,0.29
1936,IOWA,-1.70,-2.24,-4.08,-4.67,-3.54,-3.51
1937,IOWA,-1.47,-1.59,-1.95,-2.03,-2.80,-2.72
1938,IOWA,0.99,0.93,1.18,0.89,1.64,0.78
1939,IOWA,-1.40,-1.25,-1.52,-1.12,-2.33,-2.70
1940,IOWA,-4.11,-4.14,-3.58,-2.18,-2.87,-2.82
1941,IOWA,-1.99,-1.15,-1.62,-2.37,1.19,2.70
1942,IOWA,1.36,1.78,2.28,2.00,2.26,1.87
1943,IOWA,1.57,1.92,2.12,2.48,2.11,1.77
1944,IOWA,2.93,3.02,2.88,3.49,2.92,2.16
1945,IOWA,3.41,3.42,2.95,2.47,2.54,1.55
1946,IOWA,1.06,1.66,1.08,1.02,1.54,1.88
1947,IOWA,2.42,4.56,-0.71,-2.02,-2.79,-2.53
1948,IOWA,-1.99,-2.13,-1.74,-2.17,-2.80,-2.82
1949,IOWA,-1.26,-0.89,-0.93,-1.54,-1.47,-1.67
1950,IOWA,0.78,1.28,1.76,-0.19,-0.52,-1.08
1951,IOWA,3.08,3.69,3.85,4.68,4.31,4.59
1952,IOWA,2.86,2.69,2.51,2.78,-0.88,-1.62
1953,IOWA,-0.57,-0.40,-0.49,-1.14,-2.19,-3.21
1954,IOWA,0.57,1.11,0.15,1.35,0.80,1.61
1955,IOWA,-0.95,-1.34,-1.66,-2.70,-3.02,-3.37
1956,IOWA,-6.30,-6.84,-6.18,-5.65,-6.08,-6.41
1957,IOWA,0.44,0.55,0.39,0.33,0.12,0.43
1958,IOWA,-1.64,-1.57,1.60,-0.34,-0.37,-0.95
1959,IOWA,2.22,1.71,1.10,1.15,1.30,1.68
1960,IOWA,3.06,2.78,2.27,2.64,2.44,2.24
1961,IOWA,1.39,0.80,1.53,1.15,2.56,2.85
1962,IOWA,2.68,1.86,2.84,2.88,-0.17,0.27
1963,IOWA,-0.70,-1.59,-0.85,-0.76,-1.15,-2.06
1964,IOWA,0.47,0.62,0.69,0.83,1.28,0.53
1965,IOWA,1.94,1.55,1.37,1.45,3.91,3.20
1966,IOWA,1.82,2.11,-0.19,-0.55,-1.23,-1.50
1967,IOWA,-2.41,1.70,-0.43,-0.69,-0.89,-0.40
1968,IOWA,0.29,0.25,0.62,0.54,1.05,1.61
1969,IOWA,1.70,2.86,3.73,3.07,2.46,2.97
1970,IOWA,-0.16,-0.76,-0.79,-0.73,0.93,1.82
1971,IOWA,-0.90,-1.10,-0.91,-1.79,-2.26,0.18
1972,IOWA,0.91,0.53,1.45,1.70,2.56,3.08
1973,IOWA,5.29,4.24,4.45,3.57,4.49,4.24
1974,IOWA,4.00,3.79,2.75,2.91,2.09,2.07
1975,IOWA,-0.39,-0.01,-1.12,-0.75,-1.13,-2.11
1976,IOWA,-0.14,-0.66,-1.13,-2.10,-2.90,-2.98
1977,IOWA,-5.47,-5.86,-5.68,1.60,1.97,2.85
1978,IOWA,1.98,1.63,2.48,2.22,2.75,2.35
1979,IOWA,2.60,2.17,2.48,3.27,2.40,2.87
1980,IOWA,-1.36,-1.15,-1.63,1.36,-0.02,0.10
1981,IOWA,-1.31,0.30,0.88,1.58,1.38,1.64
1982,IOWA,3.01,2.44,3.29,3.49,3.43,3.76
1983,IOWA,4.76,4.60,3.61,2.30,2.02,2.20
1984,IOWA,3.73,4.14,4.00,2.49,1.62,2.55
1985,IOWA,-1.06,-1.46,-1.75,0.02,0.59,1.02
1986,IOWA,2.16,1.87,2.24,2.36,3.47,4.06
1987,IOWA,-0.87,-1.81,0.31,1.79,1.52,1.04
1988,IOWA,-2.14,-3.39,-4.18,-4.27,-4.26,-4.64
1989,IOWA,-5.34,-5.26,-5.17,-4.97,-4.08,-3.87
1990,IOWA,1.39,2.58,3.59,3.64,2.64,2.29
1991,IOWA,3.21,2.51,1.68,1.20,0.67,0.79
1992,IOWA,-0.88,-1.80,2.06,1.78,2.66,2.41
1993,IOWA,4.42,5.50,7.96,9.16,8.83,7.86
1994,IOWA,2.33,2.66,2.66,2.53,2.37,1.99
1995,IOWA,3.30,-0.37,-0.42,-0.77,-0.90,-1.00
1996,IOWA,1.64,1.67,1.51,1.49,1.28,1.40
1997,IOWA,1.79,-0.13,-0.36,-0.71,-0.93,-0.48
1998,IOWA,1.49,2.83,2.39,2.59,1.68,2.52
1999,IOWA,2.76,2.80,3.10,-0.06,-0.51,-1.10
2000,IOWA,-2.89,0.88,1.11,-0.40,-0.94,-1.27
2001,IOWA,2.27,-0.14,-0.37,-0.78,-0.53,-0.35
2002,IOWA,0.59,-0.59,0.06,0.81,0.07,0.78
2003,IOWA,0.52,0.55,0.77,-1.13,-1.25,-1.86
2004,IOWA,1.57,1.13,1.46,1.93,1.50,1.32
2005,IOWA,-0.19,-0.07,-0.21,-0.51,-0.77,-1.43
2006,IOWA,-1.33,-2.08,-2.39,0.50,0.75,0.56
2007,IOWA,2.38,1.60,1.27,3.31,3.02,4.01
2008,IOWA,4.76,6.03,6.45,5.32,5.11,5.19
2009,IOWA,3.69,3.63,3.98,4.70,3.88,5.67
2010,IOWA,3.54,5.43,6.69,6.52,6.86,5.74
2011,IOWA,4.15,4.37,-0.23,-0.57,-1.16,-1.93
2012,IOWA,-1.60,-2.26,-3.56,-3.95,-4.62,-4.09
2013,IOWA,3.75,3.52,-0.68,-1.65,-2.46,-2.20
2014,IOWA,0.40,2.39,2.27,3.01,3.36,3.69
2015,IOWA,1.98,2.52,3.19,3.78,3.80,3.41
2016,IOWA,3.79,2.85,3.50,4.18,4.89,4.40
2017,IOWA,3.64,2.74,2.07,1.89,1.01,1.99
2018,IOWA,0.80,1.73,1.53,2.48,4.14,5.14
2019,IOWA,6.32,5.41,4.70,4.13,4.47,5.40
2020,IOWA,3.29,2.91,2.26,0.86,,
1895,KANSAS,-1.13,0.51,1.57,2.64,1.91,1.42
1896,KANSAS,1.21,1.27,1.91,1.83,1.91,2.20
1897,KANSAS,-0.49,-0.50,-0.47,-0.19,-0.89,-0.71
1898,KANSAS,1.45,1.64,1.86,1.74,2.05,1.89
1899,KANSAS,0.65,1.14,2.26,-0.07,-0.44,-0.68
1900,KANSAS,0.56,0.48,0.65,0.18,1.15,1.13
1901,KANSAS,-0.69,-1.36,-2.11,-2.34,-2.08,-2.15
1902,KANSAS,0.41,0.99,1.39,2.30,2.67,2.63
1903,KANSAS,4.26,3.73,3.49,4.02,3.43,3.67
1904,KANSAS,2.06,3.02,4.15,4.45,4.19,3.62
1905,KANSAS,2.34,2.11,2.96,2.53,2.85,2.58
1906,KANSAS,1.13,1.05,1.71,2.08,2.36,2.40
1907,KANSAS,1.36,1.71,2.16,2.23,1.81,2.00
1908,KANSAS,1.09,2.42,2.74,3.24,2.55,2.95
1909,KANSAS,1.72,2.29,3.19,2.54,2.41,2.11
1910,KANSAS,-0.90,-1.36,-1.62,-0.95,-0.98,-1.65
1911,KANSAS,-2.48,-3.90,-3.78,-3.40,-3.33,-3.30
1912,KANSAS,0.68,0.87,0.84,1.31,0.04,0.09
1913,KANSAS,-1.64,-2.17,-3.06,-4.53,-3.70,-3.39
1914,KANSAS,-1.84,-2.00,-2.12,-2.07,-2.19,-1.97
1915,KANSAS,2.77,3.68,4.71,5.63,6.11,5.64
1916,KANSAS,3.38,4.00,-0.49,-0.92,-1.10,-1.23
1917,KANSAS,-1.84,-2.37,-3.06,-2.05,-2.13,-2.43
1918,KANSAS,-2.47,-3.48,-3.65,-4.10,0.01,0.62
1919,KANSAS,2.24,2.38,-0.06,-0.61,-0.78,-0.61
1920,KANSAS,-0.94,-1.23,-0.02,0.73,0.78,1.00
1921,KANSAS,-0.98,-0.58,-0.41,-0.34,-0.32,-1.03
1922,KANSAS,1.77,1.14,1.67,-0.55,-1.07,-1.42
1923,KANSAS,0.96,1.73,1.91,1.73,2.19,3.31
1924,KANSAS,-0.22,-0.72,0.30,0.62,0.64,-0.43
1925,KANSAS,-1.98,-2.26,-2.37,-2.18,-1.77,-1.56
1926,KANSAS,-2.53,-2.85,-3.07,-3.25,0.76,1.02
1927,KANSAS,0.92,1.62,1.90,3.72,3.62,3.24
1928,KANSAS,1.91,3.30,3.92,4.01,3.22,3.27
1929,KANSAS,3.98,3.81,3.91,3.27,2.72,3.11
1930,KANSAS,-0.65,-0.54,-0.82,-1.01,-1.03,0.73
1931,KANSAS,-0.05,-0.66,-0.99,-0.79,-1.32,-1.61
1932,KANSAS,-1.10,0.58,-0.06,-0.22,-0.44,-0.78
1933,KANSAS,-2.25,-3.74,-4.24,-3.14,-3.47,-3.77
1934,KANSAS,-5.19,-5.89,-7.05,-7.81,-6.62,-6.52
1935,KANSAS,-3.56,-2.66,-3.20,-3.31,-2.94,-2.49
1936,KANSAS,-2.93,-3.91,-5.10,-6.23,-5.16,-4.67
1937,KANSAS,-4.39,-4.49,-4.56,-5.13,-5.17,-4.97
1938,KANSAS,-2.44,-2.13,-1.90,-2.23,-2.43,-3.28
1939,KANSAS,-3.62,-3.44,-4.27,-4.07,-5.11,-5.50
1940,KANSAS,-3.98,-4.28,-4.85,-4.16,-4.06,-4.42
1941,KANSAS,0.63,1.52,1.69,1.99,2.67,4.38
1942,KANSAS,3.35,3.98,3.60,4.04,4.45,4.62
1943,KANSAS,2.77,2.91,2.81,2.00,1.62,1.30
1944,KANSAS,3.45,2.79,3.22,4.05,3.44,3.02
1945,KANSAS,3.93,4.08,4.20,3.85,4.40,-0.33
1946,KANSAS,-1.26,-1.64,-2.20,-2.34,0.20,1.03
1947,KANSAS,2.76,3.08,0.00,-0.54,-1.39,-2.04
1948,KANSAS,-1.25,0.87,2.04,2.34,1.58,1.03
1949,KANSAS,2.83,3.39,3.69,3.65,3.36,3.30
1950,KANSAS,-1.66,-2.05,1.97,3.55,3.07,2.47
1951,KANSAS,2.86,4.84,5.96,6.40,7.13,6.79
1952,KANSAS,-0.40,-1.67,-2.30,-2.36,-3.24,-3.81
1953,KANSAS,-3.56,-4.49,-4.58,-4.80,-5.24,-5.08
1954,KANSAS,-3.90,-4.39,-5.23,-5.07,-5.55,-4.94
1955,KANSAS,-4.65,-4.37,-5.11,-5.67,-4.93,-4.84
1956,KANSAS,-6.44,-7.21,-7.20,-7.59,-8.20,-7.98
1957,KANSAS,2.05,3.15,2.85,2.19,2.52,2.69
1958,KANSAS,2.50,2.55,4.36,4.33,4.50,3.55
1959,KANSAS,2.03,1.29,1.85,1.74,1.96,3.28
1960,KANSAS,2.82,2.71,2.58,2.78,2.25,2.48
1961,KANSAS,2.36,2.35,2.91,3.33,4.26,4.36
1962,KANSAS,2.39,2.80,3.40,3.29,3.86,-0.23
1963,KANSAS,-2.67,-2.87,-2.85,-3.25,-2.85,-3.28
1964,KANSAS,-3.92,-3.79,-4.45,-4.11,-4.05,-4.36
1965,KANSAS,-0.87,1.46,1.77,2.15,3.42,3.16
1966,KANSAS,-1.72,-1.92,-2.00,-1.66,-1.74,-2.17
1967,KANSAS,-3.47,1.27,1.63,1.28,1.89,1.96
1968,KANSAS,-0.89,-1.17,0.41,1.14,0.59,1.13
1969,KANSAS,2.22,2.59,2.88,3.08,3.00,3.85
1970,KANSAS,-0.38,-0.04,-0.35,-0.95,0.92,1.08
1971,KANSAS,-0.41,-0.59,0.76,-0.54,-0.71,0.51
1972,KANSAS,-0.73,-1.01,0.68,1.30,1.17,1.05
1973,KANSAS,4.69,3.59,4.00,3.34,5.41,5.68
1974,KANSAS,3.64,3.25,2.11,2.42,1.88,2.05
1975,KANSAS,2.02,2.75,-0.33,-0.22,-0.53,-1.28
1976,KANSAS,0.98,-0.46,-0.49,-1.29,-1.18,-0.94
1977,KANSAS,0.51,0.53,0.11,1.53,1.65,-0.06
1978,KANSAS,0.00,-0.13,-0.39,-0.76,-0.98,-1.65
1979,KANSAS,0.97,1.12,2.07,2.04,1.03,1.69
1980,KANSAS,-0.40,-1.05,-2.04,-2.03,-2.79,-2.67
1981,KANSAS,0.87,0.54,0.85,0.73,0.41,0.58
1982,KANSAS,1.80,2.33,2.61,2.49,1.87,1.54
1983,KANSAS,2.99,3.09,-0.53,-1.67,-2.10,0.36
1984,KANSAS,-0.25,0.24,-0.41,-1.21,-1.73,0.94
1985,KANSAS,1.86,1.98,2.15,2.91,3.52,4.08
1986,KANSAS,2.27,2.08,2.35,2.91,3.61,4.36
1987,KANSAS,4.83,4.44,4.32,4.72,-0.13,-0.35
1988,KANSAS,-0.50,-1.28,-1.23,-1.82,-1.82,-2.24
1989,KANSAS,-3.85,0.59,0.44,1.14,1.44,-0.26
1990,KANSAS,1.49,-0.31,0.28,0.38,-0.54,-0.94
1991,KANSAS,-2.26,-2.86,-3.34,-3.49,-3.81,-3.85
1992,KANSAS,-1.01,0.80,2.27,3.02,2.77,2.72
1993,KANSAS,5.67,5.45,7.46,7.80,7.90,7.18
1994,KANSAS,3.82,2.96,3.26,2.74,1.87,1.73
1995,KANSAS,3.86,4.07,4.09,3.88,-0.01,-0.69
1996,KANSAS,0.13,0.00,0.32,1.37,2.07,1.84
1997,KANSAS,2.09,2.20,2.38,3.19,3.02,3.37
1998,KANSAS,2.63,2.02,2.86,2.24,1.88,2.62
1999,KANSAS,4.29,4.60,4.32,4.15,4.10,-0.55
2000,KANSAS,-0.91,-0.60,-0.20,-1.36,-2.18,0.69
2001,KANSAS,1.58,1.57,1.80,-0.23,0.33,-0.37
2002,KANSAS,-2.06,-2.64,-3.37,-3.37,-3.79,-2.18
2003,KANSAS,-1.29,-0.86,-1.46,-1.11,-1.05,-1.42
2004,KANSAS,-1.55,0.50,1.57,1.63,1.23,1.26
2005,KANSAS,1.36,2.06,2.27,3.26,-0.42,-0.06
2006,KANSAS,-2.26,-2.69,-3.15,-2.44,-2.50,-2.19
2007,KANSAS,2.20,2.81,3.01,2.69,2.06,2.14
2008,KANSAS,2.53,2.74,2.92,3.21,3.57,4.68
2009,KANSAS,3.48,3.50,3.81,4.16,4.26,5.06
2010,KANSAS,3.72,3.64,4.07,3.84,3.57,-0.62
2011,KANSAS,-1.39,-1.96,-2.48,-2.60,-2.99,-3.00
2012,KANSAS,-2.04,-2.80,-3.80,-3.90,-3.94,-3.93
2013,KANSAS,-2.63,-2.93,-2.31,-1.29,-1.31,-0.83
2014,KANSAS,-2.73,1.00,0.79,0.69,0.69,0.87
2015,KANSAS,1.87,1.55,2.20,2.26,1.40,1.08
2016,KANSAS,2.66,1.82,2.29,3.00,3.26,2.60
2017,KANSAS,2.59,-0.15,-0.28,0.36,0.08,0.36
2018,KANSAS,-2.67,-3.05,-2.84,0.36,0.38,2.13
2019,KANSAS,5.57,5.39,4.93,6.25,5.27,4.98
2020,KANSAS,3.22,2.45,3.36,2.72,,
1895,MINNESOTA,0.12,0.82,0.88,-0.51,0.00,-0.50
1896,MINNESOTA,3.49,2.91,2.04,1.18,0.92,1.29
1897,MINNESOTA,1.78,2.36,4.29,-0.25,-0.94,-1.08
1898,MINNESOTA,0.14,0.40,0.44,-0.05,-0.61,1.00
1899,MINNESOTA,1.70,2.40,2.23,3.28,2.68,3.22
1900,MINNESOTA,-2.39,-3.78,0.18,1.47,2.98,3.46
1901,MINNESOTA,-1.49,-0.44,-0.51,-1.31,-0.76,-0.62
1902,MINNESOTA,1.01,0.78,1.25,1.75,1.48,1.53
1903,MINNESOTA,3.31,2.06,2.73,3.45,4.74,5.21
1904,MINNESOTA,2.94,2.86,3.08,2.52,2.76,3.42
1905,MINNESOTA,3.02,4.43,4.86,4.65,4.59,4.77
1906,MINNESOTA,3.80,3.93,3.35,3.64,3.45,3.49
1907,MINNESOTA,2.95,2.76,2.64,2.88,3.09,2.66
1908,MINNESOTA,3.50,4.20,3.68,2.82,1.89,1.53
1909,MINNESOTA,1.20,0.69,1.12,1.59,1.60,1.63
1910,MINNESOTA,-2.16,-3.58,-4.46,-4.98,-4.87,-5.43
1911,MINNESOTA,-7.16,-7.11,-6.57,0.37,0.59,1.36
1912,MINNESOTA,-0.10,-1.08,0.41,0.83,1.06,-0.45
1913,MINNESOTA,0.54,-0.56,1.31,0.95,1.22,1.85
1914,MINNESOTA,0.92,2.63,-0.44,0.33,0.48,-0.12
1915,MINNESOTA,0.86,2.64,2.94,2.09,1.96,1.86
1916,MINNESOTA,3.62,4.04,3.07,3.05,2.96,2.57
1917,MINNESOTA,-0.65,-0.95,-1.14,-1.68,-1.88,-1.41
1918,MINNESOTA,-2.29,-3.10,-2.91,-2.50,-2.91,0.11
1919,MINNESOTA,0.81,1.19,1.84,1.82,1.23,1.47
1920,MINNESOTA,2.09,2.82,2.60,-0.75,-0.85,-1.16
1921,MINNESOTA,-1.33,-2.19,-2.17,-2.72,-1.89,-2.47
1922,MINNESOTA,-2.16,-2.60,-2.90,-3.78,-4.23,-4.69
1923,MINNESOTA,-3.07,-2.78,-2.87,-3.14,-3.31,-3.70
1924,MINNESOTA,-5.24,0.27,0.22,1.11,1.82,1.50
1925,MINNESOTA,-1.34,1.44,-0.05,-0.74,-0.16,-0.10
1926,MINNESOTA,-1.66,-1.71,-1.92,-0.04,1.45,1.90
1927,MINNESOTA,2.98,-0.12,-0.21,-0.71,-0.87,-1.09
1928,MINNESOTA,-1.21,0.25,0.69,2.03,2.31,2.67
1929,MINNESOTA,-0.49,-1.38,-2.00,-2.86,-2.07,-1.76
1930,MINNESOTA,-1.58,-1.55,-1.99,-3.46,-3.02,-2.95
1931,MINNESOTA,-3.70,-3.56,-4.06,-4.19,-4.38,-4.13
1932,MINNESOTA,-1.65,-2.30,-2.56,-2.52,-3.27,-3.17
1933,MINNESOTA,-1.76,-3.09,-3.75,-4.62,-4.54,-4.40
1934,MINNESOTA,-7.23,-7.08,-7.51,-7.79,-6.82,-6.11
1935,MINNESOTA,0.33,0.91,0.98,1.54,0.75,0.74
1936,MINNESOTA,-0.60,-1.65,-3.69,-4.24,-4.64,-5.00
1937,MINNESOTA,-2.97,-3.16,-2.83,-2.49,-2.65,-2.80
1938,MINNESOTA,2.50,-0.41,-0.50,-1.22,-1.12,-2.20
1939,MINNESOTA,-2.26,-1.64,-2.20,-1.87,-2.55,-2.46
1940,MINNESOTA,-3.90,-3.83,-3.76,-3.05,-3.85,0.03
1941,MINNESOTA,0.53,0.91,0.18,0.40,1.58,2.15
1942,MINNESOTA,2.54,2.18,2.11,2.83,3.52,3.07
1943,MINNESOTA,2.81,3.39,3.18,3.24,2.64,2.26
1944,MINNESOTA,1.83,3.00,3.37,4.31,3.81,2.80
1945,MINNESOTA,2.96,3.18,3.30,3.22,3.58,2.79
1946,MINNESOTA,1.67,2.45,1.69,0.84,1.71,2.71
1947,MINNESOTA,2.37,3.07,-0.76,-1.00,-0.81,-1.44
1948,MINNESOTA,-1.05,-1.09,-0.88,-1.08,-2.06,-2.71
1949,MINNESOTA,-2.15,-2.05,1.32,-0.86,-1.27,0.54
1950,MINNESOTA,3.18,-0.46,-0.17,-0.82,-0.95,-1.05
1951,MINNESOTA,1.04,1.48,1.43,2.56,3.08,3.45
1952,MINNESOTA,-1.79,0.22,1.27,1.71,-1.12,-1.81
1953,MINNESOTA,1.40,2.32,2.61,3.00,2.34,1.18
1954,MINNESOTA,2.28,-0.17,-0.37,-0.63,-0.34,-0.34
1955,MINNESOTA,-2.40,-2.61,-1.48,-1.71,-1.80,-2.15
1956,MINNESOTA,-1.59,-1.94,-1.38,-0.58,-1.19,-1.58
1957,MINNESOTA,0.31,1.87,2.11,2.25,2.62,2.50
1958,MINNESOTA,-1.83,-1.63,-1.12,-1.34,-1.54,-2.04
1959,MINNESOTA,1.18,0.64,0.24,1.00,0.96,1.39
1960,MINNESOTA,1.45,-0.02,-0.44,-0.10,-0.40,-0.85
1961,MINNESOTA,-1.00,-2.28,-1.94,-2.84,0.79,0.57
1962,MINNESOTA,2.08,1.60,2.93,2.90,3.07,-0.39
1963,MINNESOTA,0.43,0.12,0.76,-0.23,-0.53,-1.60
1964,MINNESOTA,-0.24,-0.15,-0.64,0.82,1.67,0.97
1965,MINNESOTA,3.21,3.00,3.00,2.61,4.65,4.26
1966,MINNESOTA,-0.50,-0.96,-1.06,-0.07,-0.73,-0.51
1967,MINNESOTA,0.47,1.50,-0.62,-1.16,-2.08,-2.28
1968,MINNESOTA,0.65,1.81,2.46,2.04,2.83,4.09
1969,MINNESOTA,-0.71,0.13,0.74,-0.93,-1.13,0.51
1970,MINNESOTA,1.50,-0.46,-0.78,-1.99,-1.94,1.28
1971,MINNESOTA,1.59,1.71,1.77,0.95,0.91,2.82
1972,MINNESOTA,2.52,1.54,3.00,2.87,2.94,3.10
1973,MINNESOTA,2.18,1.27,1.51,1.41,2.17,2.44
1974,MINNESOTA,2.75,-0.36,-0.87,-0.09,-0.85,-1.16
1975,MINNESOTA,1.30,2.17,-0.61,-0.68,-0.86,-1.31
1976,MINNESOTA,-2.14,-2.16,-2.95,-4.25,-5.09,-5.46
1977,MINNESOTA,-6.87,-6.52,-5.99,0.67,1.72,2.26
1978,MINNESOTA,1.94,1.57,2.64,2.92,2.90,2.02
1979,MINNESOTA,3.46,3.45,3.30,3.54,2.50,3.21
1980,MINNESOTA,-2.46,-2.80,-3.59,-2.22,-1.56,-1.47
1981,MINNESOTA,-2.14,0.92,1.16,1.65,1.30,2.29
1982,MINNESOTA,2.35,1.61,2.00,1.56,1.76,2.96
1983,MINNESOTA,2.72,2.99,2.66,2.34,2.39,2.55
1984,MINNESOTA,1.98,3.12,2.32,1.27,0.92,2.47
1985,MINNESOTA,2.64,2.70,2.45,3.17,4.02,4.07
1986,MINNESOTA,3.66,3.50,4.12,4.12,5.48,4.84
1987,MINNESOTA,-1.56,-2.99,-1.93,-2.10,-2.33,-2.71
1988,MINNESOTA,-4.86,-6.22,-7.06,-5.89,-5.09,-5.18
1989,MINNESOTA,-2.99,-2.90,-3.31,-2.87,-2.73,-3.17
1990,MINNESOTA,0.11,1.09,1.24,-0.29,-0.90,-0.51
1991,MINNESOTA,1.46,1.50,2.11,1.35,2.40,2.31
1992,MINNESOTA,1.51,1.35,1.93,2.49,2.54,2.16
1993,MINNESOTA,2.79,3.75,5.24,5.75,5.37,4.75
1994,MINNESOTA,2.64,2.64,3.03,3.01,2.96,3.14
1995,MINNESOTA,2.68,1.21,2.14,2.41,2.40,3.33
1996,MINNESOTA,2.61,2.13,2.11,1.38,1.16,1.78
1997,MINNESOTA,2.28,1.95,2.79,2.46,1.99,2.07
1998,MINNESOTA,1.07,1.81,-0.03,-0.33,-1.18,1.07
1999,MINNESOTA,2.42,2.33,3.30,3.53,3.78,3.35
2000,MINNESOTA,1.25,1.84,1.99,1.85,1.09,0.86
2001,MINNESOTA,3.85,-0.11,-0.13,-0.58,-0.87,-0.80
2002,MINNESOTA,0.04,1.01,1.70,2.75,2.38,3.15
2003,MINNESOTA,0.31,0.72,-0.01,-1.35,-1.35,-1.91
2004,MINNESOTA,1.73,1.13,1.58,1.47,2.62,3.17
2005,MINNESOTA,2.42,2.84,2.11,1.84,2.31,2.67
2006,MINNESOTA,-0.54,-1.36,-2.49,-2.54,-2.28,-2.50
2007,MINNESOTA,-1.90,-2.17,-2.84,0.14,0.54,1.81
2008,MINNESOTA,1.56,1.97,1.67,0.74,0.83,1.54
2009,MINNESOTA,-0.97,-1.18,-1.26,-0.84,-1.83,1.85
2010,MINNESOTA,-1.31,0.61,1.43,1.89,3.97,3.98
2011,MINNESOTA,4.32,4.04,4.23,-0.40,-1.22,-1.95
2012,MINNESOTA,-2.18,-1.92,-2.00,-2.71,-3.77,-3.57
2013,MINNESOTA,2.15,2.61,-0.20,-1.18,-1.59,0.63
2014,MINNESOTA,1.88,3.83,-0.29,-0.12,-0.38,-0.80
2015,MINNESOTA,1.30,1.04,1.34,1.54,1.08,1.00
2016,MINNESOTA,1.57,1.33,2.65,3.51,4.28,4.25
2017,MINNESOTA,3.34,2.83,2.15,3.01,3.13,3.67
2018,MINNESOTA,1.66,2.13,2.43,2.02,2.60,3.69
2019,MINNESOTA,4.79,4.05,4.29,3.90,5.21,6.50
2020,MINNESOTA,3.32,2.68,3.03,2.98,,
1895,MISSOURI,-1.65,0.50,1.98,2.18,1.76,0.88
1896,MISSOURI,2.02,1.69,2.29,2.14,2.29,2.08
1897,MISSOURI,-0.65,-0.17,-0.17,-0.41,-1.61,-2.72
1898,MISSOURI,2.87,2.88,3.55,3.35,4.04,4.46
1899,MISSOURI,2.86,2.32,2.60,-0.17,-0.69,-0.91
1900,MISSOURI,-1.51,0.24,0.66,0.62,0.83,0.91
1901,MISSOURI,-1.44,-2.38,-3.47,-4.19,-4.59,-5.04
1902,MISSOURI,-4.55,0.81,1.13,2.24,2.73,2.42
1903,MISSOURI,2.97,2.54,2.40,2.88,2.93,2.78
1904,MISSOURI,2.51,3.01,3.32,3.87,3.68,-0.59
1905,MISSOURI,-1.14,-1.53,1.81,2.31,3.48,4.12
1906,MISSOURI,1.61,1.62,1.64,2.03,2.15,1.37
1907,MISSOURI,1.83,2.09,2.29,2.33,1.67,1.40
1908,MISSOURI,2.29,2.54,2.42,2.33,-0.50,-0.76
1909,MISSOURI,1.33,1.47,2.35,-0.96,0.21,0.07
1910,MISSOURI,0.78,0.62,1.54,1.40,1.92,0.01
1911,MISSOURI,-1.43,-2.52,-2.67,0.01,0.52,0.43
1912,MISSOURI,-0.45,0.26,0.07,0.33,-0.15,0.00
1913,MISSOURI,-0.89,-1.51,-1.83,-3.12,-2.81,-2.09
1914,MISSOURI,-2.58,-3.42,-4.00,-3.81,0.49,0.81
1915,MISSOURI,0.94,1.65,2.47,4.30,4.61,3.70
1916,MISSOURI,0.23,0.77,-0.88,-1.03,-1.31,-1.79
1917,MISSOURI,-1.55,-1.45,-1.29,-0.66,-0.78,-1.15
1918,MISSOURI,-2.26,-2.55,-2.96,-3.22,-2.55,-2.37
1919,MISSOURI,0.49,0.79,0.31,0.49,0.16,1.49
1920,MISSOURI,0.99,0.21,0.09,0.55,0.74,-0.06
1921,MISSOURI,0.37,0.58,0.09,0.68,1.40,1.06
1922,MISSOURI,-0.64,-1.61,-0.94,-1.47,-1.81,-2.35
1923,MISSOURI,0.29,0.57,0.47,0.47,0.59,0.85
1924,MISSOURI,0.29,1.21,2.03,2.35,2.52,-0.57
1925,MISSOURI,-1.61,0.25,-0.19,-0.29,0.60,1.54
1926,MISSOURI,-1.06,-1.14,-1.27,0.58,2.11,2.78
1927,MISSOURI,4.62,4.69,4.69,5.23,4.82,4.91
1928,MISSOURI,2.04,4.09,3.53,3.92,3.34,3.07
1929,MISSOURI,4.22,4.26,4.05,3.42,2.87,3.40
1930,MISSOURI,-2.04,-2.06,-2.93,-3.58,-3.40,-3.19
1931,MISSOURI,-2.74,-3.18,-3.13,0.48,0.21,0.02
1932,MISSOURI,-2.10,-0.03,-0.07,0.49,-0.45,-0.30
1933,MISSOURI,1.42,-1.17,-1.76,-1.64,-1.63,-1.68
1934,MISSOURI,-4.52,-4.99,-6.14,-6.16,1.03,0.58
1935,MISSOURI,2.53,3.94,-0.12,-0.65,-0.71,-0.58
1936,MISSOURI,-2.62,-3.50,-4.66,-6.04,1.00,1.05
1937,MISSOURI,-0.77,-0.59,-0.25,-0.81,-1.33,-1.57
1938,MISSOURI,1.25,1.26,1.19,-0.48,-1.20,-2.15
1939,MISSOURI,0.60,0.91,0.65,1.04,-1.13,-1.75
1940,MISSOURI,-2.62,-2.35,-2.75,-1.72,-2.52,-3.12
1941,MISSOURI,-3.28,-3.09,-3.12,-3.22,0.51,2.87
1942,MISSOURI,1.54,2.48,2.03,2.16,2.17,1.97
1943,MISSOURI,2.51,2.83,-0.30,-0.76,-0.71,-0.63
1944,MISSOURI,-0.25,-0.90,-1.21,1.01,-0.26,-0.86
1945,MISSOURI,3.50,4.54,3.83,2.90,4.27,3.79
1946,MISSOURI,0.81,-0.49,-0.81,-0.03,-0.42,-0.65
1947,MISSOURI,1.23,2.43,-0.23,-1.11,-1.21,-1.32
1948,MISSOURI,-1.37,1.00,1.73,-0.22,-0.69,-0.86
1949,MISSOURI,0.71,1.31,1.68,1.62,2.07,2.92
1950,MISSOURI,2.67,2.40,2.81,4.05,3.52,2.43
1951,MISSOURI,1.20,2.62,3.35,3.96,4.49,4.57
1952,MISSOURI,-0.57,-1.57,-1.74,-1.13,-1.85,-2.63
1953,MISSOURI,-2.27,-3.11,-3.77,-4.56,-5.29,-5.58
1954,MISSOURI,-6.90,-6.70,-7.13,-6.39,-6.57,-5.35
1955,MISSOURI,-3.41,-2.79,-2.70,-2.78,-2.86,-2.55
1956,MISSOURI,-3.92,-3.90,-2.75,-2.57,-3.25,-3.88
1957,MISSOURI,2.28,2.72,2.45,1.75,1.37,1.39
1958,MISSOURI,0.97,1.27,3.89,3.37,3.47,-0.52
1959,MISSOURI,-0.77,-1.37,0.18,-0.27,0.30,0.90
1960,MISSOURI,0.62,0.44,0.63,-0.15,-0.97,-0.80
1961,MISSOURI,2.18,1.71,2.63,2.37,3.28,3.03
1962,MISSOURI,-1.25,-1.30,-1.34,-1.78,-1.08,-0.89
1963,MISSOURI,-2.23,-2.48,-2.10,-1.98,-2.54,-3.59
1964,MISSOURI,-3.45,-2.88,-2.76,-2.28,-2.01,-2.71
1965,MISSOURI,-0.75,0.34,0.92,1.50,2.98,-0.38
1966,MISSOURI,-0.37,-0.57,-0.84,-0.52,-0.55,-0.93
1967,MISSOURI,0.47,1.20,1.37,0.83,0.92,2.09
1968,MISSOURI,1.35,0.71,1.03,1.11,1.19,0.91
1969,MISSOURI,1.33,1.85,2.42,1.97,2.13,3.19
1970,MISSOURI,1.41,1.72,0.83,1.23,2.55,3.11
1971,MISSOURI,-1.45,-1.90,-1.49,-1.82,-1.90,-2.26
1972,MISSOURI,-1.94,-2.52,0.22,-0.23,0.20,0.39
1973,MISSOURI,4.75,4.10,4.21,3.32,3.80,3.90
1974,MISSOURI,3.47,3.11,2.15,2.73,2.70,2.36
1975,MISSOURI,-0.37,-0.44,-0.95,0.37,0.77,-0.58
1976,MISSOURI,-0.91,-1.04,-1.10,-1.56,-2.18,-1.72
1977,MISSOURI,-3.35,0.31,-0.29,0.72,1.60,2.06
1978,MISSOURI,1.64,1.07,1.44,1.56,-0.39,-0.80
1979,MISSOURI,1.52,1.23,1.85,1.88,-0.56,-0.64
1980,MISSOURI,-1.64,-2.14,-3.03,-3.29,-3.57,-3.26
1981,MISSOURI,1.19,2.03,3.32,3.25,2.55,2.89
1982,MISSOURI,1.97,2.18,2.00,3.54,3.24,3.03
1983,MISSOURI,4.08,-0.27,-0.93,-2.08,-2.60,0.53
1984,MISSOURI,-0.06,-0.27,-0.40,-1.22,0.33,1.60
1985,MISSOURI,2.56,3.16,2.62,3.41,3.05,3.20
1986,MISSOURI,1.78,1.14,1.07,0.96,2.15,3.20
1987,MISSOURI,-1.44,-1.78,0.34,0.61,-0.36,-0.59
1988,MISSOURI,-1.38,-2.36,-2.27,-2.39,-2.18,-2.40
1989,MISSOURI,-0.98,0.08,0.38,1.01,0.97,-0.36
1990,MISSOURI,3.01,2.79,2.79,2.43,1.64,1.62
1991,MISSOURI,-0.39,-1.16,-1.26,-1.77,-1.76,0.19
1992,MISSOURI,-1.19,-1.44,1.33,1.15,1.54,0.98
1993,MISSOURI,2.67,3.03,4.77,4.76,7.07,6.46
1994,MISSOURI,4.38,3.58,3.07,2.79,2.11,1.74
1995,MISSOURI,3.44,3.44,3.35,-0.03,-0.35,-0.87
1996,MISSOURI,1.03,0.77,1.32,1.12,1.78,1.73
1997,MISSOURI,2.48,2.15,1.54,1.58,1.18,1.05
1998,MISSOURI,1.16,1.86,2.83,2.35,2.31,2.98
1999,MISSOURI,2.52,2.38,-0.60,-1.15,-1.51,-2.13
2000,MISSOURI,-3.86,0.84,1.11,-0.27,-0.59,-0.86
2001,MISSOURI,0.21,0.70,1.18,1.00,0.91,1.30
2002,MISSOURI,3.00,-0.55,-0.77,-0.80,-1.52,-1.28
2003,MISSOURI,0.14,0.37,-0.30,-0.32,0.53,0.22
2004,MISSOURI,0.92,0.61,1.50,2.35,1.55,1.98
2005,MISSOURI,-1.54,-1.71,-1.88,-1.20,-1.24,-1.73
2006,MISSOURI,-2.71,-2.88,-2.67,-2.25,-2.26,0.20
2007,MISSOURI,-0.42,-0.19,-0.45,-0.77,-1.13,-1.00
2008,MISSOURI,3.71,4.10,4.85,4.33,5.47,5.01
2009,MISSOURI,3.53,3.51,3.77,4.19,4.08,6.47
2010,MISSOURI,3.92,3.43,4.28,3.59,4.52,3.44
2011,MISSOURI,3.83,-0.24,-0.81,-0.89,-1.21,-1.98
2012,MISSOURI,-2.03,-2.82,-3.90,-4.31,-3.76,-3.44
2013,MISSOURI,2.60,2.33,2.11,2.18,-0.46,-0.28
2014,MISSOURI,-0.56,0.47,0.37,0.69,0.76,1.80
2015,MISSOURI,1.46,2.17,3.67,3.80,3.06,2.23
2016,MISSOURI,2.58,1.51,2.28,3.18,3.11,-0.34
2017,MISSOURI,2.34,2.04,1.83,2.36,-0.88,-0.75
2018,MISSOURI,-1.39,-1.70,-2.07,0.55,0.20,0.60
2019,MISSOURI,3.80,3.84,3.90,4.66,4.07,4.52
2020,MISSOURI,4.55,3.71,4.08,3.58,,
1895,NEBRASKA,0.80,1.69,1.59,1.99,-0.33,-0.75
1896,NEBRASKA,1.66,1.82,2.74,2.54,2.68,2.97
1897,NEBRASKA,3.04,2.78,2.56,2.58,1.52,2.39
1898,NEBRASKA,2.31,-0.12,0.20,-0.14,-0.01,-0.06
1899,NEBRASKA,0.01,0.02,0.07,0.14,-1.00,-1.17
1900,NEBRASKA,-1.40,-2.27,-1.50,-1.20,-1.01,-0.78
1901,NEBRASKA,-1.91,-1.37,-2.42,-2.74,-1.34,-0.91
1902,NEBRASKA,-2.07,0.60,1.92,2.56,3.36,3.47
1903,NEBRASKA,4.33,3.55,4.90,6.27,5.65,5.22
1904,NEBRASKA,2.28,2.76,3.73,4.02,3.79,4.29
1905,NEBRASKA,5.05,5.37,6.41,6.48,6.81,6.48
1906,NEBRASKA,5.63,4.80,4.58,5.07,5.24,5.92
1907,NEBRASKA,3.61,3.66,4.60,4.50,4.42,3.59
1908,NEBRASKA,1.44,2.75,3.79,4.78,3.78,4.63
1909,NEBRASKA,3.63,3.62,4.27,4.11,4.31,3.89
1910,NEBRASKA,-1.73,-2.04,-2.42,-1.21,-1.12,-1.59
1911,NEBRASKA,-2.68,-3.98,-4.12,0.31,-0.35,1.38
1912,NEBRASKA,1.56,0.95,1.35,1.90,2.26,2.32
1913,NEBRASKA,0.88,-0.53,-0.55,-1.34,-1.25,-1.44
1914,NEBRASKA,-0.71,-0.50,-1.09,-0.99,-1.10,-0.99
1915,NEBRASKA,3.24,4.38,6.31,7.43,8.26,7.78
1916,NEBRASKA,5.04,4.73,4.21,4.44,3.75,3.36
1917,NEBRASKA,3.37,0.03,-0.40,0.06,0.39,-0.31
1918,NEBRASKA,-1.10,-2.19,-1.95,-2.09,-1.98,0.65
1919,NEBRASKA,1.64,2.05,2.13,1.40,1.42,1.91
1920,NEBRASKA,4.47,4.03,4.00,4.66,3.77,3.83
1921,NEBRASKA,-0.47,-1.20,-0.64,-0.54,-0.57,-0.69
1922,NEBRASKA,-1.36,-2.08,-1.13,-1.70,-2.57,-2.93
1923,NEBRASKA,1.22,1.80,2.17,3.74,4.41,4.72
1924,NEBRASKA,2.74,2.92,3.46,3.28,3.31,2.73
1925,NEBRASKA,-1.35,-1.02,-1.36,0.42,0.02,0.74
1926,NEBRASKA,-2.26,-2.58,-2.63,0.31,0.89,0.58
1927,NEBRASKA,2.60,2.68,2.56,3.22,3.05,-0.46
1928,NEBRASKA,-2.02,0.71,1.42,-0.59,-1.01,0.89
1929,NEBRASKA,1.15,0.93,1.14,-0.55,0.65,1.69
1930,NEBRASKA,1.78,1.66,1.12,1.76,1.28,2.24
1931,NEBRASKA,-0.70,-1.47,-2.05,-2.22,-2.40,-2.48
1932,NEBRASKA,-0.74,-0.49,-0.56,-0.32,-0.73,-0.57
1933,NEBRASKA,-1.16,-2.89,-3.16,-2.17,-2.14,-2.81
1934,NEBRASKA,-5.85,-6.38,-7.91,-8.31,-7.21,-7.13
1935,NEBRASKA,-2.86,-2.24,-2.62,-2.56,-2.66,-2.67
1936,NEBRASKA,-2.49,-3.47,-5.35,-6.27,-6.30,-6.28
1937,NEBRASKA,-5.49,-5.42,-5.76,-6.37,-6.39,-5.64
1938,NEBRASKA,-3.59,-3.83,-3.49,-3.90,-3.28,-4.05
1939,NEBRASKA,-4.21,-4.10,-4.92,-5.04,-5.92,-5.80
1940,NEBRASKA,-5.27,-5.54,-6.39,-6.52,-6.84,-6.41
1941,NEBRASKA,-3.56,-2.74,-2.65,-3.15,1.03,1.53
1942,NEBRASKA,2.50,3.17,2.72,2.55,3.46,-0.08
1943,NEBRASKA,-1.28,-0.84,-0.80,-1.42,-2.00,-1.84
1944,NEBRASKA,2.33,2.73,3.56,4.19,3.36,2.76
1945,NEBRASKA,2.87,3.72,3.92,4.17,4.31,-0.61
1946,NEBRASKA,-1.10,-1.33,-1.74,-1.82,0.90,2.82
1947,NEBRASKA,2.98,5.28,-0.02,-0.86,-1.20,-1.51
1948,NEBRASKA,-1.91,0.40,0.49,0.46,-0.43,-0.59
1949,NEBRASKA,2.42,2.81,2.85,3.03,3.00,3.12
1950,NEBRASKA,1.44,0.67,2.17,3.10,3.18,2.73
1951,NEBRASKA,3.23,4.45,5.26,6.49,7.13,7.05
1952,NEBRASKA,6.06,-0.74,-0.75,-0.27,-1.18,-1.72
1953,NEBRASKA,-0.32,-0.67,-0.68,-1.06,-1.91,-2.14
1954,NEBRASKA,-2.12,-2.08,-3.19,-2.27,-2.69,-2.16
1955,NEBRASKA,-4.45,-3.93,-5.12,-6.12,-5.56,-5.78
1956,NEBRASKA,-6.22,-6.62,-6.79,-6.61,-7.11,-6.96
1957,NEBRASKA,1.22,1.79,2.00,2.21,2.33,2.85
1958,NEBRASKA,2.76,2.38,4.62,4.42,4.00,2.92
1959,NEBRASKA,2.50,2.15,1.92,1.83,1.93,2.56
1960,NEBRASKA,3.54,3.65,3.37,3.51,-0.26,-0.53
1961,NEBRASKA,0.96,0.46,0.63,0.43,1.28,1.06
1962,NEBRASKA,0.67,1.94,3.75,4.00,3.75,3.52
1963,NEBRASKA,-1.01,-1.04,-1.01,0.38,1.06,-0.75
1964,NEBRASKA,-1.97,-1.45,-1.77,-1.58,-1.53,-2.16
1965,NEBRASKA,0.36,1.32,2.02,1.99,4.35,4.04
1966,NEBRASKA,1.25,1.48,1.61,2.25,2.25,-0.22
1967,NEBRASKA,0.03,2.34,2.46,-0.15,-0.08,-0.14
1968,NEBRASKA,-1.37,-1.60,-1.65,1.00,0.65,1.31
1969,NEBRASKA,-0.91,0.16,0.72,0.57,0.00,1.59
1970,NEBRASKA,-0.58,-0.73,-1.11,-1.82,0.36,0.89
1971,NEBRASKA,1.67,1.37,1.72,0.98,0.84,1.37
1972,NEBRASKA,0.51,0.23,1.20,1.05,0.93,0.94
1973,NEBRASKA,4.11,2.87,3.47,2.51,5.01,5.07
1974,NEBRASKA,-0.12,-0.29,-1.09,-0.80,-1.42,-1.48
1975,NEBRASKA,-1.66,-0.67,-0.87,-1.45,-1.94,-2.53
1976,NEBRASKA,-0.83,-1.65,-1.75,-2.49,-2.38,-2.41
1977,NEBRASKA,1.63,0.98,1.00,2.41,2.26,2.19
1978,NEBRASKA,2.58,1.57,2.38,2.53,1.84,1.25
1979,NEBRASKA,2.15,2.31,3.13,3.42,2.70,3.31
1980,NEBRASKA,-0.45,-1.00,-1.74,-1.07,-1.93,-1.70
1981,NEBRASKA,-3.32,-3.93,0.54,1.03,0.25,0.23
1982,NEBRASKA,1.39,1.65,1.98,2.64,2.48,3.32
1983,NEBRASKA,5.54,6.19,5.75,4.67,3.81,3.33
1984,NEBRASKA,5.18,5.29,5.16,4.20,3.19,4.08
1985,NEBRASKA,1.79,1.15,1.25,1.27,2.23,2.32
1986,NEBRASKA,1.97,1.95,2.24,2.48,3.34,4.16
1987,NEBRASKA,4.34,3.61,3.41,3.78,3.45,2.85
1988,NEBRASKA,-0.40,-1.39,-1.22,-1.32,-0.71,-1.35
1989,NEBRASKA,-4.11,-4.04,-4.50,-4.34,-3.40,-3.61
1990,NEBRASKA,-3.21,-3.37,-3.06,-2.89,-3.56,-3.27
1991,NEBRASKA,-2.47,-2.52,-2.93,-3.51,-3.58,0.09
1992,NEBRASKA,-1.56,0.28,1.84,2.96,2.64,2.84
1993,NEBRASKA,3.75,4.57,7.38,8.12,8.23,8.06
1994,NEBRASKA,3.97,3.58,4.63,4.26,3.68,3.94
1995,NEBRASKA,5.76,5.19,4.81,4.10,4.07,4.13
1996,NEBRASKA,2.15,1.65,1.97,2.81,3.69,3.24
1997,NEBRASKA,2.27,1.97,2.08,2.26,2.37,3.32
1998,NEBRASKA,2.33,2.99,3.88,4.11,3.07,3.87
1999,NEBRASKA,3.73,4.45,4.25,4.49,0.03,-0.67
2000,NEBRASKA,-2.02,-2.40,-2.23,-3.23,-3.47,0.53
2001,NEBRASKA,1.68,-0.63,0.58,0.35,0.69,0.51
2002,NEBRASKA,-2.09,-3.53,-4.87,-4.31,-4.53,-2.99
2003,NEBRASKA,-2.64,-2.02,-2.69,-3.51,-3.14,-3.42
2004,NEBRASKA,-3.08,-3.15,-2.39,-2.78,0.56,0.35
2005,NEBRASKA,0.29,1.03,-0.35,-0.01,-0.79,-0.63
2006,NEBRASKA,-2.96,-3.42,-4.28,0.31,1.11,1.05
2007,NEBRASKA,2.82,2.27,2.13,2.92,2.48,3.34
2008,NEBRASKA,3.41,3.56,3.86,3.70,3.87,5.67
2009,NEBRASKA,3.86,4.64,4.94,5.78,5.24,6.80
2010,NEBRASKA,5.48,6.92,7.40,7.38,6.82,5.90
2011,NEBRASKA,4.80,4.68,5.10,5.52,-0.41,0.44
2012,NEBRASKA,-2.01,-3.28,-4.77,-5.70,-6.34,-5.95
2013,NEBRASKA,-3.29,-3.60,-3.71,-3.29,-3.13,-1.76
2014,NEBRASKA,-2.30,1.66,1.28,2.60,2.76,2.53
2015,NEBRASKA,2.05,2.51,3.08,3.49,3.44,3.18
2016,NEBRASKA,5.36,4.03,4.15,3.91,3.55,2.94
2017,NEBRASKA,2.18,0.89,0.57,1.64,1.78,2.72
2018,NEBRASKA,1.45,1.97,3.08,3.22,3.37,4.12
2019,NEBRASKA,7.04,6.58,7.13,8.50,8.09,7.90
2020,NEBRASKA,5.64,4.39,4.66,3.23,,
1895,NORTH DAKOTA,1.73,2.79,3.56,3.33,2.56,1.89
1896,NORTH DAKOTA,5.82,5.92,5.74,4.87,4.84,4.35
1897,NORTH DAKOTA,4.77,4.79,5.65,-0.06,-1.21,-1.46
1898,NORTH DAKOTA,-1.46,-1.37,-1.26,-1.60,-1.87,1.45
1899,NORTH DAKOTA,1.34,1.75,1.81,2.36,-0.60,-0.23
1900,NORTH DAKOTA,-2.72,-4.41,-4.52,1.34,3.02,3.15
1901,NORTH DAKOTA,-2.59,1.78,2.56,1.97,2.32,1.98
1902,NORTH DAKOTA,3.32,4.03,4.14,4.26,3.35,3.14
1903,NORTH DAKOTA,2.00,0.87,0.72,2.59,3.51,3.13
1904,NORTH DAKOTA,2.66,4.25,4.48,4.56,4.15,3.50
1905,NORTH DAKOTA,1.64,2.63,3.91,4.08,3.75,3.15
1906,NORTH DAKOTA,3.52,4.29,4.07,4.17,3.35,2.60
1907,NORTH DAKOTA,3.25,2.92,3.68,3.63,3.39,2.83
1908,NORTH DAKOTA,2.06,2.26,1.93,2.09,1.41,1.91
1909,NORTH DAKOTA,1.94,1.85,2.40,2.56,-0.56,-0.72
1910,NORTH DAKOTA,-1.59,-2.80,-3.64,-3.76,-3.05,-3.40
1911,NORTH DAKOTA,-2.19,-2.56,-3.09,0.88,1.30,1.40
1912,NORTH DAKOTA,1.76,1.10,2.04,2.89,3.83,3.76
1913,NORTH DAKOTA,-0.97,-1.65,-1.65,0.12,-0.12,0.74
1914,NORTH DAKOTA,0.10,2.05,1.95,2.21,-0.41,-0.62
1915,NORTH DAKOTA,0.70,2.12,3.06,2.60,3.21,2.98
1916,NORTH DAKOTA,4.29,4.93,5.67,6.31,5.94,5.43
1917,NORTH DAKOTA,-0.76,-1.08,-1.45,-2.20,-2.37,-1.89
1918,NORTH DAKOTA,-1.58,-2.57,-2.36,-1.24,-1.83,-2.16
1919,NORTH DAKOTA,1.10,-0.92,-1.59,-2.10,-2.63,0.61
1920,NORTH DAKOTA,1.56,1.79,1.81,-0.27,-0.02,-0.69
1921,NORTH DAKOTA,0.51,0.16,0.31,0.08,1.25,0.87
1922,NORTH DAKOTA,1.52,1.55,1.51,-0.60,-0.45,-0.89
1923,NORTH DAKOTA,1.96,2.14,2.64,2.58,2.99,2.65
1924,NORTH DAKOTA,1.08,2.00,1.88,1.88,2.29,2.97
1925,NORTH DAKOTA,-1.15,1.49,-0.48,-1.20,0.69,1.02
1926,NORTH DAKOTA,-2.10,-2.51,-3.01,0.02,0.80,1.15
1927,NORTH DAKOTA,3.93,3.70,4.52,5.57,4.88,4.73
1928,NORTH DAKOTA,1.83,3.03,4.87,5.99,5.38,4.58
1929,NORTH DAKOTA,4.22,-0.76,-1.31,-2.32,0.25,0.77
1930,NORTH DAKOTA,-0.19,-0.34,-1.58,-2.31,-2.50,-1.47
1931,NORTH DAKOTA,-2.15,-3.18,-3.04,-2.81,-2.40,-2.08
1932,NORTH DAKOTA,-1.42,-1.29,-1.74,-2.02,-2.57,1.40
1933,NORTH DAKOTA,1.50,-1.33,-1.76,-2.83,-3.44,-3.39
1934,NORTH DAKOTA,-5.53,-5.71,-6.86,-7.29,-7.00,-6.60
1935,NORTH DAKOTA,-3.06,-2.72,-1.32,-0.93,-1.69,-2.19
1936,NORTH DAKOTA,-2.31,-3.86,-6.07,-6.57,-6.60,-6.57
1937,NORTH DAKOTA,-4.25,-3.47,-3.18,-3.87,-3.76,-3.60
1938,NORTH DAKOTA,-2.14,-2.47,-1.91,-2.49,-3.33,-3.81
1939,NORTH DAKOTA,-3.60,-2.45,-3.14,-3.15,-3.72,-3.42
1940,NORTH DAKOTA,-2.39,-2.99,-2.21,-2.17,-2.71,-2.35
1941,NORTH DAKOTA,0.48,1.65,1.08,1.45,3.66,3.90
1942,NORTH DAKOTA,4.18,4.34,4.88,5.74,5.63,4.69
1943,NORTH DAKOTA,3.63,4.88,5.29,5.73,4.64,3.86
1944,NORTH DAKOTA,1.10,2.96,2.66,4.32,4.02,2.77
1945,NORTH DAKOTA,3.28,3.04,3.17,2.85,3.15,-0.52
1946,NORTH DAKOTA,-1.13,-1.27,-1.57,-1.83,0.74,1.91
1947,NORTH DAKOTA,0.66,2.34,2.16,2.43,2.21,2.02
1948,NORTH DAKOTA,1.95,1.76,2.87,2.64,1.17,0.94
1949,NORTH DAKOTA,-0.96,-1.50,-0.79,-1.75,-2.36,1.34
1950,NORTH DAKOTA,3.89,3.92,4.08,3.86,4.23,3.49
1951,NORTH DAKOTA,1.41,1.27,0.83,2.36,2.40,2.34
1952,NORTH DAKOTA,-2.56,-2.84,-2.69,-2.49,-3.28,-3.69
1953,NORTH DAKOTA,2.39,3.85,3.76,3.56,2.75,2.18
1954,NORTH DAKOTA,1.28,2.33,2.14,2.58,3.52,-0.12
1955,NORTH DAKOTA,-1.34,-1.30,-1.11,-1.64,-1.55,-2.03
1956,NORTH DAKOTA,-0.10,-0.56,0.46,0.96,-0.60,-0.99
1957,NORTH DAKOTA,0.08,0.51,0.54,1.16,1.52,1.88
1958,NORTH DAKOTA,-2.04,-1.81,-1.20,-2.08,-2.71,-2.85
1959,NORTH DAKOTA,-2.28,-2.72,-3.69,-3.90,-2.79,-1.64
1960,NORTH DAKOTA,-0.72,-0.91,-1.79,-0.91,-1.84,-2.25
1961,NORTH DAKOTA,-2.22,-3.86,-4.18,-5.40,1.54,-0.10
1962,NORTH DAKOTA,2.20,2.04,3.71,4.11,3.78,3.17
1963,NORTH DAKOTA,1.80,2.03,2.42,2.36,-0.60,-1.60
1964,NORTH DAKOTA,-2.06,1.69,1.47,1.99,1.90,-0.72
1965,NORTH DAKOTA,1.91,1.76,2.94,3.23,4.87,4.14
1966,NORTH DAKOTA,3.23,3.40,3.97,4.85,3.80,3.21
1967,NORTH DAKOTA,-0.06,-0.36,-1.01,-1.91,-1.95,-1.43
1968,NORTH DAKOTA,0.32,0.84,0.53,1.99,2.07,1.48
1969,NORTH DAKOTA,1.05,1.86,2.79,-0.65,-1.05,-0.70
1970,NORTH DAKOTA,2.50,2.13,2.77,1.77,1.94,1.66
1971,NORTH DAKOTA,1.05,1.86,1.75,0.63,1.31,3.16
1972,NORTH DAKOTA,3.65,2.86,3.04,3.37,3.11,3.15
1973,NORTH DAKOTA,-0.89,-1.23,-1.79,-2.36,1.59,1.81
1974,NORTH DAKOTA,3.31,-1.02,-1.14,-0.49,-1.16,-1.35
1975,NORTH DAKOTA,2.88,4.45,4.30,4.27,4.18,3.81
1976,NORTH DAKOTA,-0.83,-0.66,-1.66,-2.49,-3.21,-3.35
1977,NORTH DAKOTA,-4.04,-4.42,-4.37,0.06,1.99,2.08
1978,NORTH DAKOTA,2.80,2.73,3.04,2.77,2.88,1.98
1979,NORTH DAKOTA,3.14,2.48,2.88,-0.14,-0.79,-1.14
1980,NORTH DAKOTA,-4.28,-4.67,-5.38,1.61,1.72,2.49
1981,NORTH DAKOTA,-2.60,-2.11,-2.01,-1.82,-1.53,-1.26
1982,NORTH DAKOTA,1.10,1.23,1.40,1.14,0.89,3.75
1983,NORTH DAKOTA,3.57,3.38,3.63,3.10,2.93,2.69
1984,NORTH DAKOTA,-0.89,-0.50,-1.36,-2.18,-2.17,-0.75
1985,NORTH DAKOTA,-0.83,-1.14,-2.17,1.01,1.02,1.52
1986,NORTH DAKOTA,2.34,1.68,3.25,3.08,4.47,3.98
1987,NORTH DAKOTA,-0.79,-1.95,1.38,1.67,-0.55,-1.09
1988,NORTH DAKOTA,-3.65,-5.54,-6.64,-7.07,-6.56,-6.55
1989,NORTH DAKOTA,-3.04,-3.69,-4.52,-4.10,-4.16,-4.22
1990,NORTH DAKOTA,-3.91,-3.02,-3.20,-3.57,-3.86,-3.96
1991,NORTH DAKOTA,-3.07,-2.58,-2.84,-3.22,-2.28,-1.44
1992,NORTH DAKOTA,-2.24,-2.46,-2.15,-1.94,-1.89,-2.32
1993,NORTH DAKOTA,0.24,1.63,5.84,6.76,5.95,5.06
1994,NORTH DAKOTA,4.07,4.17,4.66,4.23,4.12,6.22
1995,NORTH DAKOTA,6.49,5.38,6.80,6.76,5.97,6.04
1996,NORTH DAKOTA,4.92,4.30,4.86,4.01,4.41,4.20
1997,NORTH DAKOTA,4.15,3.18,4.32,3.68,2.86,3.05
1998,NORTH DAKOTA,-1.14,-0.39,-0.66,-0.16,-0.90,2.26
1999,NORTH DAKOTA,4.83,4.64,5.22,6.14,6.52,5.50
2000,NORTH DAKOTA,2.46,2.94,3.34,3.45,3.00,3.09
2001,NORTH DAKOTA,2.45,2.88,4.38,-0.51,-0.85,-0.73
2002,NORTH DAKOTA,-2.09,-2.27,-2.20,-1.46,-1.92,-1.40
2003,NORTH DAKOTA,1.13,1.05,-0.56,-1.58,-1.38,-1.85
2004,NORTH DAKOTA,1.32,0.90,1.06,1.22,1.74,2.20
2005,NORTH DAKOTA,0.84,2.99,3.17,3.38,2.48,2.60
2006,NORTH DAKOTA,-0.61,-1.85,-3.16,-2.98,-2.41,-2.02
2007,NORTH DAKOTA,2.25,2.38,-0.12,-0.13,-0.43,-0.60
2008,NORTH DAKOTA,-2.58,-2.04,-2.41,-2.47,0.65,1.70
2009,NORTH DAKOTA,4.41,4.28,4.49,4.43,4.02,5.36
2010,NORTH DAKOTA,5.66,5.75,6.28,6.41,7.82,7.33
2011,NORTH DAKOTA,8.42,8.44,9.38,9.49,8.70,-0.02
2012,NORTH DAKOTA,-1.15,-1.83,-2.43,-2.90,-3.85,0.85
2013,NORTH DAKOTA,3.33,3.70,4.07,3.76,4.14,5.97
2014,NORTH DAKOTA,5.01,5.90,5.67,7.38,0.04,-0.35
2015,NORTH DAKOTA,1.22,1.28,1.39,-0.34,-0.59,-0.52
2016,NORTH DAKOTA,-0.83,-1.57,0.96,1.02,1.87,1.74
2017,NORTH DAKOTA,-1.47,-2.39,-3.61,-2.96,-2.23,-2.77
2018,NORTH DAKOTA,-2.78,-2.33,-2.16,-2.64,0.01,0.53
2019,NORTH DAKOTA,1.19,0.93,1.51,2.10,5.10,6.35
2020,NORTH DAKOTA,4.47,3.59,4.32,4.05,,
1895,OHIO,-2.45,-3.07,-3.70,-4.10,-4.72,-4.95
1896,OHIO,-3.65,0.16,2.45,2.69,3.54,3.41
1897,OHIO,3.06,2.54,2.65,-0.26,-1.34,-2.44
1898,OHIO,2.37,1.73,1.28,1.45,0.97,1.47
1899,OHIO,-1.18,-1.40,-1.21,-2.11,-2.03,-2.27
1900,OHIO,-2.91,-2.96,-2.45,-2.35,-3.05,-3.47
1901,OHIO,-2.21,-1.77,-2.33,-2.34,-2.26,-2.92
1902,OHIO,-3.53,1.62,1.71,0.87,1.61,1.45
1903,OHIO,-0.67,-0.34,-0.38,-0.71,-1.50,-1.40
1904,OHIO,-0.14,-0.43,-0.19,-0.36,-0.81,-1.16
1905,OHIO,0.70,1.02,0.97,1.38,1.57,2.33
1906,OHIO,-1.52,-1.71,0.45,0.90,0.66,0.85
1907,OHIO,2.00,2.32,3.16,2.72,3.03,3.27
1908,OHIO,3.55,-0.60,-0.48,-0.96,-2.23,-2.86
1909,OHIO,1.78,2.44,2.30,2.29,1.59,1.66
1910,OHIO,-1.61,-1.71,-1.84,-2.60,0.45,0.83
1911,OHIO,-1.24,-1.29,-2.13,0.57,1.16,2.21
1912,OHIO,2.22,1.81,2.42,2.80,2.56,2.37
1913,OHIO,-0.20,-1.01,-0.48,-1.02,-1.27,-0.89
1914,OHIO,-0.56,-0.96,-1.77,-1.03,-1.64,-1.33
1915,OHIO,-0.02,0.38,1.64,2.39,2.98,3.06
1916,OHIO,3.03,3.59,-1.20,-1.44,-1.54,-1.62
1917,OHIO,0.91,1.52,1.55,1.24,0.81,2.26
1918,OHIO,-0.59,-0.97,-1.41,-1.67,0.60,0.60
1919,OHIO,0.61,-0.68,-0.91,-0.23,-0.77,1.53
1920,OHIO,1.51,1.82,2.19,2.73,2.40,1.93
1921,OHIO,-0.41,-1.02,-1.75,0.23,0.57,0.32
1922,OHIO,1.96,-0.42,-0.51,-0.54,-0.72,-1.10
1923,OHIO,-0.19,-0.49,-0.56,0.56,0.64,0.37
1924,OHIO,1.70,2.73,2.20,1.49,2.46,-0.91
1925,OHIO,-2.02,-2.34,0.46,-0.53,0.17,1.43
1926,OHIO,-0.62,-0.65,0.16,1.33,3.31,4.76
1927,OHIO,3.79,3.63,3.74,3.41,2.71,1.99
1928,OHIO,1.39,2.97,3.13,2.53,1.51,1.23
1929,OHIO,1.89,1.81,2.29,2.08,2.00,2.79
1930,OHIO,-1.74,-2.30,-3.56,-4.07,-4.15,-4.40
1931,OHIO,-5.70,-5.27,-4.91,-3.64,-2.97,-2.79
1932,OHIO,-2.23,-2.15,-1.76,-2.34,-2.33,0.19
1933,OHIO,2.24,-1.21,-2.02,-1.98,-1.28,-1.69
1934,OHIO,-4.24,-4.42,-5.11,-4.46,-3.89,-4.59
1935,OHIO,0.73,0.90,1.24,2.64,2.63,2.60
1936,OHIO,-1.04,-2.04,-2.77,-2.87,-2.95,0.52
1937,OHIO,1.66,2.55,2.62,2.28,1.98,2.47
1938,OHIO,2.13,2.17,2.40,1.97,2.26,-0.76
1939,OHIO,-1.22,-0.24,-0.03,-0.66,-1.30,-1.13
1940,OHIO,1.61,1.90,-0.90,-0.46,-0.97,-1.32
1941,OHIO,-3.76,-2.67,-2.35,-2.07,-2.66,-1.63
1942,OHIO,-0.02,0.08,0.12,0.28,0.44,0.27
1943,OHIO,2.09,1.37,2.08,-0.20,-0.56,-0.73
1944,OHIO,-1.35,-1.78,-2.91,-2.72,-3.06,-3.42
1945,OHIO,1.86,2.26,1.93,1.16,2.14,2.39
1946,OHIO,0.81,1.61,-0.38,-0.55,-1.23,-1.00
1947,OHIO,1.68,2.42,2.34,2.50,2.42,1.63
1948,OHIO,1.78,1.80,1.56,1.04,0.89,0.90
1949,OHIO,-0.73,-0.72,-0.65,-0.79,-0.62,-1.18
1950,OHIO,2.15,2.29,2.44,2.26,2.90,2.66
1951,OHIO,-0.24,0.25,-0.52,-1.52,-1.32,-1.72
1952,OHIO,-0.05,-0.78,-1.39,-1.77,-1.73,-2.22
1953,OHIO,-2.45,-2.86,-2.84,-3.35,-3.82,-4.61
1954,OHIO,-4.85,-4.73,-4.60,0.71,-0.80,1.35
1955,OHIO,-1.08,-1.37,-1.43,-1.74,-1.86,-1.27
1956,OHIO,2.19,2.07,2.37,2.56,-0.04,-0.68
1957,OHIO,0.97,1.71,-0.50,-1.36,0.31,0.34
1958,OHIO,0.21,1.47,3.41,3.88,4.07,3.52
1959,OHIO,-0.48,-0.95,-0.66,-1.30,-1.85,0.83
1960,OHIO,-1.43,-1.34,-1.05,-1.06,-1.87,-2.12
1961,OHIO,1.57,1.75,2.34,2.23,1.78,1.40
1962,OHIO,-1.43,-2.20,-1.71,-2.46,-1.71,-1.56
1963,OHIO,-1.48,-1.94,-1.93,-1.95,-2.68,-3.94
1964,OHIO,-2.73,-2.70,-3.10,-3.08,-3.52,-3.96
1965,OHIO,-2.72,-3.28,-3.45,0.00,0.74,1.47
1966,OHIO,-0.67,-1.45,-1.14,-1.06,-0.88,-1.10
1967,OHIO,1.09,-0.97,-1.01,-1.51,0.01,-0.08
1968,OHIO,1.79,-0.22,-0.37,-0.40,-0.59,-0.83
1969,OHIO,0.00,0.45,1.51,1.16,1.17,0.95
1970,OHIO,0.41,0.49,0.74,0.11,0.26,0.53
1971,OHIO,-1.11,-1.31,-1.00,-1.18,-0.75,-1.36
1972,OHIO,0.82,1.01,0.69,0.76,1.93,1.90
1973,OHIO,2.45,2.75,2.87,2.57,1.83,1.98
1974,OHIO,1.85,2.05,0.81,1.93,2.41,1.94
1975,OHIO,2.03,1.96,1.34,2.05,3.09,3.29
1976,OHIO,-1.63,0.35,0.83,1.15,1.40,1.99
1977,OHIO,-2.07,0.00,0.12,0.73,0.89,1.12
1978,OHIO,-0.63,-0.54,-0.68,-0.08,-0.96,0.79
1979,OHIO,1.15,1.10,1.61,3.31,4.22,4.08
1980,OHIO,2.16,2.65,3.50,4.83,4.04,3.93
1981,OHIO,2.24,3.11,2.84,2.22,2.47,2.45
1982,OHIO,-0.76,-0.35,-0.91,-0.96,-1.09,-1.89
1983,OHIO,1.77,-0.36,-0.63,-1.49,-1.81,1.30
1984,OHIO,2.13,-1.04,-1.17,-1.19,-1.25,-1.23
1985,OHIO,-1.51,-1.59,-1.34,-0.90,-1.72,0.03
1986,OHIO,-1.53,0.28,0.69,0.43,1.04,1.69
1987,OHIO,-1.97,-1.65,-1.49,-1.24,-1.67,-1.67
1988,OHIO,-2.98,-4.14,-3.99,-4.06,-0.05,-0.04
1989,OHIO,1.89,2.51,2.22,2.02,2.32,2.28
1990,OHIO,2.23,2.05,3.15,3.39,3.86,4.79
1991,OHIO,-1.14,-2.23,-2.97,-3.27,-3.28,-3.56
1992,OHIO,-3.59,-3.52,2.52,2.86,3.04,2.88
1993,OHIO,-0.74,-0.32,-0.40,-1.45,0.41,0.59
1994,OHIO,-0.35,-0.34,-0.45,0.50,-0.46,-1.20
1995,OHIO,1.09,1.06,-0.36,-0.29,-0.91,0.70
1996,OHIO,2.85,2.97,3.19,2.10,3.09,2.94
1997,OHIO,2.94,3.25,2.76,3.43,2.93,2.34
1998,OHIO,1.34,2.66,-0.18,-0.04,-0.90,-0.72
1999,OHIO,-1.69,-2.50,-2.89,-2.95,-3.37,-3.43
2000,OHIO,0.47,0.84,1.00,1.29,1.80,1.63
2001,OHIO,0.57,-0.31,-0.37,-0.43,0.13,1.08
2002,OHIO,1.27,-0.26,-1.00,-1.90,-1.53,-1.29
2003,OHIO,1.25,1.34,2.74,3.26,4.64,4.67
2004,OHIO,3.49,3.52,3.63,3.86,4.19,4.21
2005,OHIO,-0.47,-1.57,-1.65,-1.10,-1.06,-1.06
2006,OHIO,0.19,0.57,1.32,1.05,2.03,3.81
2007,OHIO,-1.17,-1.77,-1.83,0.68,-0.51,-0.59
2008,OHIO,2.54,3.33,-0.06,-0.70,-1.01,-1.25
2009,OHIO,-0.53,0.07,0.43,0.31,0.17,1.13
2010,OHIO,0.39,1.27,-0.30,-0.77,-1.22,-1.56
2011,OHIO,3.80,3.31,2.68,2.52,3.64,4.44
2012,OHIO,-1.95,-2.63,-3.08,-3.26,0.92,1.81
2013,OHIO,-1.05,0.82,2.17,1.81,1.57,2.04
2014,OHIO,2.14,2.53,2.30,2.53,2.02,2.13
2015,OHIO,0.86,2.57,2.86,-0.26,-0.31,-0.14
2016,OHIO,-0.25,-0.61,-1.04,-0.97,-0.83,-0.86
2017,OHIO,1.01,1.21,2.34,1.79,1.11,1.44
2018,OHIO,2.55,2.87,2.25,2.64,3.76,3.80
2019,OHIO,4.74,5.56,5.15,4.78,3.50,3.56
2020,OHIO,3.59,2.81,1.84,1.54,,
1895,SOUTH DAKOTA,2.02,2.77,2.80,2.44,1.90,1.19
1896,SOUTH DAKOTA,2.76,3.03,3.46,2.78,3.00,3.09
1897,SOUTH DAKOTA,4.38,3.97,4.21,4.08,-0.73,-0.69
1898,SOUTH DAKOTA,1.04,-0.85,-0.45,-1.09,-1.57,-1.22
1899,SOUTH DAKOTA,1.07,1.34,1.25,1.81,-0.67,-0.36
1900,SOUTH DAKOTA,-2.58,-3.43,0.50,1.36,2.02,-0.15
1901,SOUTH DAKOTA,-3.05,1.03,0.20,0.03,1.43,1.81
1902,SOUTH DAKOTA,1.60,1.70,1.67,2.56,1.99,1.51
1903,SOUTH DAKOTA,1.55,1.08,2.04,3.03,3.75,3.18
1904,SOUTH DAKOTA,1.41,1.90,2.07,2.00,-0.28,-0.18
1905,SOUTH DAKOTA,1.79,2.96,4.96,5.87,5.41,5.63
1906,SOUTH DAKOTA,5.68,5.33,5.03,6.84,7.10,7.27
1907,SOUTH DAKOTA,6.27,6.08,7.43,6.95,6.71,5.78
1908,SOUTH DAKOTA,4.07,4.70,5.21,5.51,4.77,5.53
1909,SOUTH DAKOTA,5.12,5.05,5.63,6.03,5.45,4.89
1910,SOUTH DAKOTA,-1.82,-2.37,-2.72,-2.79,-2.36,-2.71
1911,SOUTH DAKOTA,-4.14,-5.55,-5.91,0.51,0.82,1.71
1912,SOUTH DAKOTA,-0.21,-1.15,0.74,1.75,2.02,-0.45
1913,SOUTH DAKOTA,-1.00,-1.80,-1.78,-2.05,-2.05,-1.51
1914,SOUTH DAKOTA,0.40,1.22,0.94,0.89,1.03,1.40
1915,SOUTH DAKOTA,2.17,3.63,6.37,7.03,7.90,7.69
1916,SOUTH DAKOTA,7.44,7.40,7.49,8.29,7.40,6.51
1917,SOUTH DAKOTA,6.01,5.12,4.67,4.02,3.78,3.07
1918,SOUTH DAKOTA,1.70,0.96,1.41,1.90,1.58,1.10
1919,SOUTH DAKOTA,2.35,2.15,2.57,1.67,1.11,2.02
1920,SOUTH DAKOTA,5.05,5.65,6.01,6.00,5.49,4.70
1921,SOUTH DAKOTA,2.47,1.01,1.17,1.16,2.15,1.72
1922,SOUTH DAKOTA,1.63,1.59,2.37,-0.22,-1.15,-1.42
1923,SOUTH DAKOTA,0.97,1.57,2.35,3.60,4.38,4.32
1924,SOUTH DAKOTA,1.48,2.39,2.27,2.58,2.57,2.58
1925,SOUTH DAKOTA,-2.46,-1.27,-1.47,-2.16,-2.52,-2.00
1926,SOUTH DAKOTA,-3.09,-3.33,-3.31,-0.03,0.45,0.57
1927,SOUTH DAKOTA,3.34,3.05,3.82,4.26,3.93,3.33
1928,SOUTH DAKOTA,-1.64,0.58,1.01,1.35,1.32,1.48
1929,SOUTH DAKOTA,2.26,1.65,1.65,0.87,1.99,2.86
1930,SOUTH DAKOTA,1.95,-0.26,-1.11,-0.91,-1.16,1.00
1931,SOUTH DAKOTA,-1.41,-2.51,-3.42,-3.86,-4.05,-3.79
1932,SOUTH DAKOTA,-1.22,-0.88,-1.19,-0.99,-1.29,-0.96
1933,SOUTH DAKOTA,-1.05,-2.72,-3.35,-3.20,-3.60,-4.05
1934,SOUTH DAKOTA,-7.02,-7.22,-7.96,-8.31,-7.22,-6.67
1935,SOUTH DAKOTA,-2.57,-2.29,-2.27,-2.39,-3.10,-3.43
1936,SOUTH DAKOTA,-3.01,-4.42,-6.46,-6.98,-7.23,-7.05
1937,SOUTH DAKOTA,-3.55,-3.13,-2.83,-3.31,-3.65,-3.79
1938,SOUTH DAKOTA,-1.54,-1.84,-2.00,-2.83,-2.34,-3.24
1939,SOUTH DAKOTA,-3.70,-3.20,-3.92,-4.11,-4.41,-3.99
1940,SOUTH DAKOTA,-3.46,-3.65,-4.11,-3.87,-4.49,-4.49
1941,SOUTH DAKOTA,-3.06,0.81,-0.43,-0.74,0.87,1.60
1942,SOUTH DAKOTA,3.14,3.78,4.40,4.85,5.13,-0.22
1943,SOUTH DAKOTA,-0.97,1.00,-0.03,-0.02,-0.58,-0.19
1944,SOUTH DAKOTA,0.83,1.93,3.06,4.54,3.97,3.18
1945,SOUTH DAKOTA,3.06,3.67,3.93,4.06,4.15,3.07
1946,SOUTH DAKOTA,1.44,1.87,1.71,1.52,3.25,4.87
1947,SOUTH DAKOTA,3.52,5.19,4.73,3.74,3.04,2.86
1948,SOUTH DAKOTA,0.86,1.68,2.38,2.27,1.46,1.27
1949,SOUTH DAKOTA,-1.03,-1.84,-2.21,-2.57,0.02,0.77
1950,SOUTH DAKOTA,1.19,-0.93,0.22,0.61,1.47,-0.28
1951,SOUTH DAKOTA,-0.78,1.00,1.27,2.59,2.80,3.43
1952,SOUTH DAKOTA,-0.68,-0.63,-0.84,-0.80,-1.79,-2.37
1953,SOUTH DAKOTA,2.37,3.23,3.74,4.52,-0.51,-0.89
1954,SOUTH DAKOTA,-0.89,-0.29,-0.91,-0.91,-0.88,-0.47
1955,SOUTH DAKOTA,-3.30,-3.33,-3.88,-4.31,-3.88,-4.33
1956,SOUTH DAKOTA,-3.19,-4.26,-3.66,-2.61,-3.02,-3.20
1957,SOUTH DAKOTA,1.88,2.49,2.91,3.62,3.62,3.85
1958,SOUTH DAKOTA,2.01,1.99,2.74,-0.52,-1.32,-1.97
1959,SOUTH DAKOTA,-2.06,-2.78,-3.45,-4.13,0.77,0.96
1960,SOUTH DAKOTA,0.60,0.72,-0.83,0.87,-0.26,-0.93
1961,SOUTH DAKOTA,-1.24,-1.89,-2.02,-2.69,0.58,-0.01
1962,SOUTH DAKOTA,2.15,3.10,5.02,5.54,5.37,4.77
1963,SOUTH DAKOTA,1.70,1.72,2.75,2.27,2.34,-0.49
1964,SOUTH DAKOTA,-1.26,-0.59,-0.72,-0.57,-0.88,-1.63
1965,SOUTH DAKOTA,1.57,1.92,2.15,1.94,3.48,2.86
1966,SOUTH DAKOTA,-0.83,-1.30,0.19,1.48,1.66,1.67
1967,SOUTH DAKOTA,0.06,1.77,-0.17,-0.53,-0.32,-0.55
1968,SOUTH DAKOTA,0.53,1.57,1.65,1.93,2.10,1.92
1969,SOUTH DAKOTA,-1.06,0.19,1.31,-0.51,-1.08,-0.38
1970,SOUTH DAKOTA,1.32,-0.31,-0.49,-1.24,-0.02,0.27
1971,SOUTH DAKOTA,1.86,1.78,1.56,1.03,1.27,2.60
1972,SOUTH DAKOTA,4.26,3.84,4.99,4.75,3.71,3.83
1973,SOUTH DAKOTA,3.67,2.53,2.19,1.27,2.41,2.53
1974,SOUTH DAKOTA,-0.39,-1.36,-2.03,-2.20,-2.73,-2.93
1975,SOUTH DAKOTA,0.98,1.46,-0.54,-0.59,-0.93,-1.23
1976,SOUTH DAKOTA,-1.87,-2.32,-3.14,-4.17,-4.36,-4.32
1977,SOUTH DAKOTA,-0.90,-1.39,-1.43,0.58,1.75,2.28
1978,SOUTH DAKOTA,3.75,3.30,4.36,4.93,4.07,3.00
1979,SOUTH DAKOTA,1.91,1.84,2.76,3.22,-0.67,-0.26
1980,SOUTH DAKOTA,-3.23,-3.59,-4.50,-3.60,-4.10,-2.91
1981,SOUTH DAKOTA,-4.85,-5.10,-4.29,-3.95,-4.20,0.37
1982,SOUTH DAKOTA,2.08,1.90,2.78,3.00,3.14,5.28
1983,SOUTH DAKOTA,4.99,5.03,5.57,5.27,4.58,4.30
1984,SOUTH DAKOTA,4.11,5.39,5.56,5.46,4.85,5.12
1985,SOUTH DAKOTA,-1.16,-1.62,-1.94,0.51,1.36,1.20
1986,SOUTH DAKOTA,3.89,3.86,4.60,4.64,6.44,6.05
1987,SOUTH DAKOTA,-0.76,-1.79,-1.50,-1.10,-1.21,-1.53
1988,SOUTH DAKOTA,-2.36,-3.60,-4.73,-4.91,-4.13,-4.37
1989,SOUTH DAKOTA,-3.20,-3.89,-4.07,-4.22,-3.28,-3.21
1990,SOUTH DAKOTA,-2.31,-2.03,-1.88,-1.97,-2.50,-2.42
1991,SOUTH DAKOTA,1.60,1.86,-0.07,-0.38,-0.54,-0.26
1992,SOUTH DAKOTA,-1.93,0.30,1.79,2.28,2.08,1.56
1993,SOUTH DAKOTA,2.37,3.87,6.74,7.31,7.36,6.56
1994,SOUTH DAKOTA,4.25,3.71,4.44,4.27,3.70,4.62
1995,SOUTH DAKOTA,6.77,6.40,6.87,6.64,6.35,7.46
1996,SOUTH DAKOTA,6.20,5.10,4.75,4.19,5.88,6.60
1997,SOUTH DAKOTA,7.54,6.89,8.01,7.99,7.31,7.09
1998,SOUTH DAKOTA,3.66,4.31,4.57,5.05,3.85,6.67
1999,SOUTH DAKOTA,6.01,6.54,6.95,7.44,7.86,6.69
2000,SOUTH DAKOTA,3.43,2.94,2.95,2.20,1.20,1.07
2001,SOUTH DAKOTA,2.81,2.71,3.78,-0.61,-0.40,-0.47
2002,SOUTH DAKOTA,-2.05,-3.43,-4.35,-3.48,-3.35,-2.41
2003,SOUTH DAKOTA,-1.88,-1.49,-2.02,-2.98,-2.58,-2.81
2004,SOUTH DAKOTA,0.33,-0.29,-0.24,-0.41,1.52,2.25
2005,SOUTH DAKOTA,0.65,1.43,-0.23,-0.31,-0.07,-0.32
2006,SOUTH DAKOTA,-1.19,-2.32,-3.86,0.15,1.50,1.11
2007,SOUTH DAKOTA,1.69,-0.06,-0.86,1.17,0.88,1.82
2008,SOUTH DAKOTA,1.01,2.13,2.96,2.91,3.20,4.29
2009,SOUTH DAKOTA,4.38,4.37,5.25,6.06,5.52,7.56
2010,SOUTH DAKOTA,6.72,7.26,8.28,8.42,9.16,8.20
2011,SOUTH DAKOTA,8.07,8.31,8.80,8.85,-0.37,-0.43
2012,SOUTH DAKOTA,-1.45,-2.39,-3.43,-4.24,-5.05,-4.73
2013,SOUTH DAKOTA,1.74,1.66,2.00,2.27,2.19,5.12
2014,SOUTH DAKOTA,4.20,5.60,5.17,6.68,6.39,5.34
2015,SOUTH DAKOTA,2.89,3.08,3.67,4.71,4.13,3.83
2016,SOUTH DAKOTA,3.42,2.18,2.20,2.38,2.39,2.04
2017,SOUTH DAKOTA,-0.89,-1.70,-2.19,0.69,1.17,1.09
2018,SOUTH DAKOTA,0.38,0.89,1.56,1.52,2.11,2.58
2019,SOUTH DAKOTA,6.50,5.76,7.71,9.15,10.43,10.74
2020,SOUTH DAKOTA,7.35,6.54,6.85,6.17,,
