Year,State,Mintemp_May,Mintemp_Jun,Mintemp_Jul,Mintemp_Aug,Mintemp_Sep,Mintemp_Oct
1895,ILLINOIS,50.40,61.00,61.30,61.60,57.70,34.10
1896,ILLINOIS,57.40,59.90,64.00,62.50,51.30,37.90
1897,ILLINOIS,46.20,59.20,65.60,58.90,56.10,45.70
1898,ILLINOIS,51.40,61.90,63.10,62.40,58.20,42.70
1899,ILLINOIS,52.40,61.20,62.70,63.10,51.90,46.20
1900,ILLINOIS,51.80,59.10,63.50,67.00,57.00,48.50
1901,ILLINOIS,48.40,61.40,67.30,60.80,52.30,42.20
1902,ILLINOIS,54.60,58.00,63.90,59.80,50.60,44.20
1903,ILLINOIS,53.20,54.20,63.30,60.60,52.30,42.20
1904,ILLINOIS,50.00,57.60,60.90,57.60,54.80,41.60
1905,ILLINOIS,51.00,59.60,61.90,62.60,55.80,40.80
1906,ILLINOIS,50.40,58.30,60.20,63.80,57.70,41.70
1907,ILLINOIS,44.40,56.70,64.40,61.00,53.60,39.80
1908,ILLINOIS,52.40,58.60,63.20,60.30,55.00,40.60
1909,ILLINOIS,48.00,60.40,61.90,63.60,52.00,38.00
1910,ILLINOIS,45.90,56.40,64.00,60.00,54.90,44.10
1911,ILLINOIS,54.40,62.40,62.80,60.70,58.60,43.20
1912,ILLINOIS,52.90,55.90,64.30,61.00,55.50,42.00
1913,ILLINOIS,50.40,59.80,65.10,64.20,54.20,42.00
1914,ILLINOIS,51.50,62.60,64.60,62.50,54.10,46.20
1915,ILLINOIS,48.40,56.60,62.00,57.00,56.70,43.00
1916,ILLINOIS,51.50,55.60,66.90,63.80,51.60,41.20
1917,ILLINOIS,44.30,56.90,62.70,58.80,51.40,34.40
1918,ILLINOIS,54.50,59.40,60.80,65.90,47.00,45.80
1919,ILLINOIS,48.20,63.40,64.80,60.10,55.90,46.20
1920,ILLINOIS,49.30,59.20,61.20,59.20,56.50,46.90
1921,ILLINOIS,52.20,64.30,66.80,62.20,59.70,42.40
1922,ILLINOIS,54.50,60.60,62.40,61.20,55.60,44.00
1923,ILLINOIS,48.50,61.50,63.90,61.40,55.20,39.10
1924,ILLINOIS,44.50,58.70,59.40,61.80,49.50,44.60
1925,ILLINOIS,44.60,62.10,63.20,60.50,61.00,36.60
1926,ILLINOIS,50.70,55.20,63.50,64.10,57.40,43.50
1927,ILLINOIS,50.30,56.60,61.80,56.20,58.00,45.00
1928,ILLINOIS,49.40,55.80,64.40,63.00,48.70,45.80
1929,ILLINOIS,48.30,57.00,64.20,59.10,53.30,42.20
1930,ILLINOIS,51.50,58.50,64.50,62.10,56.20,41.50
1931,ILLINOIS,47.10,62.60,65.90,61.50,60.50,48.10
1932,ILLINOIS,50.60,61.40,64.40,62.20,52.50,41.80
1933,ILLINOIS,53.90,63.50,64.80,60.20,59.80,40.70
1934,ILLINOIS,52.60,64.40,67.80,62.70,53.70,44.60
1935,ILLINOIS,47.40,57.30,67.20,63.70,53.30,43.20
1936,ILLINOIS,53.90,57.30,68.30,66.50,59.30,43.20
1937,ILLINOIS,51.50,60.00,63.00,65.10,52.30,41.30
1938,ILLINOIS,51.10,59.00,64.70,65.30,56.30,44.90
1939,ILLINOIS,52.80,62.30,64.40,60.70,56.90,43.00
1940,ILLINOIS,47.50,60.70,63.00,62.90,51.40,45.30
1941,ILLINOIS,53.60,61.20,64.00,63.00,57.20,48.00
1942,ILLINOIS,50.90,61.40,65.10,61.40,53.50,42.80
1943,ILLINOIS,50.60,64.20,64.80,64.40,50.40,41.40
1944,ILLINOIS,56.00,63.50,62.00,62.60,55.70,41.60
1945,ILLINOIS,46.40,57.60,60.90,61.40,55.90,40.40
1946,ILLINOIS,48.80,59.90,63.50,58.80,52.80,45.00
1947,ILLINOIS,47.40,58.90,60.60,68.70,55.80,50.20
1948,ILLINOIS,48.00,59.10,64.20,61.60,56.00,39.70
1949,ILLINOIS,51.70,63.00,67.80,62.10,48.20,46.40
1950,ILLINOIS,51.80,59.20,60.60,58.20,54.40,46.70
1951,ILLINOIS,51.20,58.70,63.40,60.80,51.60,44.40
1952,ILLINOIS,50.20,65.00,65.60,60.80,51.20,34.40
1953,ILLINOIS,51.50,64.00,64.60,61.10,52.50,43.70
1954,ILLINOIS,45.90,63.60,65.80,63.70,56.20,44.60
1955,ILLINOIS,52.50,56.80,68.80,64.20,54.80,43.10
1956,ILLINOIS,51.90,61.20,63.20,62.70,51.40,46.10
1957,ILLINOIS,51.20,61.40,65.80,62.30,52.50,39.80
1958,ILLINOIS,49.70,56.40,63.70,62.60,54.70,43.00
1959,ILLINOIS,55.70,60.90,62.60,66.80,56.20,42.80
1960,ILLINOIS,48.80,59.00,62.00,63.40,58.20,43.10
1961,ILLINOIS,45.90,57.60,63.40,61.60,56.40,44.50
1962,ILLINOIS,57.90,60.10,62.60,60.80,51.70,46.60
1963,ILLINOIS,49.10,59.90,63.10,59.80,53.00,49.40
1964,ILLINOIS,54.60,61.30,64.50,59.80,54.10,37.60
1965,ILLINOIS,55.40,59.60,62.40,60.40,55.90,42.30
1966,ILLINOIS,46.20,58.60,66.10,59.00,52.00,39.20
1967,ILLINOIS,46.80,61.30,60.50,56.80,51.00,42.80
1968,ILLINOIS,48.20,61.20,63.30,63.40,53.50,42.80
1969,ILLINOIS,50.70,57.40,66.20,61.40,54.20,41.80
1970,ILLINOIS,53.80,60.00,63.40,62.90,57.20,44.60
1971,ILLINOIS,46.90,63.80,61.10,59.50,57.80,49.80
1972,ILLINOIS,51.60,56.20,63.30,62.50,57.60,41.90
1973,ILLINOIS,48.50,61.70,65.20,63.60,58.10,48.20
1974,ILLINOIS,51.40,57.00,65.10,61.20,49.70,41.70
1975,ILLINOIS,53.80,61.80,62.70,64.60,51.20,43.50
1976,ILLINOIS,46.80,59.20,63.40,58.30,50.50,36.90
1977,ILLINOIS,56.50,59.20,66.30,61.80,57.00,41.30
1978,ILLINOIS,50.50,60.30,64.60,61.80,57.40,40.50
1979,ILLINOIS,49.30,60.00,63.10,62.60,52.50,42.60
1980,ILLINOIS,51.40,58.60,67.20,66.00,56.00,39.00
1981,ILLINOIS,47.60,62.60,65.30,61.90,53.20,41.40
1982,ILLINOIS,56.00,55.90,65.60,60.30,53.80,42.90
1983,ILLINOIS,48.40,60.60,67.30,66.40,54.00,44.90
1984,ILLINOIS,48.20,63.50,61.60,62.50,52.80,48.20
1985,ILLINOIS,52.60,58.30,63.10,60.30,55.50,45.70
1986,ILLINOIS,53.30,61.70,67.50,57.80,58.40,45.10
1987,ILLINOIS,55.40,62.80,66.70,63.40,54.00,36.40
1988,ILLINOIS,50.20,59.00,64.90,66.00,54.70,37.10
1989,ILLINOIS,48.20,59.50,65.20,61.90,52.10,43.20
1990,ILLINOIS,49.20,61.30,64.10,62.00,56.80,40.20
1991,ILLINOIS,58.50,63.90,64.90,62.90,54.50,44.20
1992,ILLINOIS,48.90,56.80,63.80,57.20,53.00,41.20
1993,ILLINOIS,52.20,60.10,67.60,65.00,52.00,40.20
1994,ILLINOIS,48.00,62.30,63.20,59.20,53.70,45.10
1995,ILLINOIS,50.30,61.20,65.70,68.70,51.20,42.80
1996,ILLINOIS,51.80,61.40,61.60,62.60,52.90,42.90
1997,ILLINOIS,46.10,60.60,64.00,60.80,54.60,43.30
1998,ILLINOIS,57.00,62.00,65.80,64.70,59.00,45.40
1999,ILLINOIS,52.80,62.10,68.00,60.20,50.60,41.20
2000,ILLINOIS,54.30,60.10,63.40,64.20,54.00,46.30
2001,ILLINOIS,53.60,59.30,65.30,63.70,52.50,43.10
2002,ILLINOIS,48.20,63.10,67.30,64.40,56.50,42.20
2003,ILLINOIS,50.40,56.80,64.10,64.00,52.20,42.10
2004,ILLINOIS,55.20,59.50,63.10,57.60,54.60,44.90
2005,ILLINOIS,48.40,63.40,65.10,64.80,58.50,44.30
2006,ILLINOIS,52.00,60.20,66.60,64.70,52.90,40.40
2007,ILLINOIS,55.70,61.50,62.10,67.10,56.50,48.40
2008,ILLINOIS,47.90,62.60,64.10,60.80,56.40,42.80
2009,ILLINOIS,52.00,62.30,60.80,60.70,55.40,41.70
2010,ILLINOIS,53.90,64.80,67.60,65.60,55.40,42.40
2011,ILLINOIS,51.80,62.80,69.70,63.20,52.70,42.50
2012,ILLINOIS,55.70,59.80,69.20,60.30,52.90,41.90
2013,ILLINOIS,53.10,61.40,63.20,61.80,56.10,43.30
2014,ILLINOIS,52.90,63.20,59.60,64.30,53.10,44.00
2015,ILLINOIS,54.50,62.50,64.80,61.30,58.80,44.60
2016,ILLINOIS,51.50,63.30,66.40,66.50,60.10,49.20
2017,ILLINOIS,51.30,61.00,65.40,59.50,55.90,48.00
2018,ILLINOIS,59.00,64.60,64.70,64.60,59.60,43.70
2019,ILLINOIS,52.60,60.80,67.20,62.50,61.10,43.10
2020,ILLINOIS,50.90,62.40,67.30,61.90,,
1895,INDIANA,49.70,60.40,60.10,60.50,56.40,32.90
1896,INDIANA,56.40,58.80,63.30,61.30,51.30,37.30
1897,INDIANA,44.80,57.40,65.20,57.90,52.20,43.80
1898,INDIANA,51.30,60.20,63.20,62.20,57.60,43.20
1899,INDIANA,52.60,61.10,62.50,62.80,52.20,45.40
1900,INDIANA,51.00,59.80,63.50,66.40,57.30,48.10
1901,INDIANA,48.10,61.10,67.00,61.50,52.40,40.80
1902,INDIANA,52.90,57.70,63.10,58.40,51.20,44.20
1903,INDIANA,52.10,53.90,62.30,59.40,51.40,41.50
1904,INDIANA,49.50,57.50,60.30,56.80,54.20,39.70
1905,INDIANA,50.70,59.10,62.40,61.50,54.30,40.50
1906,INDIANA,49.70,58.60,60.40,63.80,57.20,41.30
1907,INDIANA,43.70,55.60,62.80,58.80,53.00,37.90
1908,INDIANA,52.20,57.60,62.20,59.30,53.00,38.90
1909,INDIANA,47.80,60.60,60.80,61.50,50.10,35.90
1910,INDIANA,45.10,54.30,63.10,57.70,54.80,43.30
1911,INDIANA,53.00,60.00,61.00,60.40,57.70,42.40
1912,INDIANA,51.80,55.10,63.90,59.70,55.20,40.40
1913,INDIANA,49.00,58.60,64.00,62.50,52.60,41.90
1914,INDIANA,50.20,60.80,62.80,61.40,52.40,45.50
1915,INDIANA,47.70,56.30,61.40,57.20,55.80,42.80
1916,INDIANA,51.40,55.30,66.10,62.90,51.00,39.50
1917,INDIANA,43.30,56.00,61.80,58.60,50.10,34.30
1918,INDIANA,54.30,57.40,59.10,65.30,45.70,44.90
1919,INDIANA,47.60,62.90,63.10,58.80,54.70,47.70
1920,INDIANA,47.60,58.10,59.50,58.60,55.10,44.80
1921,INDIANA,51.00,63.30,66.50,60.70,59.40,41.50
1922,INDIANA,53.30,59.20,61.20,59.40,55.10,42.80
1923,INDIANA,46.40,59.60,61.60,59.70,54.60,38.40
1924,INDIANA,43.10,58.20,58.60,59.60,49.10,42.40
1925,INDIANA,42.60,61.00,61.50,59.10,60.30,37.10
1926,INDIANA,48.20,53.80,61.90,63.90,56.80,43.20
1927,INDIANA,49.70,54.80,60.80,54.00,56.80,43.80
1928,INDIANA,47.00,54.80,62.30,61.70,48.10,45.40
1929,INDIANA,47.20,55.50,62.30,57.30,53.20,39.90
1930,INDIANA,50.40,56.60,61.80,59.40,54.80,39.40
1931,INDIANA,46.00,60.80,64.70,61.00,58.70,45.90
1932,INDIANA,48.60,59.70,62.80,60.00,52.70,42.00
1933,INDIANA,53.70,61.90,62.90,58.70,58.80,40.20
1934,INDIANA,50.10,62.50,66.50,61.20,54.30,42.00
1935,INDIANA,46.00,56.50,65.50,63.00,51.70,41.90
1936,INDIANA,51.20,55.90,66.10,64.90,57.90,42.40
1937,INDIANA,49.60,59.00,61.10,63.10,50.60,40.50
1938,INDIANA,49.40,57.60,63.30,63.00,55.30,41.50
1939,INDIANA,50.80,61.80,62.40,60.00,55.20,42.30
1940,INDIANA,46.60,59.80,61.50,61.80,49.50,43.00
1941,INDIANA,50.40,59.70,62.70,60.00,56.00,47.20
1942,INDIANA,51.00,60.30,63.80,60.60,52.00,42.00
1943,INDIANA,51.00,63.80,63.60,62.20,49.40,39.70
1944,INDIANA,55.30,62.00,60.80,61.80,53.60,39.90
1945,INDIANA,45.40,57.20,60.10,59.70,56.40,39.50
1946,INDIANA,48.50,58.70,61.20,55.90,51.50,43.20
1947,INDIANA,46.30,57.60,58.90,67.30,54.50,48.00
1948,INDIANA,47.60,58.40,63.10,59.40,54.60,38.70
1949,INDIANA,49.80,62.00,67.10,61.30,47.60,46.40
1950,INDIANA,50.70,57.70,60.00,57.90,53.50,45.40
1951,INDIANA,50.20,58.60,62.20,59.10,50.30,42.80
1952,INDIANA,49.20,63.70,64.30,59.10,50.50,34.60
1953,INDIANA,52.40,62.10,62.80,59.50,50.90,41.60
1954,INDIANA,44.40,61.60,62.50,61.80,54.70,44.50
1955,INDIANA,50.70,55.00,67.50,63.00,53.50,42.40
1956,INDIANA,50.40,59.70,62.60,60.70,49.30,44.30
1957,INDIANA,50.00,60.80,63.10,59.70,52.30,39.10
1958,INDIANA,47.60,55.30,63.50,60.10,53.80,41.20
1959,INDIANA,54.50,59.20,61.70,65.40,55.20,42.10
1960,INDIANA,47.90,57.20,60.20,62.20,56.80,41.60
1961,INDIANA,44.60,56.30,62.40,60.40,56.70,43.20
1962,INDIANA,56.10,59.10,61.20,59.00,50.30,44.70
1963,INDIANA,46.90,57.40,61.00,57.20,50.00,44.60
1964,INDIANA,52.60,60.20,62.90,58.00,52.10,35.60
1965,INDIANA,54.90,58.40,60.30,58.70,55.90,40.90
1966,INDIANA,44.50,57.30,64.10,58.20,51.00,37.70
1967,INDIANA,46.40,60.40,59.70,56.10,49.40,41.80
1968,INDIANA,47.50,59.60,62.90,62.70,53.50,41.60
1969,INDIANA,49.60,57.20,64.80,59.20,52.80,41.30
1970,INDIANA,52.10,58.80,62.20,60.70,56.80,44.00
1971,INDIANA,45.40,62.40,60.40,57.80,57.80,49.20
1972,INDIANA,50.90,54.70,62.60,60.90,56.90,40.80
1973,INDIANA,47.30,61.30,64.00,62.30,56.70,46.20
1974,INDIANA,49.90,56.40,63.00,60.80,49.80,39.50
1975,INDIANA,53.20,60.60,61.20,64.60,50.90,42.80
1976,INDIANA,45.90,59.40,61.70,57.00,49.30,36.50
1977,INDIANA,55.20,57.50,65.30,61.60,57.10,40.00
1978,INDIANA,49.10,59.30,63.10,61.30,56.30,39.40
1979,INDIANA,47.30,58.80,61.80,61.70,52.10,42.40
1980,INDIANA,50.40,56.50,65.70,65.20,55.20,38.60
1981,INDIANA,47.10,61.60,64.20,61.00,52.90,39.90
1982,INDIANA,54.60,55.30,64.20,58.50,52.90,42.50
1983,INDIANA,47.00,59.10,65.70,65.10,52.80,44.40
1984,INDIANA,47.20,62.40,60.00,61.60,52.20,49.10
1985,INDIANA,51.80,57.60,62.00,60.40,54.10,46.50
1986,INDIANA,52.50,60.60,66.20,57.40,57.20,44.90
1987,INDIANA,53.80,61.70,65.40,62.40,54.20,35.20
1988,INDIANA,48.70,56.90,63.70,64.50,53.20,35.90
1989,INDIANA,47.10,59.60,64.50,61.10,52.40,41.70
1990,INDIANA,48.90,59.40,62.50,60.00,55.50,40.70
1991,INDIANA,57.90,62.50,64.10,61.70,52.80,45.10
1992,INDIANA,47.80,55.00,63.10,57.20,52.50,40.10
1993,INDIANA,50.30,59.30,66.80,63.10,51.70,39.20
1994,INDIANA,45.80,61.10,62.90,58.10,52.60,42.90
1995,INDIANA,49.80,60.50,64.60,67.70,50.50,43.30
1996,INDIANA,50.90,60.70,60.40,61.70,52.80,42.70
1997,INDIANA,45.00,60.00,62.70,59.60,52.70,41.80
1998,INDIANA,55.50,61.10,63.50,63.30,56.60,44.20
1999,INDIANA,51.40,61.70,67.00,58.90,49.70,40.90
2000,INDIANA,53.30,60.00,61.60,61.40,52.60,45.20
2001,INDIANA,52.30,58.60,62.70,63.20,51.70,42.90
2002,INDIANA,47.30,61.80,65.70,64.00,56.20,42.60
2003,INDIANA,50.30,56.20,62.50,63.20,52.00,41.00
2004,INDIANA,55.60,59.00,62.20,58.10,54.40,43.90
2005,INDIANA,46.70,62.40,64.20,64.40,56.90,44.70
2006,INDIANA,49.40,58.70,65.30,63.60,52.20,40.60
2007,INDIANA,53.30,60.20,60.20,65.10,55.80,49.10
2008,INDIANA,46.90,61.40,62.60,59.60,55.30,41.60
2009,INDIANA,50.80,61.20,59.40,60.20,55.00,41.40
2010,INDIANA,53.80,63.90,65.90,64.10,54.00,41.90
2011,INDIANA,52.00,61.70,68.00,61.20,53.70,41.70
2012,INDIANA,55.00,58.20,67.60,59.00,52.80,42.00
2013,INDIANA,53.40,60.50,62.60,60.40,54.50,43.30
2014,INDIANA,51.70,62.50,58.20,62.40,52.20,43.60
2015,INDIANA,53.60,61.60,63.10,59.60,56.60,44.40
2016,INDIANA,49.70,61.30,64.80,66.40,58.60,48.60
2017,INDIANA,50.30,59.30,64.00,58.80,55.10,47.70
2018,INDIANA,57.80,63.40,63.50,64.30,59.80,44.50
2019,INDIANA,52.30,59.80,65.70,61.40,59.20,44.10
2020,INDIANA,49.50,60.30,66.10,61.30,,
1895,IOWA,48.00,56.60,58.10,58.60,54.10,30.60
1896,IOWA,53.80,57.00,60.20,59.20,46.30,33.90
1897,IOWA,44.60,56.50,62.90,55.80,55.70,42.10
1898,IOWA,48.00,60.10,59.80,59.20,51.90,36.80
1899,IOWA,48.10,59.00,60.20,61.50,48.30,42.30
1900,IOWA,50.60,56.20,61.40,65.40,52.40,46.50
1901,IOWA,47.40,59.00,67.70,58.90,50.40,40.60
1902,IOWA,51.80,54.30,62.00,58.40,47.10,40.60
1903,IOWA,50.70,52.80,61.20,58.10,48.80,38.80
1904,IOWA,47.00,55.40,59.00,56.10,51.60,40.40
1905,IOWA,46.00,58.20,59.50,62.20,54.10,37.40
1906,IOWA,47.90,55.20,58.00,62.30,54.60,37.70
1907,IOWA,40.00,55.20,62.50,59.00,50.40,36.30
1908,IOWA,47.90,56.40,61.20,57.60,53.60,39.00
1909,IOWA,45.00,58.10,61.50,63.30,50.30,36.80
1910,IOWA,42.80,55.60,60.60,59.30,51.10,40.90
1911,IOWA,51.80,61.40,61.00,58.30,53.30,38.00
1912,IOWA,49.60,53.30,61.90,58.80,50.60,38.70
1913,IOWA,48.10,58.70,62.90,62.60,51.50,36.70
1914,IOWA,49.20,60.40,63.40,59.90,51.80,43.90
1915,IOWA,44.60,53.40,59.00,53.80,52.30,40.90
1916,IOWA,47.60,52.80,66.20,60.70,49.10,37.70
1917,IOWA,42.20,54.50,61.90,55.70,50.30,30.20
1918,IOWA,51.50,58.70,60.10,62.60,44.50,42.60
1919,IOWA,45.80,61.00,64.20,58.10,54.20,38.70
1920,IOWA,46.90,58.50,60.00,55.60,53.50,43.90
1921,IOWA,50.90,62.50,65.10,59.70,54.40,40.80
1922,IOWA,51.20,58.90,59.60,60.80,53.50,41.20
1923,IOWA,46.60,60.00,63.70,58.00,52.40,35.90
1924,IOWA,41.00,55.30,57.20,59.70,46.30,43.10
1925,IOWA,42.40,58.00,60.60,58.90,56.40,29.80
1926,IOWA,50.00,52.50,62.40,61.10,52.60,39.20
1927,IOWA,46.90,54.50,58.90,54.00,54.60,41.10
1928,IOWA,48.00,52.60,61.70,60.20,46.60,41.40
1929,IOWA,45.30,54.80,62.20,58.50,50.10,39.20
1930,IOWA,47.80,56.20,63.60,60.60,51.40,39.10
1931,IOWA,44.00,62.60,63.30,58.70,58.30,45.60
1932,IOWA,48.80,60.10,62.90,60.20,47.80,36.80
1933,IOWA,48.80,62.70,62.90,57.30,56.00,36.60
1934,IOWA,53.30,62.20,65.50,58.70,48.00,42.40
1935,IOWA,44.20,54.50,67.20,60.70,51.50,37.40
1936,IOWA,53.20,55.90,66.90,63.90,56.00,38.20
1937,IOWA,49.70,56.90,62.30,64.70,50.80,37.40
1938,IOWA,48.10,57.00,63.50,62.70,53.30,44.20
1939,IOWA,51.80,59.60,63.10,57.80,53.50,38.70
1940,IOWA,44.40,58.60,63.00,59.90,51.70,42.90
1941,IOWA,52.80,58.90,62.00,61.50,54.00,42.70
1942,IOWA,47.70,58.60,62.10,60.00,49.70,38.50
1943,IOWA,45.80,60.80,62.90,62.30,46.80,37.20
1944,IOWA,52.90,60.70,59.80,60.20,52.30,39.50
1945,IOWA,43.00,53.30,59.40,60.20,50.40,37.70
1946,IOWA,44.50,57.50,61.60,56.80,50.20,42.20
1947,IOWA,42.80,55.40,59.80,66.50,53.70,48.40
1948,IOWA,46.50,56.20,62.30,61.20,53.60,36.50
1949,IOWA,50.90,60.40,64.20,59.90,44.90,41.80
1950,IOWA,47.20,56.00,57.30,55.50,49.50,42.70
1951,IOWA,49.80,54.50,60.60,58.80,47.60,40.00
1952,IOWA,47.30,61.50,62.10,57.90,49.50,30.30
1953,IOWA,47.60,60.60,62.10,59.30,48.30,42.10
1954,IOWA,42.60,61.20,64.40,60.50,53.10,40.30
1955,IOWA,49.70,54.70,67.40,62.40,51.30,39.00
1956,IOWA,48.90,60.80,60.00,60.50,47.60,43.80
1957,IOWA,47.20,56.90,65.90,60.60,48.30,37.70
1958,IOWA,47.80,54.00,59.40,60.00,51.60,40.20
1959,IOWA,51.40,59.00,59.70,65.00,51.80,37.00
1960,IOWA,47.40,55.80,60.00,61.30,53.10,38.80
1961,IOWA,44.50,56.30,60.60,59.70,50.20,40.50
1962,IOWA,54.60,57.20,60.40,59.00,47.70,42.80
1963,IOWA,47.80,60.30,62.70,59.10,52.80,48.20
1964,IOWA,53.00,57.80,64.20,56.50,51.30,35.90
1965,IOWA,51.90,57.40,61.40,58.20,49.00,40.50
1966,IOWA,42.90,57.30,64.60,56.00,48.10,37.00
1967,IOWA,43.40,58.00,58.40,55.20,47.30,38.10
1968,IOWA,43.80,58.70,61.20,60.40,50.30,40.90
1969,IOWA,49.10,52.80,64.00,60.00,51.30,37.30
1970,IOWA,51.30,58.60,61.50,60.20,52.00,40.30
1971,IOWA,44.30,62.50,58.50,57.00,52.20,45.20
1972,IOWA,49.70,55.90,61.00,60.80,51.90,36.70
1973,IOWA,46.00,59.20,62.90,61.90,52.90,44.70
1974,IOWA,47.70,54.80,64.50,57.20,45.30,39.60
1975,IOWA,50.70,58.80,62.20,62.00,47.50,39.30
1976,IOWA,45.10,56.60,62.30,58.00,48.50,33.20
1977,IOWA,55.10,58.30,64.40,57.70,53.30,38.70
1978,IOWA,48.60,57.80,62.40,59.30,55.10,37.70
1979,IOWA,46.10,57.20,61.40,60.70,50.80,38.90
1980,IOWA,48.10,57.70,64.60,62.40,51.90,35.80
1981,IOWA,45.90,58.50,63.50,59.10,50.20,38.10
1982,IOWA,52.80,53.30,63.30,59.80,51.80,40.70
1983,IOWA,44.70,58.70,65.60,65.70,51.60,40.80
1984,IOWA,45.80,59.80,60.40,60.80,48.50,42.00
1985,IOWA,50.90,54.40,60.50,56.90,53.20,40.40
1986,IOWA,50.20,60.40,65.10,56.30,55.10,41.20
1987,IOWA,52.60,60.90,65.50,59.80,51.20,33.80
1988,IOWA,51.20,59.80,62.70,63.20,52.00,33.50
1989,IOWA,46.00,56.00,63.80,59.90,48.50,39.10
1990,IOWA,45.70,60.00,62.50,61.70,54.40,37.60
1991,IOWA,54.70,62.70,62.40,60.60,50.40,37.60
1992,IOWA,47.20,55.10,59.00,54.80,49.40,38.60
1993,IOWA,49.00,56.80,63.50,62.20,47.20,38.10
1994,IOWA,47.70,60.30,59.80,57.40,52.80,42.80
1995,IOWA,46.30,59.70,62.70,66.20,48.40,39.40
1996,IOWA,47.30,59.40,59.80,59.40,49.90,39.60
1997,IOWA,42.30,58.70,63.00,59.10,52.60,40.40
1998,IOWA,53.80,57.40,63.70,63.40,55.70,42.70
1999,IOWA,50.20,59.00,66.30,59.30,48.10,36.80
2000,IOWA,50.70,56.70,62.60,62.50,51.30,43.40
2001,IOWA,50.80,57.70,64.70,61.50,50.10,38.70
2002,IOWA,44.60,61.40,65.60,60.10,52.80,36.40
2003,IOWA,46.60,56.20,62.20,61.90,48.10,38.90
2004,IOWA,49.40,56.50,60.50,55.40,53.70,41.20
2005,IOWA,46.20,61.90,63.50,60.00,55.00,40.30
2006,IOWA,49.50,58.30,64.60,62.30,49.30,37.20
2007,IOWA,53.20,59.20,62.20,64.40,52.10,45.70
2008,IOWA,45.40,58.60,62.70,58.40,52.60,39.40
2009,IOWA,48.30,58.60,57.60,58.00,51.60,36.70
2010,IOWA,48.60,60.60,65.00,64.00,52.00,39.70
2011,IOWA,47.80,59.90,68.20,60.90,48.60,39.80
2012,IOWA,52.50,59.80,67.10,57.60,47.30,37.00
2013,IOWA,48.50,59.40,61.20,60.40,54.50,39.30
2014,IOWA,48.40,60.20,58.50,62.00,50.90,39.90
2015,IOWA,49.80,59.40,62.00,58.60,57.50,41.70
2016,IOWA,48.10,61.20,63.10,62.20,56.80,44.20
2017,IOWA,47.20,58.60,63.60,56.80,54.30,43.20
2018,IOWA,55.30,63.10,62.40,61.20,55.90,38.10
2019,IOWA,46.60,58.90,65.00,59.30,58.50,37.10
2020,IOWA,47.90,62.10,64.70,59.60,,
1895,KANSAS,50.10,59.50,62.80,62.70,57.30,37.40
1896,KANSAS,55.40,60.10,65.30,63.20,52.40,39.60
1897,KANSAS,50.00,61.20,65.50,61.50,57.70,45.00
1898,KANSAS,50.20,62.90,64.20,62.90,54.30,38.20
1899,KANSAS,52.30,61.10,64.00,66.00,53.00,44.70
1900,KANSAS,52.40,60.90,64.60,66.20,57.70,46.60
1901,KANSAS,48.40,62.40,68.70,64.20,55.30,44.90
1902,KANSAS,55.80,59.10,64.30,64.70,49.90,43.20
1903,KANSAS,50.30,54.90,65.30,63.20,51.80,42.00
1904,KANSAS,50.10,58.50,63.70,61.80,55.30,43.70
1905,KANSAS,49.90,62.70,62.00,64.40,57.80,39.00
1906,KANSAS,51.10,57.50,60.30,63.20,56.30,39.90
1907,KANSAS,44.50,58.10,65.60,64.60,54.80,42.40
1908,KANSAS,49.90,60.20,63.40,63.30,55.10,41.20
1909,KANSAS,47.40,60.90,66.30,65.80,54.50,41.00
1910,KANSAS,47.60,59.00,65.00,62.60,56.60,42.40
1911,KANSAS,53.10,63.70,65.00,62.10,60.10,41.60
1912,KANSAS,52.40,55.90,66.10,63.80,52.30,41.70
1913,KANSAS,52.60,61.30,66.90,66.60,54.10,40.00
1914,KANSAS,52.00,65.20,66.80,63.80,57.40,44.40
1915,KANSAS,47.70,57.70,62.40,58.50,56.60,42.40
1916,KANSAS,49.70,57.80,65.90,64.90,52.50,42.20
1917,KANSAS,44.60,57.40,65.40,60.40,55.00,34.60
1918,KANSAS,53.50,63.40,64.40,66.80,48.60,47.60
1919,KANSAS,49.70,60.00,66.30,63.40,58.00,41.20
1920,KANSAS,51.40,60.10,63.60,59.20,55.10,45.90
1921,KANSAS,52.20,62.70,66.30,64.80,59.30,42.40
1922,KANSAS,51.80,61.50,64.10,65.50,57.60,42.10
1923,KANSAS,49.20,62.40,66.20,63.80,55.80,41.60
1924,KANSAS,43.80,60.80,61.90,65.80,50.80,45.30
1925,KANSAS,49.10,63.90,66.30,62.90,60.00,36.30
1926,KANSAS,52.60,58.70,65.00,64.40,57.40,44.90
1927,KANSAS,52.00,59.40,63.90,60.50,56.70,43.80
1928,KANSAS,50.50,56.30,65.40,63.40,51.30,44.40
1929,KANSAS,50.00,59.80,66.30,64.70,53.60,44.20
1930,KANSAS,49.90,59.90,66.80,65.30,56.70,43.20
1931,KANSAS,47.30,64.10,66.10,62.30,62.80,47.40
1932,KANSAS,51.50,61.20,68.20,65.70,53.90,39.60
1933,KANSAS,51.00,65.00,67.30,64.20,60.50,42.40
1934,KANSAS,54.50,65.60,71.30,68.60,51.30,47.00
1935,KANSAS,48.90,59.20,69.90,66.20,54.70,43.00
1936,KANSAS,55.70,62.20,69.60,68.90,59.90,41.50
1937,KANSAS,53.40,61.70,67.30,69.20,57.00,42.50
1938,KANSAS,51.60,61.40,66.70,68.40,57.00,47.30
1939,KANSAS,53.90,62.00,68.30,63.70,59.00,44.10
1940,KANSAS,49.40,60.20,67.20,63.40,57.30,47.00
1941,KANSAS,55.40,60.20,65.60,65.00,58.10,47.40
1942,KANSAS,49.50,61.20,65.90,64.20,53.40,44.00
1943,KANSAS,48.60,62.80,66.80,68.20,52.20,39.80
1944,KANSAS,53.80,63.20,64.50,65.20,55.00,43.80
1945,KANSAS,47.80,56.30,64.50,64.60,54.50,42.30
1946,KANSAS,47.00,61.90,66.40,64.50,55.50,45.60
1947,KANSAS,48.30,59.10,64.00,68.90,58.00,50.70
1948,KANSAS,50.70,60.60,65.50,64.40,56.40,39.30
1949,KANSAS,54.40,63.00,67.10,62.10,51.20,43.80
1950,KANSAS,49.80,61.20,62.10,60.40,54.10,46.20
1951,KANSAS,51.50,57.30,65.50,65.10,52.10,42.40
1952,KANSAS,50.40,67.50,65.70,65.80,53.70,36.40
1953,KANSAS,50.00,66.40,65.70,63.40,54.80,45.50
1954,KANSAS,47.90,63.00,70.50,67.60,59.60,45.10
1955,KANSAS,53.40,58.60,69.40,65.50,57.60,42.70
1956,KANSAS,54.80,63.90,65.90,65.30,55.20,47.60
1957,KANSAS,50.90,59.50,68.70,65.40,51.60,44.10
1958,KANSAS,53.60,60.30,64.50,63.80,57.50,42.80
1959,KANSAS,53.80,62.20,62.70,67.20,54.30,40.40
1960,KANSAS,49.00,60.60,63.60,64.40,56.30,45.20
1961,KANSAS,49.10,59.80,64.60,63.40,51.80,42.20
1962,KANSAS,57.10,60.50,65.20,63.60,54.80,46.20
1963,KANSAS,53.80,63.80,68.20,65.80,59.00,50.70
1964,KANSAS,54.20,60.00,68.40,62.60,56.30,40.60
1965,KANSAS,54.20,61.00,66.20,62.50,53.00,43.50
1966,KANSAS,48.80,61.00,70.20,61.70,53.60,40.00
1967,KANSAS,47.50,60.30,63.10,59.90,52.50,42.30
1968,KANSAS,46.90,61.60,65.20,64.50,52.80,43.60
1969,KANSAS,53.10,57.10,68.10,64.90,57.50,41.20
1970,KANSAS,53.60,60.10,65.10,66.00,54.60,41.00
1971,KANSAS,48.10,63.60,63.20,62.20,54.60,45.30
1972,KANSAS,50.70,60.50,64.10,63.10,57.00,42.60
1973,KANSAS,47.90,60.30,65.10,64.60,55.60,45.70
1974,KANSAS,53.60,58.20,67.40,61.40,48.20,45.90
1975,KANSAS,51.00,59.90,64.90,65.40,51.70,41.80
1976,KANSAS,47.50,58.80,65.40,63.10,54.50,37.20
1977,KANSAS,56.60,63.30,68.00,64.00,57.70,42.90
1978,KANSAS,50.70,61.80,66.90,63.10,58.00,40.60
1979,KANSAS,48.90,59.30,66.20,62.70,54.40,43.40
1980,KANSAS,49.90,63.40,70.20,67.20,56.80,39.70
1981,KANSAS,48.90,63.10,68.00,62.60,55.00,43.80
1982,KANSAS,52.80,56.90,66.40,65.80,55.70,41.50
1983,KANSAS,46.80,58.40,67.40,69.40,56.60,46.50
1984,KANSAS,50.10,61.70,64.80,64.90,52.60,43.80
1985,KANSAS,53.00,57.90,65.40,62.60,55.20,43.30
1986,KANSAS,51.80,63.80,68.10,62.80,59.20,44.40
1987,KANSAS,55.90,62.00,66.10,63.80,54.00,39.30
1988,KANSAS,53.10,63.10,65.40,65.70,55.10,40.60
1989,KANSAS,51.40,58.00,64.90,63.80,51.90,42.70
1990,KANSAS,49.10,63.90,65.10,64.30,58.00,41.40
1991,KANSAS,55.40,64.40,66.30,63.80,55.00,41.60
1992,KANSAS,50.10,57.90,63.60,59.70,54.60,42.40
1993,KANSAS,51.40,59.80,66.60,65.20,50.40,41.00
1994,KANSAS,51.80,64.00,62.90,63.60,54.50,44.90
1995,KANSAS,47.50,58.60,64.90,67.80,53.80,41.00
1996,KANSAS,53.70,61.90,65.00,64.00,53.50,43.40
1997,KANSAS,47.00,60.20,65.80,63.80,57.60,44.60
1998,KANSAS,54.50,59.70,68.50,65.50,60.90,46.20
1999,KANSAS,50.70,60.10,68.50,64.80,53.10,40.90
2000,KANSAS,53.40,59.50,66.60,68.70,55.20,47.70
2001,KANSAS,52.70,60.50,70.10,65.30,54.80,42.00
2002,KANSAS,49.00,64.20,67.60,66.10,56.80,40.30
2003,KANSAS,50.30,58.70,67.50,66.70,52.00,43.90
2004,KANSAS,53.50,59.20,63.90,60.40,57.00,46.40
2005,KANSAS,50.60,62.40,65.40,65.40,59.10,44.70
2006,KANSAS,52.70,61.90,67.60,66.80,51.20,42.40
2007,KANSAS,54.80,61.00,66.30,69.60,57.30,45.30
2008,KANSAS,49.70,61.00,66.00,64.20,54.60,42.90
2009,KANSAS,51.00,62.40,63.20,62.20,54.00,38.80
2010,KANSAS,50.20,64.80,68.20,66.40,57.10,44.00
2011,KANSAS,49.30,63.00,71.10,67.50,51.80,42.90
2012,KANSAS,54.70,63.00,69.70,61.70,53.60,40.40
2013,KANSAS,50.20,61.60,64.80,65.40,58.80,42.00
2014,KANSAS,50.50,62.10,63.00,65.20,55.60,45.10
2015,KANSAS,51.10,63.80,67.00,62.60,61.30,46.40
2016,KANSAS,49.70,64.40,68.00,65.20,58.30,47.00
2017,KANSAS,49.30,61.80,67.50,61.20,57.10,44.20
2018,KANSAS,57.70,65.30,66.30,64.10,59.10,42.30
2019,KANSAS,49.70,59.90,66.20,66.00,63.40,38.20
2020,KANSAS,49.90,64.20,67.70,63.70,,
1895,MINNESOTA,42.10,51.00,53.30,51.70,46.00,27.00
1896,MINNESOTA,47.70,52.50,54.80,51.80,41.00,29.20
1897,MINNESOTA,39.40,48.90,59.40,50.80,49.70,36.50
1898,MINNESOTA,41.10,52.20,55.20,52.10,45.10,31.30
1899,MINNESOTA,41.30,52.20,55.80,55.50,41.70,35.20
1900,MINNESOTA,42.40,50.90,54.20,60.20,46.00,42.20
1901,MINNESOTA,43.20,52.20,61.00,54.50,43.50,34.50
1902,MINNESOTA,45.10,47.90,56.40,52.00,41.30,32.90
1903,MINNESOTA,43.30,47.80,54.00,50.60,41.90,34.00
1904,MINNESOTA,40.90,50.80,53.00,50.90,44.10,36.10
1905,MINNESOTA,38.80,50.50,54.90,55.60,48.60,31.70
1906,MINNESOTA,40.60,51.60,54.70,55.30,49.90,33.20
1907,MINNESOTA,32.00,50.70,54.90,52.50,43.30,31.00
1908,MINNESOTA,40.80,51.40,56.20,51.50,49.10,35.40
1909,MINNESOTA,39.10,52.20,56.30,57.80,44.80,33.10
1910,MINNESOTA,36.90,52.60,55.20,51.20,44.40,36.10
1911,MINNESOTA,43.80,55.70,53.90,51.00,43.90,32.50
1912,MINNESOTA,42.40,48.20,56.20,51.60,44.40,33.00
1913,MINNESOTA,39.20,53.10,54.10,55.70,45.00,29.90
1914,MINNESOTA,43.70,52.20,58.60,52.30,46.10,38.70
1915,MINNESOTA,39.00,46.70,52.40,49.40,45.50,35.00
1916,MINNESOTA,40.40,48.50,63.00,55.00,43.50,31.10
1917,MINNESOTA,36.20,46.80,57.30,50.40,44.40,25.40
1918,MINNESOTA,41.70,51.40,54.40,54.50,37.60,35.30
1919,MINNESOTA,42.00,56.70,58.40,53.30,47.40,27.80
1920,MINNESOTA,41.00,52.20,54.40,51.80,48.50,39.00
1921,MINNESOTA,43.10,57.00,60.60,53.30,47.80,35.40
1922,MINNESOTA,47.20,53.30,54.00,55.40,47.60,35.30
1923,MINNESOTA,41.00,54.80,59.40,50.00,46.90,32.30
1924,MINNESOTA,34.30,47.90,52.60,51.80,42.40,38.80
1925,MINNESOTA,37.10,51.60,54.20,54.60,48.30,25.30
1926,MINNESOTA,43.20,47.40,55.50,53.70,43.30,31.90
1927,MINNESOTA,39.90,49.70,53.40,48.60,48.00,34.70
1928,MINNESOTA,42.60,47.10,56.20,53.60,42.40,34.20
1929,MINNESOTA,37.20,48.30,55.80,52.70,43.30,34.00
1930,MINNESOTA,42.00,52.10,57.40,54.70,43.80,33.40
1931,MINNESOTA,39.40,56.00,57.80,53.70,50.40,38.60
1932,MINNESOTA,42.80,55.00,56.60,54.60,42.70,31.40
1933,MINNESOTA,42.90,57.10,58.20,52.20,49.20,29.60
1934,MINNESOTA,46.80,53.50,56.50,51.30,42.10,37.70
1935,MINNESOTA,38.80,49.00,62.30,55.60,43.60,31.80
1936,MINNESOTA,45.80,49.70,60.90,56.40,48.00,28.60
1937,MINNESOTA,43.70,50.80,58.30,59.70,45.40,31.40
1938,MINNESOTA,41.70,52.00,57.70,57.20,46.40,38.40
1939,MINNESOTA,44.90,53.00,57.70,54.90,46.20,32.40
1940,MINNESOTA,39.60,50.60,57.40,54.70,48.20,38.40
1941,MINNESOTA,47.00,54.40,58.60,55.20,47.90,35.60
1942,MINNESOTA,40.10,51.50,55.20,55.00,42.90,33.60
1943,MINNESOTA,39.40,53.50,58.90,55.60,42.00,32.90
1944,MINNESOTA,45.60,53.20,55.80,55.10,46.60,33.50
1945,MINNESOTA,36.10,47.60,55.30,55.00,44.40,31.30
1946,MINNESOTA,39.00,51.10,57.40,51.90,44.50,34.40
1947,MINNESOTA,37.30,49.40,56.90,60.10,45.60,42.00
1948,MINNESOTA,41.00,51.20,57.60,55.60,48.80,34.00
1949,MINNESOTA,43.60,54.30,58.80,57.60,42.20,35.80
1950,MINNESOTA,39.70,50.80,54.40,50.00,46.10,36.80
1951,MINNESOTA,44.90,49.20,55.40,53.30,42.90,34.20
1952,MINNESOTA,41.40,54.00,56.90,53.40,46.40,27.80
1953,MINNESOTA,41.40,54.00,56.40,57.40,44.90,38.90
1954,MINNESOTA,37.70,54.20,57.70,53.60,46.20,34.10
1955,MINNESOTA,45.40,53.20,62.00,58.80,45.00,34.90
1956,MINNESOTA,40.80,56.00,54.20,54.00,41.10,38.30
1957,MINNESOTA,40.90,50.60,60.70,54.90,43.80,34.90
1958,MINNESOTA,41.00,46.30,54.40,53.50,46.60,35.80
1959,MINNESOTA,43.90,54.50,56.70,58.30,46.20,31.70
1960,MINNESOTA,41.60,49.80,56.00,57.00,47.20,34.30
1961,MINNESOTA,38.70,52.10,56.00,56.20,45.60,35.30
1962,MINNESOTA,45.80,52.50,55.00,54.40,43.40,37.30
1963,MINNESOTA,40.90,55.40,58.60,54.40,48.10,43.10
1964,MINNESOTA,45.30,51.80,59.00,52.10,44.30,33.80
1965,MINNESOTA,43.90,51.40,55.50,53.00,40.70,36.10
1966,MINNESOTA,37.50,52.90,60.20,53.30,44.70,32.80
1967,MINNESOTA,36.30,51.80,54.40,51.20,44.70,32.80
1968,MINNESOTA,39.60,52.10,55.90,54.30,46.70,36.90
1969,MINNESOTA,43.10,46.10,56.50,56.70,46.60,32.40
1970,MINNESOTA,41.50,54.90,58.20,54.60,46.30,35.70
1971,MINNESOTA,38.60,55.70,53.00,52.40,46.50,39.10
1972,MINNESOTA,46.30,50.90,54.80,55.40,43.40,31.60
1973,MINNESOTA,40.70,53.00,56.40,58.20,45.40,40.20
1974,MINNESOTA,40.10,50.80,60.00,52.40,40.00,34.60
1975,MINNESOTA,44.60,53.10,59.80,54.80,42.60,36.30
1976,MINNESOTA,39.80,53.80,56.40,55.10,43.00,27.90
1977,MINNESOTA,50.90,53.20,58.50,50.10,47.40,34.30
1978,MINNESOTA,44.90,51.50,56.90,55.20,50.00,34.80
1979,MINNESOTA,38.50,50.60,57.40,53.30,46.60,32.80
1980,MINNESOTA,44.20,51.80,57.20,55.00,44.90,31.90
1981,MINNESOTA,41.20,52.10,57.70,56.40,44.60,33.90
1982,MINNESOTA,46.50,47.00,58.30,53.80,45.90,37.30
1983,MINNESOTA,38.40,52.60,61.50,60.00,47.50,35.90
1984,MINNESOTA,40.40,54.20,56.30,57.90,41.60,38.50
1985,MINNESOTA,46.10,48.30,55.20,52.20,45.60,32.90
1986,MINNESOTA,44.20,53.00,59.40,51.60,46.50,34.90
1987,MINNESOTA,46.40,54.20,60.20,53.80,46.80,30.50
1988,MINNESOTA,47.10,56.10,58.70,57.50,46.40,29.50
1989,MINNESOTA,42.10,50.90,59.60,55.50,45.00,32.80
1990,MINNESOTA,40.00,54.10,56.20,55.50,47.70,31.60
1991,MINNESOTA,48.30,57.20,57.70,56.80,45.50,31.40
1992,MINNESOTA,44.00,49.70,51.60,51.20,43.80,32.20
1993,MINNESOTA,42.40,50.50,56.90,56.30,41.20,30.90
1994,MINNESOTA,43.80,54.60,55.80,52.80,49.30,39.60
1995,MINNESOTA,41.50,56.70,57.40,58.80,44.30,35.50
1996,MINNESOTA,40.50,54.00,55.40,55.60,47.10,34.20
1997,MINNESOTA,37.80,54.60,57.90,54.10,48.40,35.60
1998,MINNESOTA,47.00,52.20,57.90,57.50,49.20,38.20
1999,MINNESOTA,45.90,53.80,60.30,55.60,45.60,32.70
2000,MINNESOTA,44.50,50.40,57.70,56.30,44.10,37.20
2001,MINNESOTA,45.30,53.90,58.80,57.30,46.40,34.00
2002,MINNESOTA,37.30,55.70,61.00,56.20,49.40,29.80
2003,MINNESOTA,41.90,52.10,57.30,57.90,46.20,35.80
2004,MINNESOTA,39.90,49.30,55.60,49.70,51.30,37.40
2005,MINNESOTA,42.40,57.10,59.20,54.90,49.90,37.40
2006,MINNESOTA,45.80,53.60,60.30,56.10,45.40,32.00
2007,MINNESOTA,46.30,55.70,58.60,55.30,47.40,40.10
2008,MINNESOTA,39.00,51.80,56.80,54.40,47.60,36.10
2009,MINNESOTA,40.20,51.00,53.10,53.20,51.00,33.30
2010,MINNESOTA,44.20,53.70,59.40,59.30,45.00,37.30
2011,MINNESOTA,42.80,53.20,61.80,56.60,45.30,38.80
2012,MINNESOTA,46.40,54.70,62.60,53.90,42.80,33.60
2013,MINNESOTA,42.00,53.30,58.10,55.60,50.00,36.00
2014,MINNESOTA,43.30,54.80,55.90,56.90,47.70,36.10
2015,MINNESOTA,42.60,53.30,58.60,54.90,52.70,37.20
2016,MINNESOTA,44.00,54.40,58.80,57.50,51.20,38.60
2017,MINNESOTA,42.30,53.00,57.50,53.10,49.90,37.10
2018,MINNESOTA,47.50,56.40,58.70,56.40,49.30,32.70
2019,MINNESOTA,39.70,52.80,59.70,54.50,50.90,34.80
2020,MINNESOTA,42.20,55.80,60.20,57.00,,
1895,MISSOURI,52.70,61.80,64.50,64.10,59.60,36.90
1896,MISSOURI,58.40,61.80,66.40,64.70,53.50,41.10
1897,MISSOURI,49.50,62.40,67.30,61.40,58.20,47.60
1898,MISSOURI,54.40,64.90,65.60,64.60,60.00,43.00
1899,MISSOURI,55.90,63.10,64.10,66.60,53.10,48.10
1900,MISSOURI,54.00,62.00,65.70,67.50,60.10,49.60
1901,MISSOURI,50.50,63.60,70.10,64.10,55.00,45.70
1902,MISSOURI,58.10,60.60,66.10,63.90,51.00,46.00
1903,MISSOURI,55.10,56.00,66.20,63.30,53.20,44.30
1904,MISSOURI,52.00,60.40,63.20,61.70,57.70,43.70
1905,MISSOURI,54.00,63.50,63.50,64.50,58.40,43.10
1906,MISSOURI,53.10,60.40,62.10,64.40,60.30,42.40
1907,MISSOURI,47.40,59.10,66.40,65.40,55.40,42.70
1908,MISSOURI,54.50,61.30,64.20,63.70,56.70,41.80
1909,MISSOURI,50.70,62.50,65.70,65.70,55.40,42.30
1910,MISSOURI,49.40,58.50,65.80,63.40,58.00,45.30
1911,MISSOURI,55.30,65.00,65.30,64.00,62.20,46.10
1912,MISSOURI,55.20,57.60,67.00,64.30,55.90,44.10
1913,MISSOURI,53.40,61.40,67.50,67.20,57.20,42.60
1914,MISSOURI,53.40,66.30,67.90,65.10,57.80,47.70
1915,MISSOURI,51.70,59.60,63.80,59.40,59.00,44.80
1916,MISSOURI,53.80,58.80,67.60,66.30,54.30,43.80
1917,MISSOURI,46.90,58.80,65.00,61.00,54.40,35.80
1918,MISSOURI,56.60,64.30,63.40,68.40,49.20,48.80
1919,MISSOURI,51.20,64.10,66.30,63.10,57.30,47.00
1920,MISSOURI,53.30,60.30,63.90,61.10,58.20,48.50
1921,MISSOURI,53.90,65.50,67.90,65.50,62.40,43.00
1922,MISSOURI,55.20,63.20,64.80,64.10,57.30,44.70
1923,MISSOURI,51.30,63.30,66.20,65.00,57.50,41.30
1924,MISSOURI,46.60,62.20,61.80,65.50,51.50,46.40
1925,MISSOURI,48.30,64.60,65.80,62.40,62.60,38.90
1926,MISSOURI,53.30,58.30,65.10,65.50,59.30,46.30
1927,MISSOURI,53.60,59.70,63.60,59.60,58.60,46.00
1928,MISSOURI,52.30,57.70,66.40,65.40,51.00,48.10
1929,MISSOURI,50.60,60.00,66.70,62.80,55.60,45.00
1930,MISSOURI,52.70,59.70,66.80,64.30,58.80,43.40
1931,MISSOURI,49.10,64.50,67.50,62.80,62.80,49.70
1932,MISSOURI,52.40,63.50,67.80,64.90,54.30,41.70
1933,MISSOURI,55.10,63.90,67.10,63.50,62.10,43.10
1934,MISSOURI,54.20,66.50,71.00,67.00,53.80,47.30
1935,MISSOURI,50.80,59.30,69.20,65.60,54.60,44.80
1936,MISSOURI,55.60,61.30,70.40,69.50,62.10,44.80
1937,MISSOURI,54.20,62.90,65.60,67.70,55.20,42.80
1938,MISSOURI,53.80,60.90,67.00,67.90,57.20,46.80
1939,MISSOURI,54.80,63.70,67.30,62.60,59.80,45.60
1940,MISSOURI,49.50,61.50,64.60,64.00,54.30,47.30
1941,MISSOURI,55.40,62.40,66.30,66.10,59.30,51.20
1942,MISSOURI,51.80,62.60,66.60,63.40,54.90,44.20
1943,MISSOURI,53.00,65.30,66.80,67.00,52.30,42.40
1944,MISSOURI,56.70,64.60,63.50,64.40,56.80,44.40
1945,MISSOURI,49.00,59.40,62.80,63.80,57.40,43.40
1946,MISSOURI,50.10,61.70,65.60,62.70,54.40,46.70
1947,MISSOURI,49.50,61.80,62.40,69.60,57.70,51.40
1948,MISSOURI,51.30,60.80,66.00,63.70,56.60,40.20
1949,MISSOURI,55.50,64.30,68.60,62.10,49.70,46.50
1950,MISSOURI,54.20,61.40,61.60,59.90,55.00,48.00
1951,MISSOURI,52.00,60.20,66.20,64.20,53.60,46.00
1952,MISSOURI,52.00,67.20,66.50,63.50,52.30,35.60
1953,MISSOURI,53.70,67.00,65.80,62.80,54.70,45.40
1954,MISSOURI,48.00,64.40,69.70,67.40,58.00,47.10
1955,MISSOURI,55.30,57.80,69.40,64.50,57.00,43.50
1956,MISSOURI,56.20,62.30,65.60,65.20,53.60,48.20
1957,MISSOURI,53.70,62.60,67.60,64.10,53.50,41.70
1958,MISSOURI,53.00,59.90,65.60,64.40,57.30,43.80
1959,MISSOURI,57.00,61.90,63.20,66.90,57.10,43.70
1960,MISSOURI,49.80,61.10,63.80,65.10,57.90,46.20
1961,MISSOURI,49.10,58.80,64.90,62.60,55.90,45.30
1962,MISSOURI,59.70,61.40,65.20,63.20,55.10,48.80
1963,MISSOURI,53.20,63.40,66.20,64.00,56.50,51.40
1964,MISSOURI,56.60,61.90,66.70,62.20,56.60,40.00
1965,MISSOURI,57.30,62.10,65.20,62.40,57.70,43.40
1966,MISSOURI,49.20,59.40,68.90,61.10,53.30,40.40
1967,MISSOURI,49.40,61.80,62.20,58.30,52.80,44.10
1968,MISSOURI,49.60,62.80,64.70,65.30,53.90,43.90
1969,MISSOURI,53.00,59.20,68.60,63.00,56.50,43.50
1970,MISSOURI,55.40,61.30,63.80,65.50,59.30,45.10
1971,MISSOURI,49.10,65.10,62.60,61.40,58.70,50.30
1972,MISSOURI,52.40,59.10,64.60,63.70,59.90,44.20
1973,MISSOURI,49.70,62.20,66.00,64.10,60.10,49.50
1974,MISSOURI,54.50,57.70,66.20,62.40,50.30,44.50
1975,MISSOURI,54.90,62.60,64.60,65.60,52.60,44.60
1976,MISSOURI,47.90,59.00,65.20,61.00,54.00,38.50
1977,MISSOURI,57.70,63.20,68.40,64.90,59.70,43.60
1978,MISSOURI,52.50,61.80,67.50,63.60,59.40,40.70
1979,MISSOURI,51.50,60.80,65.50,63.70,53.20,44.00
1980,MISSOURI,52.10,62.30,70.00,67.90,58.30,40.40
1981,MISSOURI,49.40,63.80,68.40,63.10,54.90,44.10
1982,MISSOURI,56.20,58.30,67.30,63.90,55.60,43.10
1983,MISSOURI,49.80,60.30,67.60,68.30,56.20,46.90
1984,MISSOURI,49.60,63.80,63.20,63.50,54.20,48.20
1985,MISSOURI,54.10,59.50,64.80,63.00,57.20,47.40
1986,MISSOURI,55.30,64.80,69.10,60.40,60.70,46.70
1987,MISSOURI,57.80,63.80,67.60,65.60,54.90,38.40
1988,MISSOURI,52.50,60.80,66.10,66.40,56.10,39.30
1989,MISSOURI,49.90,59.90,65.90,63.60,52.70,44.90
1990,MISSOURI,50.60,63.40,65.90,64.10,58.90,41.30
1991,MISSOURI,59.20,64.60,66.10,63.50,56.20,44.80
1992,MISSOURI,50.40,58.90,65.50,58.70,54.20,43.00
1993,MISSOURI,52.70,61.70,68.90,66.80,52.70,42.20
1994,MISSOURI,50.20,64.50,64.10,61.60,54.00,46.50
1995,MISSOURI,51.50,61.40,66.20,68.70,53.30,43.70
1996,MISSOURI,55.60,62.40,64.40,64.20,53.60,44.40
1997,MISSOURI,47.30,61.50,66.30,63.10,57.00,45.60
1998,MISSOURI,58.10,63.20,68.80,66.30,62.00,47.00
1999,MISSOURI,52.40,62.70,69.00,63.00,52.60,42.60
2000,MISSOURI,56.00,61.00,66.40,68.20,55.30,48.40
2001,MISSOURI,54.90,61.20,68.90,65.80,54.40,43.70
2002,MISSOURI,50.10,64.00,68.10,65.90,58.20,42.90
2003,MISSOURI,52.40,58.40,66.80,66.80,53.00,44.80
2004,MISSOURI,56.60,60.60,64.60,59.90,55.70,47.80
2005,MISSOURI,50.30,63.60,66.20,67.10,60.40,44.90
2006,MISSOURI,53.90,61.90,67.50,67.30,53.10,42.20
2007,MISSOURI,57.60,63.10,65.10,69.40,58.70,48.40
2008,MISSOURI,51.10,63.40,66.40,63.30,56.80,43.80
2009,MISSOURI,53.30,64.20,62.60,61.90,56.50,41.80
2010,MISSOURI,54.20,66.90,69.30,67.20,57.70,44.10
2011,MISSOURI,52.40,65.20,71.80,66.40,52.80,43.60
2012,MISSOURI,57.20,61.90,70.30,62.40,55.40,43.00
2013,MISSOURI,52.60,62.80,64.10,64.30,58.60,44.40
2014,MISSOURI,54.10,64.60,61.60,65.90,55.80,46.30
2015,MISSOURI,54.80,65.20,68.20,62.80,60.30,45.80
2016,MISSOURI,51.70,65.70,68.40,67.20,60.60,50.60
2017,MISSOURI,52.60,62.00,67.90,61.30,57.90,47.20
2018,MISSOURI,60.90,66.50,66.80,65.80,60.90,45.70
2019,MISSOURI,54.70,62.20,67.60,65.50,64.00,43.20
2020,MISSOURI,52.20,64.10,69.00,63.10,,
1895,NEBRASKA,44.10,53.10,56.90,56.60,49.30,30.10
1896,NEBRASKA,49.20,54.70,59.70,57.40,45.00,31.30
1897,NEBRASKA,44.30,54.50,59.10,55.60,54.20,38.30
1898,NEBRASKA,44.70,56.70,59.00,58.20,47.20,31.80
1899,NEBRASKA,45.40,54.80,59.10,59.30,46.80,36.00
1900,NEBRASKA,48.20,56.40,59.60,61.80,49.90,39.30
1901,NEBRASKA,45.60,56.00,64.60,58.60,48.40,38.20
1902,NEBRASKA,49.20,52.70,58.60,58.30,43.80,37.30
1903,NEBRASKA,45.50,51.20,60.10,57.90,45.20,36.50
1904,NEBRASKA,45.10,53.40,57.60,56.40,47.50,38.90
1905,NEBRASKA,43.30,55.80,57.40,59.60,50.60,32.40
1906,NEBRASKA,45.70,51.40,55.20,58.00,49.50,34.60
1907,NEBRASKA,38.60,53.20,59.90,57.40,47.40,35.20
1908,NEBRASKA,43.10,53.70,58.80,56.50,50.40,35.30
1909,NEBRASKA,42.00,56.00,61.00,61.60,48.30,34.90
1910,NEBRASKA,41.10,54.80,59.30,55.70,50.10,37.50
1911,NEBRASKA,46.50,58.20,59.00,55.80,52.80,34.70
1912,NEBRASKA,45.40,51.30,60.60,57.10,45.50,35.50
1913,NEBRASKA,45.70,56.80,59.90,60.10,48.20,32.10
1914,NEBRASKA,46.50,58.10,61.70,58.50,49.90,38.80
1915,NEBRASKA,42.40,51.90,56.90,54.30,49.00,37.90
1916,NEBRASKA,43.20,51.00,63.90,58.80,46.00,34.40
1917,NEBRASKA,40.00,51.80,59.90,53.70,49.70,29.30
1918,NEBRASKA,46.50,57.80,59.70,59.40,43.10,40.50
1919,NEBRASKA,43.40,56.80,62.70,57.40,52.90,32.40
1920,NEBRASKA,46.00,55.50,59.30,54.80,48.50,39.30
1921,NEBRASKA,47.00,58.70,61.90,58.70,50.00,36.60
1922,NEBRASKA,45.70,56.60,58.10,60.50,50.70,35.60
1923,NEBRASKA,44.10,57.20,63.00,57.00,49.30,35.10
1924,NEBRASKA,37.90,53.20,56.80,58.70,45.80,40.90
1925,NEBRASKA,43.70,56.30,59.90,58.10,52.70,28.60
1926,NEBRASKA,49.00,52.80,61.10,59.20,48.80,38.00
1927,NEBRASKA,44.90,53.80,58.20,55.20,49.60,37.50
1928,NEBRASKA,46.60,50.30,60.50,57.90,45.20,37.20
1929,NEBRASKA,43.40,53.10,62.30,59.70,46.60,37.90
1930,NEBRASKA,43.80,53.30,62.40,61.20,49.00,37.00
1931,NEBRASKA,41.80,60.50,61.60,57.90,55.00,40.40
1932,NEBRASKA,47.10,56.10,62.60,60.40,46.60,33.40
1933,NEBRASKA,44.30,60.80,62.60,58.10,53.40,35.40
1934,NEBRASKA,52.00,58.70,65.20,60.20,43.50,40.10
1935,NEBRASKA,42.50,53.30,65.60,60.00,48.20,33.90
1936,NEBRASKA,50.20,57.10,66.00,62.30,52.10,33.70
1937,NEBRASKA,48.10,54.80,62.50,63.90,51.30,36.70
1938,NEBRASKA,45.70,56.40,61.90,62.00,51.80,41.30
1939,NEBRASKA,49.80,55.30,63.20,56.80,51.20,36.40
1940,NEBRASKA,43.60,55.60,64.30,58.20,53.50,41.00
1941,NEBRASKA,50.40,56.00,60.80,60.00,50.40,39.50
1942,NEBRASKA,43.70,55.90,60.60,59.00,46.40,36.70
1943,NEBRASKA,42.20,55.60,62.00,61.90,46.00,34.20
1944,NEBRASKA,48.70,55.80,59.60,59.70,47.70,36.60
1945,NEBRASKA,41.50,50.40,59.80,59.10,46.60,36.50
1946,NEBRASKA,41.40,55.40,61.40,57.70,49.20,36.60
1947,NEBRASKA,41.90,52.60,59.90,63.60,50.10,43.70
1948,NEBRASKA,45.50,54.70,60.60,59.40,51.80,33.60
1949,NEBRASKA,49.10,56.90,61.60,58.80,44.70,37.50
1950,NEBRASKA,42.50,53.50,56.80,54.80,48.40,39.20
1951,NEBRASKA,45.90,50.60,59.30,58.50,45.60,36.20
1952,NEBRASKA,45.60,59.70,59.40,59.60,49.00,31.00
1953,NEBRASKA,43.60,58.70,61.50,59.70,47.80,39.30
1954,NEBRASKA,42.70,56.90,64.00,60.50,51.90,37.40
1955,NEBRASKA,47.60,53.40,64.60,62.20,50.80,37.00
1956,NEBRASKA,47.60,59.20,59.70,58.50,47.30,40.00
1957,NEBRASKA,45.60,53.90,63.60,60.70,46.00,39.60
1958,NEBRASKA,48.20,54.10,58.60,59.40,50.50,36.40
1959,NEBRASKA,46.80,58.10,58.20,62.00,47.70,33.20
1960,NEBRASKA,44.00,54.70,59.80,58.60,50.00,37.30
1961,NEBRASKA,44.50,55.30,59.70,59.70,45.60,36.20
1962,NEBRASKA,50.00,55.60,59.70,57.50,47.10,39.00
1963,NEBRASKA,47.00,59.10,63.40,60.20,54.20,44.30
1964,NEBRASKA,48.10,54.40,63.60,56.00,48.20,34.70
1965,NEBRASKA,47.40,56.50,60.90,57.00,43.50,38.80
1966,NEBRASKA,43.20,55.50,65.50,56.00,48.90,34.50
1967,NEBRASKA,41.80,54.10,58.90,55.20,47.50,36.00
1968,NEBRASKA,41.00,55.80,60.10,58.40,47.10,37.60
1969,NEBRASKA,47.70,50.60,62.20,60.60,51.90,34.00
1970,NEBRASKA,47.70,55.40,60.50,60.80,47.50,34.10
1971,NEBRASKA,43.90,58.50,57.20,58.70,46.90,38.30
1972,NEBRASKA,46.60,56.00,58.50,57.90,48.70,35.10
1973,NEBRASKA,42.40,54.80,60.50,60.90,49.00,39.70
1974,NEBRASKA,46.40,53.30,63.00,55.30,42.90,38.80
1975,NEBRASKA,45.80,54.10,61.50,59.90,45.30,36.20
1976,NEBRASKA,43.20,53.80,62.00,58.70,48.70,31.80
1977,NEBRASKA,52.40,58.90,63.10,57.30,50.80,37.10
1978,NEBRASKA,45.90,55.80,61.00,57.30,51.30,34.60
1979,NEBRASKA,43.20,54.60,61.40,58.40,50.10,36.90
1980,NEBRASKA,45.40,57.40,63.20,60.00,49.20,34.30
1981,NEBRASKA,44.00,56.20,62.40,58.50,48.80,37.00
1982,NEBRASKA,47.10,51.70,61.70,60.80,49.30,36.70
1983,NEBRASKA,41.60,54.90,62.60,64.90,49.50,39.20
1984,NEBRASKA,45.10,56.20,60.80,60.90,45.30,37.40
1985,NEBRASKA,48.40,51.90,60.80,57.00,49.10,36.40
1986,NEBRASKA,46.10,58.80,62.10,57.20,51.40,38.60
1987,NEBRASKA,51.00,57.10,61.90,57.60,47.00,31.90
1988,NEBRASKA,48.90,60.30,60.90,59.70,48.50,34.50
1989,NEBRASKA,44.90,52.50,62.00,59.40,47.70,36.20
1990,NEBRASKA,43.80,57.40,59.60,59.50,52.10,35.40
1991,NEBRASKA,49.50,60.00,60.60,59.60,49.20,34.20
1992,NEBRASKA,44.80,53.60,56.50,55.00,48.00,36.60
1993,NEBRASKA,45.70,53.30,59.90,59.30,44.60,35.60
1994,NEBRASKA,48.10,58.20,57.70,58.50,50.10,39.70
1995,NEBRASKA,42.80,54.60,59.70,62.90,48.00,35.80
1996,NEBRASKA,46.40,57.10,59.40,58.90,48.90,36.60
1997,NEBRASKA,41.70,56.60,61.30,59.20,51.90,38.40
1998,NEBRASKA,48.30,52.50,63.80,61.10,54.40,40.00
1999,NEBRASKA,45.80,55.60,63.50,59.20,46.00,34.90
2000,NEBRASKA,48.00,53.10,62.20,62.60,49.10,39.60
2001,NEBRASKA,47.60,55.10,64.90,60.40,50.30,36.60
2002,NEBRASKA,42.10,59.90,64.00,59.80,50.90,33.50
2003,NEBRASKA,45.20,54.00,62.00,61.60,46.10,38.90
2004,NEBRASKA,46.90,52.70,59.20,55.00,52.40,40.00
2005,NEBRASKA,44.20,58.40,61.90,59.60,52.80,37.60
2006,NEBRASKA,46.60,57.70,63.40,60.50,45.90,35.00
2007,NEBRASKA,49.40,56.70,63.40,63.80,50.80,40.20
2008,NEBRASKA,43.30,54.40,61.60,59.00,48.70,37.30
2009,NEBRASKA,45.90,55.30,57.80,56.50,49.30,32.70
2010,NEBRASKA,44.30,57.50,62.50,61.60,48.70,38.90
2011,NEBRASKA,43.80,55.60,65.90,61.60,45.60,38.30
2012,NEBRASKA,47.50,58.90,64.80,57.40,46.60,34.20
2013,NEBRASKA,45.70,55.60,60.50,61.90,54.50,36.70
2014,NEBRASKA,45.20,55.80,58.10,59.90,49.70,38.40
2015,NEBRASKA,45.40,58.20,60.60,58.00,55.30,41.20
2016,NEBRASKA,44.60,59.20,61.80,59.50,51.70,40.60
2017,NEBRASKA,44.30,56.40,63.10,56.40,51.30,37.50
2018,NEBRASKA,51.00,59.80,61.60,58.30,53.80,35.10
2019,NEBRASKA,42.50,55.30,62.50,60.60,55.60,31.00
2020,NEBRASKA,45.30,59.80,62.50,60.10,,
1895,NORTH DAKOTA,40.20,47.00,53.00,48.50,40.30,24.80
1896,NORTH DAKOTA,44.50,52.60,54.00,49.00,39.10,25.10
1897,NORTH DAKOTA,40.60,49.60,55.80,49.50,47.40,31.90
1898,NORTH DAKOTA,38.80,50.60,54.10,51.60,41.80,28.60
1899,NORTH DAKOTA,39.50,50.10,54.70,51.80,40.00,30.30
1900,NORTH DAKOTA,43.20,52.50,53.80,57.00,43.50,35.60
1901,NORTH DAKOTA,44.80,50.20,59.30,52.50,41.30,33.00
1902,NORTH DAKOTA,43.90,46.60,53.70,50.50,37.40,28.70
1903,NORTH DAKOTA,39.40,49.00,52.60,51.00,39.00,32.40
1904,NORTH DAKOTA,40.70,49.70,50.70,48.40,41.10,33.20
1905,NORTH DAKOTA,37.40,48.90,53.80,54.50,44.70,27.80
1906,NORTH DAKOTA,40.30,51.30,55.20,53.60,47.40,31.60
1907,NORTH DAKOTA,31.20,50.40,53.40,50.30,38.80,28.90
1908,NORTH DAKOTA,38.60,50.00,55.10,48.60,46.50,31.60
1909,NORTH DAKOTA,39.30,52.40,56.40,55.10,44.40,29.70
1910,NORTH DAKOTA,36.10,53.20,55.10,48.80,42.20,33.30
1911,NORTH DAKOTA,40.90,54.70,51.10,50.00,42.50,31.90
1912,NORTH DAKOTA,42.60,49.20,54.30,51.80,40.10,30.60
1913,NORTH DAKOTA,39.00,53.30,52.80,54.30,42.80,27.60
1914,NORTH DAKOTA,41.60,51.20,58.80,50.30,44.00,35.20
1915,NORTH DAKOTA,39.00,45.40,51.20,49.80,42.70,32.60
1916,NORTH DAKOTA,38.30,47.30,61.40,52.30,41.10,28.10
1917,NORTH DAKOTA,35.60,45.80,56.00,49.40,42.00,23.40
1918,NORTH DAKOTA,38.20,51.00,52.20,53.20,37.40,32.90
1919,NORTH DAKOTA,42.60,55.00,57.40,53.50,46.30,21.20
1920,NORTH DAKOTA,40.70,50.50,55.70,53.60,45.30,35.00
1921,NORTH DAKOTA,41.40,56.80,58.30,51.80,45.10,33.40
1922,NORTH DAKOTA,44.90,53.00,52.90,55.30,45.50,31.40
1923,NORTH DAKOTA,40.30,53.60,59.10,49.50,45.10,31.60
1924,NORTH DAKOTA,33.70,47.10,52.50,49.60,41.30,36.50
1925,NORTH DAKOTA,38.20,50.40,53.10,51.80,45.40,23.70
1926,NORTH DAKOTA,43.80,47.80,56.00,52.10,39.80,30.60
1927,NORTH DAKOTA,38.80,49.60,53.60,49.60,43.50,33.60
1928,NORTH DAKOTA,42.90,46.20,55.70,51.00,39.60,29.70
1929,NORTH DAKOTA,35.20,47.80,55.40,51.80,39.80,33.50
1930,NORTH DAKOTA,38.40,51.30,57.10,55.80,41.60,29.80
1931,NORTH DAKOTA,38.10,54.80,56.70,53.40,46.10,34.70
1932,NORTH DAKOTA,42.50,55.30,55.80,54.20,41.00,27.90
1933,NORTH DAKOTA,42.40,56.20,57.30,53.20,45.80,27.70
1934,NORTH DAKOTA,46.60,51.10,56.50,51.60,39.00,36.20
1935,NORTH DAKOTA,39.00,48.90,61.30,51.90,41.80,27.90
1936,NORTH DAKOTA,45.10,51.70,63.70,55.10,45.10,27.20
1937,NORTH DAKOTA,43.70,50.60,58.90,57.40,43.80,32.30
1938,NORTH DAKOTA,40.70,51.60,56.20,53.50,46.40,37.30
1939,NORTH DAKOTA,45.60,48.60,58.00,52.80,42.90,29.60
1940,NORTH DAKOTA,40.70,49.70,57.70,54.10,47.30,37.60
1941,NORTH DAKOTA,45.90,53.50,57.20,54.80,43.80,32.10
1942,NORTH DAKOTA,38.50,49.20,54.50,53.10,41.00,32.60
1943,NORTH DAKOTA,37.40,49.40,57.40,53.60,41.00,32.60
1944,NORTH DAKOTA,45.10,50.60,54.10,52.80,43.70,32.20
1945,NORTH DAKOTA,34.60,46.30,54.40,52.60,40.80,30.00
1946,NORTH DAKOTA,37.60,49.80,57.20,50.90,43.30,29.50
1947,NORTH DAKOTA,36.10,49.10,57.00,57.20,42.20,37.70
1948,NORTH DAKOTA,41.50,50.70,57.00,54.60,47.60,31.40
1949,NORTH DAKOTA,42.40,50.20,55.40,55.40,39.70,31.40
1950,NORTH DAKOTA,38.50,48.40,53.10,49.80,44.30,33.30
1951,NORTH DAKOTA,41.80,46.50,54.00,51.70,41.50,31.00
1952,NORTH DAKOTA,40.70,51.30,53.70,52.30,45.20,27.60
1953,NORTH DAKOTA,40.20,52.00,55.20,55.40,42.50,36.20
1954,NORTH DAKOTA,36.50,49.90,57.20,53.20,43.60,31.60
1955,NORTH DAKOTA,44.10,50.30,58.70,56.20,41.50,32.00
1956,NORTH DAKOTA,40.70,55.00,53.90,52.30,39.90,32.80
1957,NORTH DAKOTA,40.70,48.40,59.20,54.60,41.70,33.30
1958,NORTH DAKOTA,41.30,46.00,52.10,53.50,42.90,32.00
1959,NORTH DAKOTA,38.40,52.50,54.80,54.20,42.80,28.20
1960,NORTH DAKOTA,40.30,49.30,56.40,54.00,43.90,31.60
1961,NORTH DAKOTA,38.10,52.00,55.00,56.00,40.30,32.30
1962,NORTH DAKOTA,42.40,52.40,53.30,53.50,40.60,35.00
1963,NORTH DAKOTA,39.50,54.30,57.90,54.70,46.90,40.20
1964,NORTH DAKOTA,43.00,50.40,57.90,50.40,39.80,31.60
1965,NORTH DAKOTA,40.30,50.80,55.80,52.40,35.20,33.70
1966,NORTH DAKOTA,37.80,50.70,59.00,51.30,43.90,31.10
1967,NORTH DAKOTA,35.90,49.10,52.60,50.80,45.60,32.10
1968,NORTH DAKOTA,37.00,49.70,53.70,51.00,44.10,32.20
1969,NORTH DAKOTA,40.60,44.80,55.20,56.00,44.70,28.90
1970,NORTH DAKOTA,40.00,54.10,56.90,53.20,43.40,30.60
1971,NORTH DAKOTA,38.80,53.30,51.40,54.20,43.20,33.60
1972,NORTH DAKOTA,44.60,51.30,51.40,54.70,40.50,28.20
1973,NORTH DAKOTA,39.60,50.60,53.30,56.50,42.80,36.00
1974,NORTH DAKOTA,39.20,49.70,58.20,49.30,38.20,32.10
1975,NORTH DAKOTA,41.70,51.20,59.10,52.10,41.10,34.00
1976,NORTH DAKOTA,40.00,53.00,54.80,54.90,42.20,26.40
1977,NORTH DAKOTA,49.30,52.50,56.20,47.70,45.40,33.30
1978,NORTH DAKOTA,44.40,50.20,55.20,52.40,47.30,32.40
1979,NORTH DAKOTA,36.70,50.60,57.00,51.80,44.20,31.90
1980,NORTH DAKOTA,43.30,51.00,55.70,51.50,43.10,32.00
1981,NORTH DAKOTA,40.80,48.80,56.60,55.40,42.90,32.10
1982,NORTH DAKOTA,43.10,47.00,56.30,52.70,41.70,34.00
1983,NORTH DAKOTA,36.40,49.90,59.00,58.90,43.10,33.00
1984,NORTH DAKOTA,38.10,51.40,55.50,56.80,38.40,32.90
1985,NORTH DAKOTA,44.40,46.10,54.00,50.60,41.50,30.70
1986,NORTH DAKOTA,42.30,52.50,55.90,50.80,43.10,32.90
1987,NORTH DAKOTA,46.20,53.10,57.60,51.20,44.20,28.40
1988,NORTH DAKOTA,45.80,59.00,56.70,54.30,42.60,28.40
1989,NORTH DAKOTA,42.20,48.60,59.30,54.70,42.70,30.50
1990,NORTH DAKOTA,39.30,51.80,54.70,54.80,45.70,29.00
1991,NORTH DAKOTA,45.60,55.10,55.80,56.50,43.90,27.20
1992,NORTH DAKOTA,42.00,48.70,50.30,49.10,41.00,29.90
1993,NORTH DAKOTA,40.80,47.70,52.70,53.00,38.90,27.80
1994,NORTH DAKOTA,43.10,52.60,53.10,51.90,46.10,36.80
1995,NORTH DAKOTA,39.90,54.30,55.80,56.00,41.90,32.50
1996,NORTH DAKOTA,39.10,52.70,54.40,54.40,44.30,30.60
1997,NORTH DAKOTA,38.20,53.80,57.40,53.60,46.10,32.80
1998,NORTH DAKOTA,43.60,49.40,57.30,57.40,47.70,35.00
1999,NORTH DAKOTA,43.30,51.20,56.70,54.50,41.80,30.60
2000,NORTH DAKOTA,42.10,48.50,57.50,55.00,43.60,33.90
2001,NORTH DAKOTA,42.80,51.40,58.40,55.70,45.20,30.30
2002,NORTH DAKOTA,34.60,53.10,59.10,53.40,45.60,25.60
2003,NORTH DAKOTA,41.40,50.80,56.60,57.90,43.30,34.00
2004,NORTH DAKOTA,37.60,46.90,54.40,48.80,46.30,32.90
2005,NORTH DAKOTA,39.80,54.50,57.20,52.60,45.40,33.60
2006,NORTH DAKOTA,42.50,52.50,58.20,54.80,43.00,28.60
2007,NORTH DAKOTA,43.50,53.50,59.70,52.80,44.00,34.90
2008,NORTH DAKOTA,37.70,48.80,55.40,54.80,43.50,32.50
2009,NORTH DAKOTA,38.00,48.50,52.30,52.00,49.70,31.10
2010,NORTH DAKOTA,41.60,52.20,56.40,56.00,43.60,35.10
2011,NORTH DAKOTA,40.60,51.70,59.70,56.00,44.30,36.30
2012,NORTH DAKOTA,42.10,52.80,60.80,52.60,41.70,31.30
2013,NORTH DAKOTA,41.00,52.30,56.20,55.60,49.40,31.90
2014,NORTH DAKOTA,41.60,51.90,54.60,56.10,44.80,34.60
2015,NORTH DAKOTA,39.80,53.20,57.50,53.70,48.00,35.90
2016,NORTH DAKOTA,42.80,53.30,57.30,54.30,47.00,35.70
2017,NORTH DAKOTA,40.90,51.30,57.80,52.10,45.80,32.00
2018,NORTH DAKOTA,46.00,55.30,56.40,53.20,43.00,28.40
2019,NORTH DAKOTA,37.30,51.30,57.60,53.40,48.00,29.00
2020,NORTH DAKOTA,40.00,53.60,57.90,55.30,,
1895,OHIO,47.60,58.30,58.00,59.70,56.00,32.60
1896,OHIO,55.60,57.60,62.90,60.00,50.70,37.00
1897,OHIO,44.70,55.10,64.20,56.80,49.60,42.50
1898,OHIO,50.00,58.80,63.70,62.20,55.70,43.30
1899,OHIO,51.70,59.00,61.60,60.10,51.20,43.70
1900,OHIO,49.20,58.40,62.00,63.90,57.00,46.60
1901,OHIO,47.40,59.00,66.10,61.60,52.50,39.40
1902,OHIO,49.80,55.60,62.50,56.20,51.40,42.70
1903,OHIO,50.60,53.70,60.80,58.20,50.70,41.30
1904,OHIO,48.80,57.40,59.60,55.50,52.80,39.00
1905,OHIO,49.20,58.00,62.40,60.20,52.60,40.60
1906,OHIO,48.50,58.20,60.50,63.50,56.40,41.50
1907,OHIO,42.70,54.40,61.20,57.40,54.30,36.60
1908,OHIO,51.90,56.30,61.80,57.50,50.90,39.20
1909,OHIO,47.20,59.50,59.10,59.60,50.40,35.60
1910,OHIO,44.70,53.60,62.50,57.30,54.60,43.80
1911,OHIO,51.80,58.90,60.50,60.80,56.50,41.90
1912,OHIO,50.50,53.90,62.90,58.40,55.20,40.60
1913,OHIO,47.40,55.40,62.20,60.30,51.00,42.50
1914,OHIO,48.20,57.60,60.60,59.90,49.80,45.10
1915,OHIO,45.90,55.00,60.40,57.40,55.20,42.30
1916,OHIO,50.00,52.90,63.70,61.10,49.90,37.40
1917,OHIO,42.60,55.00,60.80,58.60,47.70,34.60
1918,OHIO,53.40,55.60,57.70,63.60,45.60,43.50
1919,OHIO,46.80,61.70,61.60,57.70,52.70,48.40
1920,OHIO,45.30,56.80,58.10,59.10,53.50,43.60
1921,OHIO,49.60,60.60,65.00,57.70,58.40,40.60
1922,OHIO,51.60,58.40,60.60,56.80,53.60,41.60
1923,OHIO,44.10,58.00,59.60,57.80,53.80,37.80
1924,OHIO,42.80,56.50,57.50,58.30,48.80,40.20
1925,OHIO,41.20,60.00,59.70,57.90,57.50,37.10
1926,OHIO,45.50,52.80,60.10,63.10,55.90,42.90
1927,OHIO,49.00,52.00,59.80,53.40,53.60,42.90
1928,OHIO,44.80,54.20,61.80,61.70,47.80,44.50
1929,OHIO,46.20,54.00,60.20,54.40,52.60,39.90
1930,OHIO,49.50,55.40,60.00,57.10,54.10,37.70
1931,OHIO,45.80,57.40,63.80,60.80,57.80,44.20
1932,OHIO,47.40,57.80,60.40,57.70,52.20,42.20
1933,OHIO,52.60,59.70,61.00,59.20,57.20,39.40
1934,OHIO,48.40,61.50,65.00,59.00,55.00,39.80
1935,OHIO,44.00,55.50,64.60,62.10,50.80,40.00
1936,OHIO,49.50,55.50,62.10,62.70,56.10,42.40
1937,OHIO,47.50,58.40,60.80,62.50,48.90,40.40
1938,OHIO,48.20,55.60,62.10,61.80,53.50,39.80
1939,OHIO,49.20,61.00,60.80,59.60,54.60,41.70
1940,OHIO,46.10,58.90,60.70,60.50,48.70,40.70
1941,OHIO,47.90,58.70,62.20,57.50,53.80,46.60
1942,OHIO,50.10,59.50,62.30,59.20,51.50,42.60
1943,OHIO,50.20,62.80,62.30,59.50,48.50,39.00
1944,OHIO,53.70,60.20,59.40,60.40,51.60,39.70
1945,OHIO,43.90,55.70,59.40,58.00,55.90,39.30
1946,OHIO,47.80,56.50,59.30,54.20,50.50,42.30
1947,OHIO,45.80,55.90,57.80,65.60,53.60,46.50
1948,OHIO,46.30,56.80,62.30,57.70,53.10,37.90
1949,OHIO,48.50,60.50,65.90,60.10,47.40,45.30
1950,OHIO,48.80,55.50,58.80,56.50,52.10,44.20
1951,OHIO,48.30,57.90,60.60,57.30,49.90,42.00
1952,OHIO,47.50,60.70,62.90,58.20,49.90,34.40
1953,OHIO,51.70,59.00,61.00,58.10,50.20,40.00
1954,OHIO,43.90,59.10,59.10,59.60,53.90,44.70
1955,OHIO,49.60,53.30,65.30,63.20,53.00,41.80
1956,OHIO,47.40,57.60,61.40,59.60,48.70,43.50
1957,OHIO,48.20,59.20,60.60,57.40,52.80,38.60
1958,OHIO,45.70,53.60,63.00,58.30,53.20,40.20
1959,OHIO,52.60,56.80,61.20,63.40,54.30,42.50
1960,OHIO,47.30,55.90,58.00,61.40,55.30,40.70
1961,OHIO,43.40,54.60,61.20,60.00,56.30,42.50
1962,OHIO,53.80,57.70,59.60,57.50,49.70,43.00
1963,OHIO,44.80,55.60,59.20,56.00,47.70,42.30
1964,OHIO,50.40,57.40,61.60,56.80,51.10,35.30
1965,OHIO,52.70,56.10,57.60,57.80,55.80,40.00
1966,OHIO,43.10,56.10,62.00,57.90,50.00,37.20
1967,OHIO,43.80,59.00,59.30,56.40,47.00,41.00
1968,OHIO,46.40,57.40,60.80,61.50,53.50,41.60
1969,OHIO,47.80,56.30,63.70,58.40,52.20,40.60
1970,OHIO,50.70,57.90,61.90,59.50,56.10,44.60
1971,OHIO,44.60,60.10,59.30,56.70,57.20,48.20
1972,OHIO,49.20,53.50,62.00,59.00,55.10,39.50
1973,OHIO,47.60,60.10,62.50,61.60,54.60,45.20
1974,OHIO,47.80,55.50,60.00,60.00,49.80,38.20
1975,OHIO,52.00,59.40,60.00,63.20,50.10,41.90
1976,OHIO,45.30,58.40,59.70,55.70,48.60,36.40
1977,OHIO,51.40,54.70,63.50,60.70,56.50,40.10
1978,OHIO,48.30,57.60,61.60,61.00,55.80,38.60
1979,OHIO,46.80,56.70,60.30,60.60,52.40,41.90
1980,OHIO,48.60,53.90,63.10,64.50,54.50,37.80
1981,OHIO,46.40,59.20,62.20,59.00,52.30,38.60
1982,OHIO,53.00,54.60,62.00,56.30,51.80,43.00
1983,OHIO,45.30,57.30,63.70,62.60,52.00,43.50
1984,OHIO,45.70,59.70,58.70,60.70,50.50,48.30
1985,OHIO,49.50,54.60,60.70,59.40,52.50,44.80
1986,OHIO,51.10,57.70,63.60,57.20,56.00,44.90
1987,OHIO,51.10,59.90,64.20,60.70,53.70,35.50
1988,OHIO,47.70,54.20,62.60,63.00,51.90,35.90
1989,OHIO,46.60,58.70,63.20,59.80,52.60,40.80
1990,OHIO,47.50,57.20,61.20,59.70,53.90,42.60
1991,OHIO,56.30,60.20,63.10,60.50,51.90,43.60
1992,OHIO,46.20,53.80,62.10,56.80,51.70,38.60
1993,OHIO,47.80,57.50,64.10,61.20,52.20,39.10
1994,OHIO,43.80,59.30,62.50,57.90,51.20,40.60
1995,OHIO,47.70,59.90,63.00,66.00,49.80,43.80
1996,OHIO,48.70,59.50,59.30,60.10,53.40,42.20
1997,OHIO,42.90,58.10,60.80,58.10,51.40,41.00
1998,OHIO,53.90,59.20,61.20,61.40,55.00,42.80
1999,OHIO,48.80,59.40,65.00,58.40,50.50,40.60
2000,OHIO,51.40,59.30,59.30,59.20,52.20,44.20
2001,OHIO,50.20,57.50,60.60,62.60,51.00,43.10
2002,OHIO,44.90,60.10,64.20,62.70,55.40,43.10
2003,OHIO,49.40,55.50,61.20,62.50,52.20,39.80
2004,OHIO,53.20,57.50,61.50,58.40,54.70,42.90
2005,OHIO,44.10,61.20,64.40,63.30,55.70,44.50
2006,OHIO,48.00,56.40,64.10,62.60,52.50,40.80
2007,OHIO,50.20,57.90,58.90,64.00,54.30,49.20
2008,OHIO,45.60,59.90,61.30,58.60,54.60,40.30
2009,OHIO,49.20,58.00,58.30,60.70,54.10,40.40
2010,OHIO,52.30,62.00,64.10,63.00,53.40,42.60
2011,OHIO,51.70,59.60,66.10,60.80,55.00,42.50
2012,OHIO,54.00,57.40,65.80,59.10,51.90,42.50
2013,OHIO,51.60,59.00,63.10,59.70,52.70,43.80
2014,OHIO,50.10,60.00,58.90,60.40,52.20,43.50
2015,OHIO,53.00,60.40,61.50,59.00,56.80,43.60
2016,OHIO,48.60,59.40,64.10,65.80,57.40,46.80
2017,OHIO,49.60,58.20,63.00,58.80,54.30,46.60
2018,OHIO,56.10,61.40,63.00,64.20,60.50,44.40
2019,OHIO,52.10,58.80,65.40,61.20,57.70,44.90
2020,OHIO,47.90,59.00,65.70,61.40,,
1895,SOUTH DAKOTA,42.00,49.00,54.20,52.60,44.40,27.70
1896,SOUTH DAKOTA,45.90,53.00,56.10,54.10,42.00,28.40
1897,SOUTH DAKOTA,42.00,52.00,58.70,52.70,51.60,35.60
1898,SOUTH DAKOTA,41.90,52.80,56.80,55.20,44.50,30.40
1899,SOUTH DAKOTA,42.10,52.00,57.20,56.20,43.50,33.30
1900,SOUTH DAKOTA,45.80,54.40,57.60,61.10,46.50,37.70
1901,SOUTH DAKOTA,45.10,53.10,63.20,56.80,44.90,36.30
1902,SOUTH DAKOTA,45.50,49.00,56.60,54.50,40.70,32.60
1903,SOUTH DAKOTA,42.80,50.50,56.70,55.40,42.60,34.90
1904,SOUTH DAKOTA,42.70,51.00,54.40,53.50,44.40,36.70
1905,SOUTH DAKOTA,39.80,51.00,55.70,57.00,47.10,29.90
1906,SOUTH DAKOTA,43.00,50.80,55.10,56.40,48.90,33.90
1907,SOUTH DAKOTA,35.00,51.40,56.70,53.90,42.80,31.40
1908,SOUTH DAKOTA,40.40,51.20,57.40,52.30,49.70,33.70
1909,SOUTH DAKOTA,40.60,54.80,58.60,60.20,46.60,33.10
1910,SOUTH DAKOTA,38.50,54.10,57.80,52.40,46.20,36.50
1911,SOUTH DAKOTA,43.80,57.30,55.20,53.40,47.50,33.00
1912,SOUTH DAKOTA,43.60,50.90,57.80,54.50,42.50,32.70
1913,SOUTH DAKOTA,42.10,55.80,57.10,58.80,47.00,30.10
1914,SOUTH DAKOTA,44.00,54.30,60.60,54.60,47.60,37.40
1915,SOUTH DAKOTA,40.30,48.60,53.90,52.00,45.20,35.50
1916,SOUTH DAKOTA,40.50,48.90,63.80,55.80,43.60,30.50
1917,SOUTH DAKOTA,38.20,48.60,59.00,52.10,45.50,26.60
1918,SOUTH DAKOTA,42.90,55.10,56.50,56.60,40.90,36.20
1919,SOUTH DAKOTA,42.60,56.60,60.80,55.00,49.40,27.00
1920,SOUTH DAKOTA,43.40,53.20,58.20,53.80,47.40,37.20
1921,SOUTH DAKOTA,44.10,58.40,60.90,56.50,47.00,35.20
1922,SOUTH DAKOTA,45.10,54.80,56.00,58.50,47.70,33.50
1923,SOUTH DAKOTA,42.40,55.00,62.20,54.10,47.80,33.50
1924,SOUTH DAKOTA,35.60,49.90,54.90,54.40,44.30,39.60
1925,SOUTH DAKOTA,40.60,52.80,56.40,56.10,50.00,24.90
1926,SOUTH DAKOTA,46.90,50.90,58.90,56.30,43.60,34.80
1927,SOUTH DAKOTA,41.20,51.20,55.50,52.80,47.10,35.30
1928,SOUTH DAKOTA,44.50,47.70,58.20,55.30,43.20,33.80
1929,SOUTH DAKOTA,39.50,50.60,59.80,56.90,44.00,36.10
1930,SOUTH DAKOTA,41.40,51.50,60.80,59.50,45.50,33.40
1931,SOUTH DAKOTA,39.70,58.80,60.40,56.80,51.50,37.80
1932,SOUTH DAKOTA,45.20,55.50,59.30,57.60,44.00,30.80
1933,SOUTH DAKOTA,42.80,59.70,61.40,55.40,50.00,31.60
1934,SOUTH DAKOTA,50.60,54.90,61.20,55.80,40.90,38.20
1935,SOUTH DAKOTA,40.30,50.80,63.90,56.30,45.80,30.60
1936,SOUTH DAKOTA,47.90,55.40,66.20,59.90,49.00,30.70
1937,SOUTH DAKOTA,45.70,52.30,60.90,61.80,48.20,33.90
1938,SOUTH DAKOTA,42.90,54.20,59.60,58.70,50.00,40.00
1939,SOUTH DAKOTA,48.50,52.70,61.50,55.20,47.70,33.80
1940,SOUTH DAKOTA,41.60,53.00,62.00,56.30,51.50,39.30
1941,SOUTH DAKOTA,48.10,54.40,60.20,58.70,47.40,35.40
1942,SOUTH DAKOTA,41.10,52.60,58.00,56.60,43.10,34.50
1943,SOUTH DAKOTA,39.00,53.00,59.40,58.00,43.70,34.30
1944,SOUTH DAKOTA,47.40,52.40,56.70,56.20,45.00,33.80
1945,SOUTH DAKOTA,37.90,48.20,56.80,56.10,44.30,33.10
1946,SOUTH DAKOTA,39.50,52.70,59.70,53.60,45.90,32.60
1947,SOUTH DAKOTA,38.80,50.30,58.20,61.00,46.40,40.40
1948,SOUTH DAKOTA,43.40,52.40,58.90,57.00,50.50,32.70
1949,SOUTH DAKOTA,45.60,53.10,59.30,58.20,42.30,34.60
1950,SOUTH DAKOTA,39.70,50.50,54.30,52.50,46.30,36.50
1951,SOUTH DAKOTA,43.80,47.80,57.40,55.40,42.40,33.40
1952,SOUTH DAKOTA,43.20,55.40,57.00,56.10,47.90,29.40
1953,SOUTH DAKOTA,41.50,55.40,58.10,58.30,44.70,38.20
1954,SOUTH DAKOTA,39.40,52.60,61.00,56.80,47.50,33.80
1955,SOUTH DAKOTA,46.20,51.60,61.90,60.30,46.10,34.70
1956,SOUTH DAKOTA,44.50,57.40,56.80,55.50,43.70,36.60
1957,SOUTH DAKOTA,43.50,51.30,61.50,58.30,43.90,37.10
1958,SOUTH DAKOTA,44.90,49.80,54.90,56.80,47.10,34.30
1959,SOUTH DAKOTA,42.40,56.00,57.10,59.00,45.50,30.20
1960,SOUTH DAKOTA,41.60,52.20,59.20,56.60,47.20,34.30
1961,SOUTH DAKOTA,41.70,53.90,56.80,59.00,42.90,34.60
1962,SOUTH DAKOTA,47.00,53.90,56.90,55.40,43.10,36.70
1963,SOUTH DAKOTA,43.30,56.50,60.70,57.80,51.00,42.80
1964,SOUTH DAKOTA,45.80,52.80,61.40,53.60,43.60,33.10
1965,SOUTH DAKOTA,43.50,53.80,58.90,55.60,38.90,36.80
1966,SOUTH DAKOTA,39.90,53.10,63.20,53.70,46.60,33.00
1967,SOUTH DAKOTA,38.70,52.10,55.70,53.70,46.80,34.30
1968,SOUTH DAKOTA,38.80,53.10,57.60,55.00,45.20,34.90
1969,SOUTH DAKOTA,44.20,47.90,58.80,59.00,48.60,30.70
1970,SOUTH DAKOTA,43.90,54.60,58.80,57.80,45.70,32.10
1971,SOUTH DAKOTA,41.30,56.60,53.70,56.80,45.10,35.90
1972,SOUTH DAKOTA,46.10,53.60,55.30,56.70,45.00,31.30
1973,SOUTH DAKOTA,40.90,52.80,57.60,59.60,45.50,38.00
1974,SOUTH DAKOTA,41.40,51.20,62.10,52.70,40.90,35.10
1975,SOUTH DAKOTA,43.80,53.00,61.40,56.90,43.10,34.90
1976,SOUTH DAKOTA,41.30,53.40,59.80,58.70,45.80,29.70
1977,SOUTH DAKOTA,50.40,55.80,60.30,52.80,48.10,35.00
1978,SOUTH DAKOTA,45.00,52.30,58.40,55.80,50.10,33.40
1979,SOUTH DAKOTA,39.90,52.60,59.30,56.20,48.10,34.30
1980,SOUTH DAKOTA,44.50,54.40,59.70,56.50,46.10,33.70
1981,SOUTH DAKOTA,42.70,52.60,60.10,57.20,46.20,35.20
1982,SOUTH DAKOTA,45.70,49.50,59.30,57.60,46.10,35.20
1983,SOUTH DAKOTA,39.10,52.00,61.70,62.80,46.20,35.80
1984,SOUTH DAKOTA,41.10,53.60,58.90,59.50,41.70,34.80
1985,SOUTH DAKOTA,46.70,49.20,58.90,54.20,45.90,33.50
1986,SOUTH DAKOTA,44.40,56.30,59.20,53.90,46.60,36.30
1987,SOUTH DAKOTA,49.10,55.30,61.10,55.10,46.00,30.50
1988,SOUTH DAKOTA,48.20,60.60,60.40,57.70,45.60,32.70
1989,SOUTH DAKOTA,43.10,50.60,62.00,58.20,46.30,34.20
1990,SOUTH DAKOTA,42.10,54.60,58.10,58.00,50.00,32.50
1991,SOUTH DAKOTA,47.60,58.50,59.00,59.20,46.90,31.20
1992,SOUTH DAKOTA,43.50,51.50,53.70,52.60,45.00,33.70
1993,SOUTH DAKOTA,43.50,50.60,56.40,55.90,41.80,32.00
1994,SOUTH DAKOTA,46.60,55.20,55.80,55.50,48.60,38.40
1995,SOUTH DAKOTA,42.20,54.50,58.60,60.50,45.90,35.30
1996,SOUTH DAKOTA,42.50,55.00,56.30,56.90,46.90,33.60
1997,SOUTH DAKOTA,40.60,55.70,59.80,57.50,49.30,35.80
1998,SOUTH DAKOTA,46.40,50.60,61.20,59.60,52.00,37.80
1999,SOUTH DAKOTA,44.20,53.80,60.70,57.30,43.60,33.40
2000,SOUTH DAKOTA,45.00,51.40,60.10,59.20,46.60,37.60
2001,SOUTH DAKOTA,45.50,53.90,62.30,59.00,48.60,34.00
2002,SOUTH DAKOTA,38.60,56.10,63.20,57.00,49.30,29.30
2003,SOUTH DAKOTA,43.10,52.00,60.00,60.40,45.20,37.30
2004,SOUTH DAKOTA,42.70,49.40,57.80,52.50,50.00,36.60
2005,SOUTH DAKOTA,41.80,56.80,60.40,56.90,50.60,35.80
2006,SOUTH DAKOTA,44.10,55.00,62.80,58.60,44.90,31.70
2007,SOUTH DAKOTA,47.20,55.80,62.60,59.40,48.30,37.80
2008,SOUTH DAKOTA,40.90,51.60,59.30,57.90,46.30,35.00
2009,SOUTH DAKOTA,41.80,51.80,55.40,54.20,50.00,31.40
2010,SOUTH DAKOTA,43.10,54.70,59.80,60.00,46.10,38.00
2011,SOUTH DAKOTA,42.20,53.00,64.10,58.50,45.00,38.00
2012,SOUTH DAKOTA,44.90,56.50,64.40,55.30,45.40,32.90
2013,SOUTH DAKOTA,43.20,53.40,59.10,59.40,52.20,34.30
2014,SOUTH DAKOTA,43.40,52.80,56.50,58.00,47.20,36.50
2015,SOUTH DAKOTA,42.30,55.80,59.00,56.80,52.20,39.10
2016,SOUTH DAKOTA,43.10,56.40,59.40,57.40,49.60,38.70
2017,SOUTH DAKOTA,42.60,53.60,61.00,54.60,48.40,34.50
2018,SOUTH DAKOTA,49.00,57.40,59.80,56.40,49.60,31.80
2019,SOUTH DAKOTA,40.10,53.80,60.80,57.20,51.30,29.80
2020,SOUTH DAKOTA,42.60,57.30,60.70,58.60,,
