Year,State,Precip_May,Precip_Jun,Precip_Jul,Precip_Aug,Precip_Sep,Precip_Oct
1895,ILLINOIS,2.21,2.61,5.44,2.58,3.08,0.60
1896,ILLINOIS,5.69,3.94,6.11,2.82,5.37,1.28
1897,ILLINOIS,1.85,4.59,3.51,1.16,0.99,0.46
1898,ILLINOIS,6.11,4.48,2.99,4.25,4.80,3.99
1899,ILLINOIS,5.99,2.50,3.54,2.77,2.05,3.23
1900,ILLINOIS,4.19,4.30,4.35,4.12,3.41,2.51
1901,ILLINOIS,1.87,3.36,2.42,1.80,1.80,2.00
1902,ILLINOIS,3.94,8.27,5.10,4.76,4.07,2.23
1903,ILLINOIS,3.33,2.83,3.70,4.48,3.72,2.39
1904,ILLINOIS,3.45,3.09,4.55,4.11,5.00,0.71
1905,ILLINOIS,4.48,3.40,5.04,3.56,3.20,4.23
1906,ILLINOIS,2.61,3.09,2.36,4.06,4.94,1.61
1907,ILLINOIS,4.02,4.35,5.94,5.49,2.60,1.65
1908,ILLINOIS,7.84,2.83,3.37,2.38,1.28,0.50
1909,ILLINOIS,4.06,4.07,4.70,2.07,3.75,2.64
1910,ILLINOIS,4.99,2.21,4.12,2.72,4.53,3.23
1911,ILLINOIS,1.90,2.66,2.35,4.12,8.96,2.82
1912,ILLINOIS,3.86,3.10,4.31,3.74,2.73,3.37
1913,ILLINOIS,3.06,2.56,2.11,2.35,2.96,3.76
1914,ILLINOIS,2.27,2.61,1.54,3.39,3.90,3.09
1915,ILLINOIS,6.93,4.75,6.73,6.10,4.34,0.83
1916,ILLINOIS,4.69,5.36,1.19,4.29,2.93,2.95
1917,ILLINOIS,4.21,5.37,2.97,2.65,2.60,2.89
1918,ILLINOIS,5.22,3.52,2.58,3.83,3.88,3.16
1919,ILLINOIS,5.20,4.63,1.86,2.86,3.61,6.91
1920,ILLINOIS,4.79,2.08,2.53,2.91,2.72,2.06
1921,ILLINOIS,2.09,3.83,1.90,5.22,6.58,2.34
1922,ILLINOIS,3.55,1.48,3.68,1.78,1.94,2.30
1923,ILLINOIS,4.35,3.48,2.20,4.75,4.05,3.71
1924,ILLINOIS,3.52,6.80,3.31,5.13,3.07,1.02
1925,ILLINOIS,1.32,4.69,3.04,2.62,4.83,3.91
1926,ILLINOIS,2.25,4.06,3.62,4.59,9.62,3.79
1927,ILLINOIS,6.91,3.78,3.43,3.28,5.13,3.82
1928,ILLINOIS,2.55,6.93,3.77,3.46,2.27,4.08
1929,ILLINOIS,5.85,4.77,4.70,2.48,2.71,3.51
1930,ILLINOIS,1.84,3.41,0.97,1.96,3.61,2.21
1931,ILLINOIS,4.27,3.16,2.82,4.00,4.78,3.59
1932,ILLINOIS,2.36,3.93,3.32,5.63,2.89,3.86
1933,ILLINOIS,8.02,1.39,2.38,2.63,3.72,2.87
1934,ILLINOIS,0.99,3.03,3.21,3.92,6.56,1.70
1935,ILLINOIS,7.83,5.67,3.47,2.43,3.24,2.02
1936,ILLINOIS,2.08,1.69,1.18,2.72,6.70,3.19
1937,ILLINOIS,3.20,5.11,3.13,2.49,2.35,3.56
1938,ILLINOIS,5.15,5.15,4.74,3.38,3.16,1.31
1939,ILLINOIS,2.38,5.18,3.53,4.80,0.72,2.18
1940,ILLINOIS,3.39,3.02,1.57,4.24,0.60,2.23
1941,ILLINOIS,3.17,4.34,2.83,2.73,5.15,9.06
1942,ILLINOIS,4.25,5.53,4.79,3.47,3.13,1.95
1943,ILLINOIS,8.72,3.87,2.94,2.98,2.35,2.10
1944,ILLINOIS,4.27,2.43,1.85,3.73,2.94,1.21
1945,ILLINOIS,5.37,6.65,1.46,3.42,7.57,1.66
1946,ILLINOIS,6.15,4.40,2.42,5.52,2.08,3.09
1947,ILLINOIS,4.34,6.33,1.98,2.35,3.62,3.08
1948,ILLINOIS,3.79,3.98,5.67,1.78,2.81,1.97
1949,ILLINOIS,2.70,4.34,4.37,2.95,2.82,4.95
1950,ILLINOIS,2.48,5.51,3.88,3.34,3.41,1.25
1951,ILLINOIS,3.24,5.96,4.87,3.69,3.33,3.23
1952,ILLINOIS,3.48,4.79,3.33,3.12,1.86,0.67
1953,ILLINOIS,3.05,3.30,3.62,1.16,1.56,1.52
1954,ILLINOIS,2.76,3.74,2.70,5.08,1.96,5.10
1955,ILLINOIS,4.10,3.82,3.31,2.58,2.83,4.54
1956,ILLINOIS,4.08,2.57,4.57,4.17,1.12,0.72
1957,ILLINOIS,6.12,6.38,4.04,2.78,1.52,3.34
1958,ILLINOIS,2.72,6.24,8.10,3.19,2.75,1.44
1959,ILLINOIS,4.36,1.50,3.30,4.39,4.08,4.20
1960,ILLINOIS,4.66,5.63,2.97,2.97,1.87,2.57
1961,ILLINOIS,5.17,3.34,5.75,3.09,7.15,2.68
1962,ILLINOIS,4.54,3.35,4.82,2.43,2.36,3.28
1963,ILLINOIS,2.95,2.10,4.98,2.93,1.34,0.93
1964,ILLINOIS,1.90,3.74,3.24,2.36,2.78,0.18
1965,ILLINOIS,2.82,3.84,3.46,6.07,6.80,1.41
1966,ILLINOIS,4.51,2.49,2.18,2.74,3.61,1.89
1967,ILLINOIS,3.98,4.10,4.65,2.59,2.83,5.07
1968,ILLINOIS,4.92,4.15,3.42,2.98,3.78,1.10
1969,ILLINOIS,2.87,5.90,6.31,1.90,3.70,5.70
1970,ILLINOIS,5.35,5.77,3.10,3.61,7.63,3.35
1971,ILLINOIS,3.47,2.99,4.94,1.71,3.25,1.65
1972,ILLINOIS,2.50,3.87,3.87,5.32,5.09,2.58
1973,ILLINOIS,4.92,6.08,4.45,2.06,3.92,3.84
1974,ILLINOIS,7.01,5.75,1.69,4.26,2.71,1.76
1975,ILLINOIS,4.09,4.01,3.33,5.07,2.73,1.84
1976,ILLINOIS,3.57,2.91,3.37,1.88,2.24,3.18
1977,ILLINOIS,3.23,3.69,3.78,6.86,4.82,4.04
1978,ILLINOIS,4.86,3.08,4.68,3.23,2.85,1.90
1979,ILLINOIS,2.34,2.81,5.66,4.87,0.46,1.86
1980,ILLINOIS,2.92,4.48,3.06,5.30,4.75,2.18
1981,ILLINOIS,6.20,5.48,6.46,5.68,2.75,2.57
1982,ILLINOIS,4.50,3.82,5.86,3.33,2.72,2.70
1983,ILLINOIS,5.51,3.91,2.02,2.37,2.57,4.80
1984,ILLINOIS,4.92,2.49,3.08,1.67,4.43,4.87
1985,ILLINOIS,3.30,4.50,3.24,5.12,1.70,3.96
1986,ILLINOIS,4.62,3.98,5.73,2.21,6.25,4.89
1987,ILLINOIS,2.60,3.33,4.37,5.34,2.11,1.30
1988,ILLINOIS,1.70,0.99,2.56,2.55,2.36,2.58
1989,ILLINOIS,3.46,3.06,3.69,3.84,4.77,1.53
1990,ILLINOIS,7.91,6.44,4.11,3.81,1.84,4.18
1991,ILLINOIS,4.99,1.62,2.06,2.70,3.13,5.96
1992,ILLINOIS,1.28,1.72,7.61,1.90,4.69,1.31
1993,ILLINOIS,3.29,6.85,6.61,5.05,7.54,2.46
1994,ILLINOIS,2.15,4.16,2.73,3.58,2.38,2.03
1995,ILLINOIS,8.89,3.53,2.97,4.18,1.28,3.02
1996,ILLINOIS,7.74,4.24,4.35,2.02,2.94,2.40
1997,ILLINOIS,4.03,3.76,2.21,4.76,2.38,1.94
1998,ILLINOIS,4.78,7.64,3.47,3.30,2.28,4.23
1999,ILLINOIS,3.68,5.28,2.93,2.79,2.18,1.69
2000,ILLINOIS,4.40,7.34,4.36,3.56,3.81,2.10
2001,ILLINOIS,4.35,3.81,3.78,4.07,3.37,6.08
2002,ILLINOIS,7.34,4.02,2.60,4.19,2.11,3.07
2003,ILLINOIS,5.50,3.79,5.00,2.55,4.25,1.98
2004,ILLINOIS,6.83,3.17,4.13,5.08,0.68,4.84
2005,ILLINOIS,1.74,1.87,3.23,3.68,3.63,1.26
2006,ILLINOIS,3.58,2.98,4.09,4.05,3.43,3.80
2007,ILLINOIS,2.24,4.13,3.31,4.36,1.59,3.50
2008,ILLINOIS,5.36,5.49,5.91,1.93,7.62,2.42
2009,ILLINOIS,5.65,5.12,4.59,4.72,2.28,8.49
2010,ILLINOIS,5.40,7.71,5.35,3.18,3.73,1.32
2011,ILLINOIS,5.28,6.69,3.61,1.87,3.56,1.80
2012,ILLINOIS,2.47,1.73,1.40,3.50,5.04,3.93
2013,ILLINOIS,6.57,5.33,3.16,1.44,1.69,3.33
2014,ILLINOIS,3.29,6.77,3.29,5.19,4.11,4.33
2015,ILLINOIS,5.39,9.44,5.21,3.02,3.42,1.44
2016,ILLINOIS,4.34,3.13,6.90,6.77,3.42,2.38
2017,ILLINOIS,5.17,3.19,4.81,2.40,0.83,5.00
2018,ILLINOIS,3.80,6.29,3.44,4.91,4.90,3.68
2019,ILLINOIS,8.16,5.16,3.05,4.05,5.00,5.01
2020,ILLINOIS,5.26,3.56,5.36,1.92,-9.99,-9.99
1895,INDIANA,1.68,2.77,3.46,2.27,2.34,0.72
1896,INDIANA,4.77,4.45,7.96,5.06,5.03,1.14
1897,INDIANA,3.11,4.12,3.23,1.60,0.56,1.11
1898,INDIANA,4.45,3.73,2.90,3.63,4.43,4.67
1899,INDIANA,3.95,2.93,3.34,2.75,1.84,2.99
1900,INDIANA,4.28,5.66,4.79,3.31,2.01,2.42
1901,INDIANA,2.61,4.37,1.30,3.00,1.56,3.47
1902,INDIANA,4.43,7.85,3.66,2.27,4.88,2.61
1903,INDIANA,3.27,3.76,3.64,4.09,1.79,2.84
1904,INDIANA,3.26,2.97,3.30,2.60,3.67,1.07
1905,INDIANA,5.76,3.76,4.45,4.68,3.60,4.70
1906,INDIANA,2.35,3.31,3.23,4.82,4.10,1.95
1907,INDIANA,3.51,4.81,5.11,4.01,2.86,2.64
1908,INDIANA,6.07,1.98,2.79,1.83,0.96,0.31
1909,INDIANA,4.58,5.40,5.27,3.37,2.63,3.56
1910,INDIANA,3.80,2.01,5.86,2.40,5.00,5.15
1911,INDIANA,2.53,3.73,1.83,3.24,6.05,4.14
1912,INDIANA,4.39,2.82,5.18,5.45,3.36,1.99
1913,INDIANA,2.88,2.13,3.38,3.31,2.64,3.44
1914,INDIANA,2.60,2.27,1.86,4.75,2.54,2.46
1915,INDIANA,5.78,3.27,6.45,6.26,3.71,1.46
1916,INDIANA,4.51,6.65,2.37,3.22,2.91,2.17
1917,INDIANA,4.85,5.45,3.27,2.60,1.78,4.60
1918,INDIANA,4.70,3.38,2.98,3.21,4.25,2.87
1919,INDIANA,4.63,3.70,1.96,2.52,2.43,8.17
1920,INDIANA,3.52,3.13,3.79,3.10,2.67,2.16
1921,INDIANA,2.32,3.33,2.14,5.60,5.43,2.85
1922,INDIANA,3.61,1.89,3.51,2.07,1.80,2.87
1923,INDIANA,5.11,3.26,3.67,4.75,3.32,3.15
1924,INDIANA,4.12,6.37,1.81,3.70,3.57,0.40
1925,INDIANA,1.27,3.84,4.27,2.43,5.37,3.73
1926,INDIANA,2.81,2.94,3.25,6.10,8.21,4.31
1927,INDIANA,7.08,3.52,3.23,3.00,4.77,2.58
1928,INDIANA,2.89,6.91,3.46,3.72,1.32,3.41
1929,INDIANA,7.08,4.34,4.28,2.70,2.98,3.80
1930,INDIANA,1.79,2.64,1.75,2.07,3.60,1.53
1931,INDIANA,2.92,3.63,3.09,4.43,4.80,3.56
1932,INDIANA,1.36,4.40,3.42,3.48,5.79,3.93
1933,INDIANA,8.10,1.20,2.41,2.79,5.05,2.74
1934,INDIANA,1.13,3.63,2.44,4.59,5.64,0.54
1935,INDIANA,6.78,4.56,3.57,3.17,2.66,1.86
1936,INDIANA,2.06,1.30,1.57,3.19,4.83,4.46
1937,INDIANA,3.58,4.62,3.64,3.58,3.18,4.71
1938,INDIANA,5.42,5.22,5.17,3.14,2.95,0.86
1939,INDIANA,1.49,6.24,4.07,2.65,0.82,2.77
1940,INDIANA,4.27,3.32,1.42,2.62,1.21,2.34
1941,INDIANA,2.21,5.32,2.55,2.31,2.14,6.69
1942,INDIANA,3.94,5.60,4.24,3.80,2.79,1.77
1943,INDIANA,8.62,3.43,4.42,2.62,3.12,1.56
1944,INDIANA,4.31,1.83,1.61,3.93,2.36,1.17
1945,INDIANA,4.61,6.55,3.37,3.43,6.34,2.49
1946,INDIANA,5.82,4.27,2.73,3.21,1.32,2.79
1947,INDIANA,5.12,5.05,3.17,3.44,4.00,2.34
1948,INDIANA,3.91,4.37,4.65,1.89,2.68,2.16
1949,INDIANA,3.33,5.22,3.75,3.43,2.54,5.01
1950,INDIANA,3.06,5.58,3.88,3.42,5.28,1.48
1951,INDIANA,3.34,4.67,3.99,2.49,2.63,2.78
1952,INDIANA,4.23,4.83,2.45,2.95,3.36,1.11
1953,INDIANA,3.92,2.81,4.44,1.91,1.17,1.26
1954,INDIANA,2.78,3.02,3.16,4.83,1.72,6.15
1955,INDIANA,3.77,3.26,4.61,2.45,4.21,4.65
1956,INDIANA,5.42,3.33,3.63,2.88,1.50,1.05
1957,INDIANA,5.72,7.20,4.21,2.73,2.56,3.43
1958,INDIANA,3.70,8.14,8.02,4.16,3.54,1.46
1959,INDIANA,4.34,2.41,3.84,2.96,3.47,3.93
1960,INDIANA,4.35,5.97,3.30,3.16,1.59,1.95
1961,INDIANA,5.35,4.00,4.76,3.17,3.62,2.37
1962,INDIANA,4.48,3.09,5.63,3.10,2.49,3.03
1963,INDIANA,2.85,2.46,5.24,2.75,0.81,0.45
1964,INDIANA,1.60,4.10,4.09,1.91,2.07,0.47
1965,INDIANA,2.46,3.08,3.67,4.11,5.63,2.62
1966,INDIANA,3.33,2.14,2.98,3.14,3.76,1.55
1967,INDIANA,4.79,2.86,2.62,2.48,1.70,4.54
1968,INDIANA,6.98,4.08,3.84,4.20,2.77,1.46
1969,INDIANA,3.29,4.73,6.04,2.26,3.38,3.83
1970,INDIANA,3.49,3.86,4.40,2.61,4.25,3.92
1971,INDIANA,4.11,3.96,5.12,2.40,4.68,2.11
1972,INDIANA,3.36,3.30,3.51,3.35,6.41,2.54
1973,INDIANA,3.57,6.10,5.41,3.13,1.74,2.71
1974,INDIANA,6.37,4.15,1.31,5.17,4.34,1.59
1975,INDIANA,3.66,5.15,2.39,5.53,2.70,2.83
1976,INDIANA,3.44,5.13,3.65,2.28,2.81,3.08
1977,INDIANA,2.45,3.95,3.68,6.85,3.83,3.63
1978,INDIANA,4.17,3.22,5.14,5.26,1.39,2.78
1979,INDIANA,3.19,3.92,8.05,6.09,1.64,2.68
1980,INDIANA,3.25,5.32,3.97,5.24,3.11,2.30
1981,INDIANA,7.32,4.46,4.94,4.11,3.30,2.54
1982,INDIANA,4.60,4.26,3.72,3.54,2.57,1.61
1983,INDIANA,6.58,3.25,2.24,2.45,1.72,5.86
1984,INDIANA,4.93,2.04,3.78,2.21,4.01,3.97
1985,INDIANA,3.94,3.58,3.14,5.45,1.93,3.91
1986,INDIANA,4.93,4.36,5.51,2.50,4.68,4.40
1987,INDIANA,3.38,4.54,5.39,3.27,1.91,1.71
1988,INDIANA,1.54,0.69,4.20,2.92,2.74,3.35
1989,INDIANA,5.23,3.67,5.39,4.34,4.95,1.92
1990,INDIANA,7.49,4.60,4.87,5.13,2.59,5.14
1991,INDIANA,4.03,1.54,2.44,3.25,2.34,5.14
1992,INDIANA,2.46,2.87,8.55,2.97,4.62,1.68
1993,INDIANA,3.55,5.80,4.37,4.39,6.24,3.32
1994,INDIANA,2.68,4.18,3.37,3.46,2.38,1.40
1995,INDIANA,7.26,3.98,2.83,4.30,1.07,2.99
1996,INDIANA,7.65,5.03,5.08,1.62,4.94,2.22
1997,INDIANA,5.71,5.50,2.95,3.96,2.26,1.61
1998,INDIANA,4.59,7.74,4.96,3.58,1.06,3.55
1999,INDIANA,3.12,4.13,2.70,2.24,1.36,2.02
2000,INDIANA,4.53,6.21,3.89,4.41,4.61,2.33
2001,INDIANA,4.32,4.09,5.46,4.02,3.76,7.75
2002,INDIANA,7.09,3.28,2.64,2.82,3.75,2.87
2003,INDIANA,6.56,3.26,8.18,3.54,6.20,2.40
2004,INDIANA,7.17,4.43,5.19,4.85,0.72,4.14
2005,INDIANA,2.57,3.21,4.43,4.76,4.10,1.24
2006,INDIANA,5.25,4.20,4.85,4.76,4.56,5.01
2007,INDIANA,1.75,3.28,3.17,4.55,2.53,3.81
2008,INDIANA,5.68,6.58,4.32,2.01,3.86,2.23
2009,INDIANA,5.67,4.69,4.43,3.76,2.87,6.69
2010,INDIANA,5.49,7.68,4.15,1.84,1.35,1.17
2011,INDIANA,6.51,5.23,2.74,2.55,5.31,3.29
2012,INDIANA,2.75,1.29,2.53,4.05,5.17,3.95
2013,INDIANA,3.71,6.24,3.21,1.84,2.99,4.12
2014,INDIANA,4.23,5.61,3.36,4.96,3.48,4.13
2015,INDIANA,3.98,9.07,6.23,2.57,2.39,2.42
2016,INDIANA,3.53,4.28,5.13,6.48,3.66,2.61
2017,INDIANA,6.90,4.37,6.07,2.26,2.03,4.32
2018,INDIANA,3.42,6.55,3.37,5.33,5.40,2.82
2019,INDIANA,6.02,6.12,3.61,3.51,2.26,4.29
2020,INDIANA,5.07,3.51,4.58,3.31,-9.99,-9.99
1895,IOWA,3.20,4.18,3.25,4.42,3.12,0.48
1896,IOWA,6.47,3.27,6.59,3.41,3.97,3.21
1897,IOWA,1.89,3.90,3.17,2.05,1.97,1.02
1898,IOWA,4.47,4.40,2.68,3.39,2.62,3.58
1899,IOWA,6.04,5.17,3.10,3.54,0.96,1.83
1900,IOWA,3.13,3.95,6.59,4.73,5.02,3.97
1901,IOWA,2.39,3.80,2.30,1.32,4.81,2.02
1902,IOWA,5.54,7.13,8.63,6.72,4.46,2.33
1903,IOWA,8.55,2.94,5.23,6.40,3.72,1.93
1904,IOWA,3.59,3.30,4.28,3.41,2.84,1.70
1905,IOWA,6.09,5.01,3.12,4.05,3.56,3.32
1906,IOWA,3.42,3.78,3.18,3.97,4.14,1.94
1907,IOWA,3.59,5.26,7.10,4.36,2.86,1.54
1908,IOWA,8.12,5.49,3.66,4.75,1.25,3.34
1909,IOWA,4.37,6.29,4.69,1.88,3.64,2.05
1910,IOWA,3.28,2.01,1.85,4.09,3.74,0.82
1911,IOWA,3.92,1.91,2.40,3.48,5.00,3.42
1912,IOWA,3.17,2.67,3.76,3.85,3.99,3.06
1913,IOWA,6.33,3.31,1.86,2.76,3.37,3.01
1914,IOWA,3.31,5.69,2.28,2.19,7.47,3.25
1915,IOWA,7.35,4.10,8.06,2.82,6.08,1.28
1916,IOWA,4.75,3.71,1.76,2.68,3.85,2.13
1917,IOWA,3.91,6.57,2.36,2.36,2.87,1.34
1918,IOWA,6.85,5.20,3.31,3.59,1.84,3.60
1919,IOWA,3.07,5.85,2.74,2.63,5.30,3.17
1920,IOWA,3.30,3.35,3.97,3.40,3.23,2.11
1921,IOWA,4.30,3.63,2.59,5.02,6.69,1.96
1922,IOWA,3.47,1.77,6.38,2.85,2.08,1.73
1923,IOWA,2.78,4.88,1.77,5.52,5.95,1.22
1924,IOWA,1.68,7.94,3.74,5.47,3.00,0.82
1925,IOWA,1.15,6.37,2.71,3.43,5.04,2.87
1926,IOWA,2.64,4.18,3.82,3.76,9.56,1.54
1927,IOWA,4.72,2.24,1.92,2.40,4.76,3.21
1928,IOWA,2.49,5.38,4.33,6.32,2.94,3.64
1929,IOWA,2.39,2.86,4.20,2.49,3.78,2.94
1930,IOWA,3.76,5.70,1.52,2.35,2.44,2.04
1931,IOWA,2.91,3.45,2.61,3.14,6.74,2.97
1932,IOWA,3.92,5.14,3.08,6.76,2.10,1.77
1933,IOWA,4.24,1.52,3.54,2.92,4.16,1.32
1934,IOWA,0.96,3.45,4.09,2.83,4.97,1.52
1935,IOWA,4.53,6.99,3.27,2.48,3.34,2.67
1936,IOWA,2.78,2.86,0.56,3.49,6.99,1.60
1937,IOWA,3.97,3.72,2.52,4.11,1.54,2.09
1938,IOWA,5.49,4.57,4.57,3.50,5.95,0.85
1939,IOWA,2.04,4.92,3.20,4.67,0.84,1.48
1940,IOWA,2.02,3.67,4.57,6.42,0.87,2.32
1941,IOWA,3.16,6.14,2.21,2.00,7.43,5.81
1942,IOWA,4.67,5.89,5.08,3.22,4.10,1.48
1943,IOWA,4.35,6.01,4.55,5.06,2.22,1.63
1944,IOWA,6.22,5.72,3.73,5.73,2.25,1.01
1945,IOWA,6.16,4.66,3.00,3.25,4.21,0.34
1946,IOWA,4.52,6.25,2.48,3.60,5.02,3.31
1947,IOWA,4.23,9.90,1.65,1.50,2.10,3.74
1948,IOWA,2.31,3.53,4.29,2.62,2.03,1.92
1949,IOWA,2.67,5.55,3.56,2.29,3.20,1.92
1950,IOWA,4.89,5.76,4.47,2.40,2.09,1.26
1951,IOWA,4.98,6.19,4.53,6.17,2.47,3.27
1952,IOWA,3.82,5.39,3.78,4.69,0.85,0.02
1953,IOWA,2.37,5.24,3.32,2.31,0.92,0.48
1954,IOWA,3.80,6.40,1.80,7.08,2.19,4.16
1955,IOWA,2.71,2.99,3.46,1.88,3.05,1.48
1956,IOWA,3.28,2.60,4.52,4.49,1.54,1.40
1957,IOWA,4.94,4.77,3.63,3.75,2.70,2.75
1958,IOWA,2.00,3.86,7.17,2.47,3.07,0.92
1959,IOWA,7.58,4.05,2.39,4.91,4.35,2.94
1960,IOWA,5.89,4.29,2.81,5.37,3.53,2.18
1961,IOWA,2.40,3.38,5.54,3.04,7.26,3.01
1962,IOWA,5.55,3.08,6.20,4.18,2.17,2.81
1963,IOWA,2.86,2.66,5.51,3.80,2.47,1.08
1964,IOWA,4.01,5.04,4.04,3.85,4.56,0.28
1965,IOWA,4.76,3.94,3.40,4.19,9.84,1.06
1966,IOWA,3.87,5.63,3.28,2.51,1.43,1.61
1967,IOWA,2.74,8.59,2.15,2.65,2.61,3.15
1968,IOWA,2.69,4.72,4.33,3.55,4.66,3.48
1969,IOWA,3.82,7.19,6.26,2.62,2.34,3.61
1970,IOWA,4.95,3.13,3.54,3.98,6.10,4.06
1971,IOWA,3.57,4.50,3.43,1.24,2.42,3.61
1972,IOWA,4.57,3.70,5.67,4.32,5.61,3.10
1973,IOWA,6.04,3.49,5.22,2.74,6.92,2.57
1974,IOWA,6.27,4.70,2.29,4.77,1.59,2.90
1975,IOWA,3.30,5.38,0.96,5.12,2.14,0.31
1976,IOWA,3.20,3.25,2.55,1.48,1.47,1.53
1977,IOWA,2.77,2.67,3.99,8.20,4.69,4.12
1978,IOWA,3.76,4.25,5.87,3.29,5.51,1.31
1979,IOWA,2.91,4.11,4.73,6.10,1.46,3.68
1980,IOWA,2.83,4.77,2.56,7.82,3.13,1.96
1981,IOWA,2.54,5.43,4.92,5.15,2.59,2.54
1982,IOWA,7.03,3.30,6.21,4.50,3.41,3.33
1983,IOWA,4.69,5.41,2.64,2.43,4.10,3.37
1984,IOWA,4.76,6.65,4.02,0.99,2.07,5.25
1985,IOWA,2.80,2.96,2.81,3.88,5.31,3.16
1986,IOWA,5.62,4.65,5.05,3.92,6.79,3.77
1987,IOWA,3.97,2.54,5.21,7.66,2.58,0.78
1988,IOWA,1.77,1.72,2.26,4.13,3.61,0.65
1989,IOWA,2.57,3.36,3.34,3.58,4.84,1.92
1990,IOWA,5.73,7.96,6.37,4.32,1.39,1.88
1991,IOWA,5.19,4.14,2.32,3.45,2.79,2.92
1992,IOWA,1.75,1.89,8.55,2.55,5.58,1.63
1993,IOWA,5.60,8.00,10.45,8.25,3.69,1.31
1994,IOWA,2.05,6.23,3.89,3.62,3.58,1.93
1995,IOWA,5.88,3.73,3.46,3.52,2.96,2.00
1996,IOWA,7.34,5.07,3.20,3.79,2.88,2.74
1997,IOWA,4.03,4.38,2.95,2.76,3.11,3.37
1998,IOWA,4.30,7.91,3.16,5.01,2.06,4.83
1999,IOWA,4.89,5.29,5.21,3.11,1.84,0.77
2000,IOWA,3.60,6.56,4.09,2.62,2.11,1.80
2001,IOWA,7.04,4.07,3.12,2.97,4.07,2.46
2002,IOWA,4.10,3.51,4.24,5.81,1.71,3.58
2003,IOWA,4.61,4.48,4.11,1.03,3.11,1.00
2004,IOWA,7.74,3.55,4.33,4.56,2.66,2.05
2005,IOWA,3.85,5.25,3.27,3.02,3.29,0.91
2006,IOWA,2.44,2.49,3.22,5.75,4.22,1.64
2007,IOWA,5.35,3.38,3.38,9.69,2.87,5.10
2008,IOWA,5.67,8.88,5.88,1.96,4.16,3.26
2009,IOWA,3.64,5.29,4.62,5.75,1.73,6.35
2010,IOWA,4.19,10.28,7.89,4.83,5.40,0.91
2011,IOWA,5.00,6.19,3.40,3.02,1.68,0.74
2012,IOWA,3.51,2.81,1.17,2.88,1.62,2.98
2013,IOWA,8.65,4.89,1.74,1.49,1.94,2.78
2014,IOWA,3.04,9.66,3.30,5.92,4.35,3.17
2015,IOWA,5.06,6.38,5.51,5.29,4.18,1.76
2016,IOWA,4.36,3.70,5.92,6.14,6.12,2.01
2017,IOWA,4.80,3.50,2.94,3.83,2.31,5.26
2018,IOWA,4.70,7.55,3.39,6.42,8.10,4.63
2019,IOWA,8.21,3.91,3.38,3.53,6.21,4.78
2020,IOWA,4.55,4.93,2.89,1.15,-9.99,-9.99
1895,KANSAS,2.69,5.10,5.33,4.78,1.32,0.72
1896,KANSAS,4.46,4.06,4.37,2.57,2.98,2.64
1897,KANSAS,2.20,3.59,2.86,3.38,1.47,2.51
1898,KANSAS,6.43,4.50,3.08,2.62,3.83,1.53
1899,KANSAS,3.33,5.28,5.63,1.92,1.67,1.55
1900,KANSAS,2.95,3.62,3.25,2.12,5.37,2.16
1901,KANSAS,1.67,2.08,1.82,2.76,3.13,1.72
1902,KANSAS,6.28,5.72,4.19,5.19,3.53,2.18
1903,KANSAS,7.78,2.37,2.69,4.68,1.90,3.13
1904,KANSAS,5.09,6.38,5.88,3.14,2.54,1.25
1905,KANSAS,3.90,3.63,5.15,1.78,4.22,1.51
1906,KANSAS,2.42,3.46,4.42,3.47,3.69,2.04
1907,KANSAS,2.26,4.68,3.81,3.00,2.13,2.64
1908,KANSAS,4.87,7.48,3.42,3.76,1.52,3.03
1909,KANSAS,3.38,5.52,5.18,1.09,3.02,1.68
1910,KANSAS,4.51,1.91,2.06,4.26,2.65,0.51
1911,KANSAS,2.65,0.63,3.81,3.55,3.01,1.26
1912,KANSAS,2.75,3.84,2.59,4.13,2.47,2.00
1913,KANSAS,2.89,2.47,1.29,0.42,3.88,1.63
1914,KANSAS,3.37,3.71,2.70,2.98,2.47,2.14
1915,KANSAS,6.71,6.31,5.68,4.51,4.28,1.51
1916,KANSAS,3.28,5.83,0.80,2.14,2.12,1.51
1917,KANSAS,3.28,2.02,1.54,4.81,2.31,0.42
1918,KANSAS,4.10,1.34,2.70,2.27,2.58,3.79
1919,KANSAS,2.94,4.32,1.95,1.65,2.65,1.97
1920,KANSAS,3.25,2.77,3.17,4.32,3.06,2.82
1921,KANSAS,2.47,4.90,3.23,3.09,3.21,0.54
1922,KANSAS,3.94,2.32,4.54,1.50,1.85,1.19
1923,KANSAS,5.82,5.99,3.01,2.37,4.19,4.26
1924,KANSAS,2.08,2.08,3.66,3.77,2.60,1.21
1925,KANSAS,2.16,3.79,3.13,3.31,3.79,1.42
1926,KANSAS,2.18,2.78,2.55,2.55,4.91,2.67
1927,KANSAS,1.70,5.80,3.48,6.63,2.67,1.61
1928,KANSAS,3.56,7.23,4.63,2.88,1.29,2.69
1929,KANSAS,4.61,3.98,3.50,1.99,2.04,3.41
1930,KANSAS,4.36,3.77,2.07,2.80,2.82,3.49
1931,KANSAS,2.78,2.14,2.30,3.36,2.31,1.53
1932,KANSAS,2.16,5.64,2.85,2.79,2.20,0.98
1933,KANSAS,3.63,0.87,2.61,5.27,2.10,0.79
1934,KANSAS,2.59,2.83,1.05,1.37,3.81,1.23
1935,KANSAS,7.35,5.03,0.78,2.68,3.08,2.31
1936,KANSAS,4.84,1.37,0.80,1.08,4.59,1.83
1937,KANSAS,2.97,3.32,3.13,1.98,2.01,1.44
1938,KANSAS,7.22,3.88,2.89,2.37,2.22,0.30
1939,KANSAS,2.33,4.43,1.31,3.27,0.30,0.52
1940,KANSAS,3.57,2.54,1.70,4.02,2.44,1.00
1941,KANSAS,3.49,6.21,2.95,3.53,4.84,5.99
1942,KANSAS,2.20,6.25,2.18,4.43,4.28,2.94
1943,KANSAS,4.55,4.86,2.78,2.04,2.34,1.56
1944,KANSAS,3.93,2.76,4.67,5.24,1.90,1.71
1945,KANSAS,3.16,4.39,3.42,2.37,4.86,0.79
1946,KANSAS,3.32,2.88,1.88,2.69,3.52,4.07
1947,KANSAS,4.48,4.94,1.92,1.79,1.20,1.12
1948,KANSAS,2.59,6.44,5.95,3.14,1.30,0.93
1949,KANSAS,5.31,5.95,3.88,2.77,2.34,2.41
1950,KANSAS,3.58,2.85,8.74,5.85,1.38,1.16
1951,KANSAS,6.37,9.36,6.46,4.07,5.04,1.86
1952,KANSAS,2.43,0.90,2.30,3.22,0.58,0.02
1953,KANSAS,2.55,2.24,2.93,2.08,1.22,1.70
1954,KANSAS,4.25,2.45,1.49,3.55,1.43,2.40
1955,KANSAS,4.71,3.75,1.68,1.57,3.87,1.43
1956,KANSAS,2.46,2.24,3.13,1.82,0.29,1.44
1957,KANSAS,6.52,6.95,2.30,2.02,3.82,2.57
1958,KANSAS,3.85,4.26,7.82,2.56,3.77,0.48
1959,KANSAS,4.72,2.13,4.67,2.99,3.58,4.94
1960,KANSAS,3.09,3.90,2.55,3.83,2.22,3.09
1961,KANSAS,6.12,3.95,4.36,3.76,5.08,2.51
1962,KANSAS,3.17,5.57,4.92,2.80,4.54,1.23
1963,KANSAS,2.43,3.74,3.67,2.10,3.52,1.42
1964,KANSAS,3.75,4.09,1.96,3.34,2.24,0.58
1965,KANSAS,3.32,8.15,3.31,3.47,5.70,1.62
1966,KANSAS,0.94,3.12,3.25,3.31,2.12,0.67
1967,KANSAS,3.11,8.17,3.92,1.88,4.20,2.24
1968,KANSAS,3.69,3.05,4.43,4.64,1.51,3.40
1969,KANSAS,3.95,4.72,3.77,3.38,3.13,3.93
1970,KANSAS,3.07,4.36,1.59,2.06,5.12,1.96
1971,KANSAS,4.12,3.54,4.97,1.20,2.21,3.34
1972,KANSAS,4.30,2.91,4.85,4.14,2.59,1.64
1973,KANSAS,2.99,1.82,5.27,2.13,8.32,3.23
1974,KANSAS,2.80,3.38,0.88,4.37,1.63,3.07
1975,KANSAS,4.82,5.93,1.03,3.20,1.62,0.38
1976,KANSAS,3.23,2.19,2.76,1.12,2.89,1.87
1977,KANSAS,6.17,4.64,2.52,6.49,3.39,1.75
1978,KANSAS,5.13,3.36,2.25,2.28,2.63,0.40
1979,KANSAS,3.40,4.05,5.12,2.32,0.69,3.85
1980,KANSAS,2.65,1.98,1.06,3.83,1.07,1.79
1981,KANSAS,6.43,3.84,4.62,2.76,2.30,2.36
1982,KANSAS,6.63,4.91,3.50,2.59,1.70,1.55
1983,KANSAS,3.92,4.27,0.76,1.29,1.92,3.11
1984,KANSAS,2.60,4.34,1.26,1.48,1.30,4.08
1985,KANSAS,3.49,4.11,3.25,4.69,4.50,3.41
1986,KANSAS,3.66,3.84,4.03,4.32,5.11,3.90
1987,KANSAS,5.49,3.93,3.23,4.54,2.11,1.08
1988,KANSAS,2.58,1.75,3.44,1.82,2.58,0.57
1989,KANSAS,4.09,6.03,3.17,4.85,3.48,1.41
1990,KANSAS,5.51,2.96,3.51,3.10,1.76,0.97
1991,KANSAS,4.05,2.61,2.37,2.54,1.47,1.30
1992,KANSAS,2.40,5.81,6.70,3.74,2.08,2.00
1993,KANSAS,6.05,4.27,9.28,4.20,3.75,1.21
1994,KANSAS,1.50,2.97,4.92,2.42,1.36,2.24
1995,KANSAS,8.79,4.84,3.22,3.01,2.38,0.33
1996,KANSAS,4.98,4.11,4.29,5.34,4.38,1.54
1997,KANSAS,3.31,4.25,3.21,4.80,2.89,3.22
1998,KANSAS,2.06,2.90,6.37,1.94,3.08,4.23
1999,KANSAS,4.42,5.31,2.73,3.22,3.28,0.61
2000,KANSAS,2.67,4.25,3.68,0.62,1.01,3.98
2001,KANSAS,5.26,3.81,3.71,2.40,3.55,1.11
2002,KANSAS,3.90,2.74,1.72,3.09,1.50,4.43
2003,KANSAS,3.47,4.19,0.85,4.31,2.51,1.21
2004,KANSAS,2.47,5.34,5.81,2.51,2.15,2.29
2005,KANSAS,3.18,6.03,3.22,5.16,1.58,2.58
2006,KANSAS,2.76,3.02,2.39,4.77,1.90,2.14
2007,KANSAS,5.98,5.69,3.35,2.57,2.02,2.83
2008,KANSAS,5.13,4.81,3.37,3.62,3.97,4.78
2009,KANSAS,2.74,4.71,3.99,3.83,3.40,3.81
2010,KANSAS,4.06,4.70,4.55,2.93,3.14,0.69
2011,KANSAS,3.44,2.66,2.59,3.33,1.27,1.60
2012,KANSAS,1.47,2.16,1.28,2.61,2.09,1.14
2013,KANSAS,3.96,2.78,4.46,4.91,2.74,2.64
2014,KANSAS,1.98,7.58,2.39,3.06,2.98,2.75
2015,KANSAS,8.28,3.34,4.93,2.95,1.58,1.79
2016,KANSAS,4.58,2.30,5.05,4.90,4.11,1.44
2017,KANSAS,4.83,3.20,2.39,3.56,2.39,2.73
2018,KANSAS,4.10,3.82,4.19,4.33,3.33,5.86
2019,KANSAS,10.51,4.45,2.32,7.00,2.02,1.95
2020,KANSAS,4.10,2.70,6.30,1.64,-9.99,-9.99
1895,MINNESOTA,3.37,5.18,3.21,2.26,3.78,0.34
1896,MINNESOTA,5.53,3.67,2.17,2.43,2.39,2.60
1897,MINNESOTA,1.37,5.25,7.32,2.31,1.68,1.61
1898,MINNESOTA,3.14,4.44,3.27,3.05,1.75,3.32
1899,MINNESOTA,4.54,5.55,3.30,5.56,1.60,3.07
1900,MINNESOTA,0.80,1.65,4.52,6.80,5.81,3.28
1901,MINNESOTA,1.36,5.97,3.46,2.12,3.54,2.08
1902,MINNESOTA,5.01,3.21,4.22,4.07,1.95,1.91
1903,MINNESOTA,4.76,1.94,4.87,4.61,5.09,2.93
1904,MINNESOTA,2.28,4.18,3.78,2.51,3.37,3.23
1905,MINNESOTA,5.05,6.83,4.51,3.69,3.40,2.25
1906,MINNESOTA,4.90,4.74,2.71,4.48,3.32,2.23
1907,MINNESOTA,2.19,3.96,3.34,4.01,3.22,1.09
1908,MINNESOTA,5.84,5.64,3.00,2.27,2.11,1.79
1909,MINNESOTA,3.18,3.22,4.15,4.68,2.91,1.80
1910,MINNESOTA,1.43,1.50,2.10,2.13,2.57,0.98
1911,MINNESOTA,3.24,3.76,3.52,4.05,3.28,3.10
1912,MINNESOTA,4.03,1.76,4.26,3.87,3.13,0.91
1913,MINNESOTA,3.57,3.17,5.53,2.95,3.30,2.57
1914,MINNESOTA,2.95,7.32,2.65,3.88,3.15,2.02
1915,MINNESOTA,4.06,6.72,3.73,1.84,2.79,2.07
1916,MINNESOTA,3.96,4.83,2.75,4.11,3.00,1.33
1917,MINNESOTA,1.47,2.88,3.12,2.20,2.22,1.79
1918,MINNESOTA,4.30,1.90,3.24,3.89,1.08,2.42
1919,MINNESOTA,2.37,5.25,4.76,3.40,1.94,1.86
1920,MINNESOTA,3.11,5.69,3.12,1.94,2.86,1.83
1921,MINNESOTA,3.46,2.69,3.79,2.36,4.28,0.64
1922,MINNESOTA,3.02,3.00,2.42,1.97,1.98,1.07
1923,MINNESOTA,1.88,4.51,3.10,2.35,2.33,0.82
1924,MINNESOTA,1.86,4.09,2.93,4.70,3.66,1.47
1925,MINNESOTA,1.51,6.65,2.92,2.30,4.05,0.93
1926,MINNESOTA,2.14,3.33,2.93,3.54,5.26,2.25
1927,MINNESOTA,3.74,3.40,2.76,2.14,2.61,1.65
1928,MINNESOTA,1.28,4.20,4.28,5.77,2.95,2.31
1929,MINNESOTA,1.99,2.00,2.42,2.01,3.85,2.17
1930,MINNESOTA,4.22,3.73,2.38,1.11,3.38,1.58
1931,MINNESOTA,2.34,4.17,2.25,2.86,2.60,2.42
1932,MINNESOTA,3.06,2.85,2.87,3.50,1.09,1.57
1933,MINNESOTA,3.48,2.04,2.55,1.74,3.04,1.55
1934,MINNESOTA,1.04,4.02,2.37,2.07,3.28,2.59
1935,MINNESOTA,2.21,4.65,3.96,4.57,1.30,1.83
1936,MINNESOTA,2.62,1.89,0.81,2.95,2.24,0.74
1937,MINNESOTA,3.91,2.88,3.61,4.24,2.14,1.01
1938,MINNESOTA,6.03,3.17,3.18,2.63,3.16,0.51
1939,MINNESOTA,2.24,4.99,2.23,4.00,1.55,1.72
1940,MINNESOTA,1.88,3.35,3.13,4.08,1.19,2.69
1941,MINNESOTA,3.42,4.92,2.24,4.06,5.17,2.82
1942,MINNESOTA,4.93,3.53,3.36,4.99,3.95,1.07
1943,MINNESOTA,4.34,5.63,3.65,4.09,1.82,1.66
1944,MINNESOTA,5.09,6.55,4.27,5.35,2.06,0.36
1945,MINNESOTA,2.40,4.29,3.80,3.63,3.62,0.49
1946,MINNESOTA,2.96,5.63,2.32,2.12,4.57,3.68
1947,MINNESOTA,2.33,5.25,1.89,3.64,3.14,1.50
1948,MINNESOTA,1.23,3.83,3.87,3.25,1.43,0.87
1949,MINNESOTA,3.38,4.10,5.90,2.02,1.66,3.14
1950,MINNESOTA,4.50,3.04,3.56,1.89,2.60,1.97
1951,MINNESOTA,2.89,4.61,3.24,5.21,3.36,2.28
1952,MINNESOTA,1.54,4.99,5.49,4.18,0.61,0.18
1953,MINNESOTA,4.21,6.07,4.07,4.55,1.75,0.59
1954,MINNESOTA,3.39,3.79,2.96,2.93,3.22,1.67
1955,MINNESOTA,2.21,3.46,5.74,3.29,2.43,1.27
1956,MINNESOTA,3.10,3.50,3.79,4.50,1.07,1.52
1957,MINNESOTA,3.38,6.67,4.28,3.84,3.43,1.61
1958,MINNESOTA,1.53,3.61,3.84,2.89,2.33,1.09
1959,MINNESOTA,5.32,3.46,2.89,5.37,2.89,2.34
1960,MINNESOTA,3.69,3.64,2.51,4.31,2.34,1.22
1961,MINNESOTA,3.07,1.61,3.98,2.12,4.52,1.73
1962,MINNESOTA,5.98,3.39,5.69,3.58,3.03,0.88
1963,MINNESOTA,3.23,3.83,4.62,2.92,2.40,0.87
1964,MINNESOTA,3.12,4.16,2.65,4.78,4.27,0.49
1965,MINNESOTA,4.93,4.06,3.59,3.02,6.19,1.48
1966,MINNESOTA,1.70,3.23,3.59,5.00,1.46,2.26
1967,MINNESOTA,1.34,5.97,1.91,2.27,1.10,1.37
1968,MINNESOTA,2.69,6.16,4.54,2.78,4.40,4.19
1969,MINNESOTA,2.96,3.43,4.26,1.93,2.46,2.63
1970,MINNESOTA,3.57,3.43,2.98,1.56,2.96,4.62
1971,MINNESOTA,2.73,4.87,3.25,2.09,3.01,5.81
1972,MINNESOTA,3.54,2.59,6.16,3.50,2.92,1.99
1973,MINNESOTA,3.45,2.81,4.12,3.87,4.35,2.85
1974,MINNESOTA,3.92,3.19,2.72,4.62,0.97,1.52
1975,MINNESOTA,2.19,6.02,2.41,3.34,2.12,1.33
1976,MINNESOTA,0.84,4.43,2.23,1.46,1.05,0.50
1977,MINNESOTA,3.92,3.82,3.72,4.36,4.83,2.73
1978,MINNESOTA,3.20,3.65,5.42,4.19,3.29,0.48
1979,MINNESOTA,3.25,4.46,3.55,4.07,1.40,3.39
1980,MINNESOTA,1.62,3.49,2.31,5.69,3.58,1.39
1981,MINNESOTA,1.96,5.73,3.82,4.35,2.08,3.49
1982,MINNESOTA,4.34,2.41,4.45,2.89,3.37,4.29
1983,MINNESOTA,2.54,4.97,3.53,3.91,3.40,2.47
1984,MINNESOTA,2.18,6.68,2.32,2.46,2.22,5.31
1985,MINNESOTA,4.50,4.08,3.16,4.63,4.36,1.89
1986,MINNESOTA,2.81,4.58,5.10,3.59,5.61,1.03
1987,MINNESOTA,3.73,1.78,5.91,3.02,2.39,0.81
1988,MINNESOTA,2.10,1.82,2.31,5.30,3.69,0.70
1989,MINNESOTA,2.82,3.50,2.40,4.06,2.72,0.95
1990,MINNESOTA,2.52,6.02,3.56,2.86,1.80,2.42
1991,MINNESOTA,4.45,4.80,4.53,2.47,4.83,1.39
1992,MINNESOTA,2.03,3.86,4.08,4.23,2.88,1.13
1993,MINNESOTA,4.37,5.89,6.28,4.90,2.11,0.82
1994,MINNESOTA,1.94,4.94,4.33,3.58,3.34,2.80
1995,MINNESOTA,2.93,2.26,5.64,4.62,3.00,3.71
1996,MINNESOTA,3.01,3.71,3.43,2.65,2.79,3.36
1997,MINNESOTA,2.16,4.18,5.09,2.96,2.46,2.41
1998,MINNESOTA,3.78,5.36,3.17,3.09,1.68,4.29
1999,MINNESOTA,4.94,4.30,5.62,4.09,3.38,1.07
2000,MINNESOTA,3.65,4.99,3.79,3.47,1.53,1.97
2001,MINNESOTA,4.06,3.89,3.37,3.01,2.30,2.04
2002,MINNESOTA,2.28,6.14,4.94,5.28,2.35,2.63
2003,MINNESOTA,3.57,4.73,3.19,1.41,2.90,1.14
2004,MINNESOTA,5.63,2.76,4.19,2.88,5.52,2.88
2005,MINNESOTA,4.06,5.61,2.59,3.42,4.46,2.96
2006,MINNESOTA,2.64,2.65,2.00,3.62,3.16,1.19
2007,MINNESOTA,3.04,3.58,2.17,4.10,4.05,4.68
2008,MINNESOTA,2.82,4.88,2.99,2.12,3.36,3.46
2009,MINNESOTA,1.74,3.35,2.77,3.88,1.38,5.06
2010,MINNESOTA,3.15,5.21,4.95,4.55,6.41,2.25
2011,MINNESOTA,4.14,4.18,4.68,2.73,1.21,0.98
2012,MINNESOTA,5.96,4.36,3.28,2.04,0.61,1.88
2013,MINNESOTA,4.39,5.22,2.86,1.84,2.45,3.34
2014,MINNESOTA,3.51,8.07,2.50,3.72,2.36,1.19
2015,MINNESOTA,5.30,3.80,4.07,3.89,2.71,2.15
2016,MINNESOTA,2.53,4.15,6.07,5.31,4.62,2.17
2017,MINNESOTA,3.21,3.76,2.64,5.23,3.72,3.26
2018,MINNESOTA,2.79,5.72,4.30,3.11,4.32,3.57
2019,MINNESOTA,4.11,3.55,4.62,3.31,6.12,4.22
2020,MINNESOTA,2.08,4.00,4.93,4.11,-9.99,-9.99
1895,MISSOURI,4.07,6.12,7.13,3.86,2.76,0.40
1896,MISSOURI,8.77,4.04,5.41,3.41,4.41,2.63
1897,MISSOURI,2.44,5.95,3.31,2.56,0.69,0.73
1898,MISSOURI,7.43,5.76,5.73,3.26,6.75,4.34
1899,MISSOURI,6.17,3.81,4.70,3.12,2.00,3.16
1900,MISSOURI,3.67,5.23,4.37,3.59,4.83,3.94
1901,MISSOURI,1.39,1.99,2.01,2.02,2.16,1.70
1902,MISSOURI,4.90,6.75,4.25,6.30,4.57,2.42
1903,MISSOURI,7.11,3.28,3.56,5.24,4.32,3.14
1904,MISSOURI,4.59,6.48,4.58,5.05,3.64,0.89
1905,MISSOURI,5.25,3.12,8.13,4.66,7.37,4.90
1906,MISSOURI,2.43,4.99,3.55,4.91,4.91,1.09
1907,MISSOURI,5.44,5.52,4.35,3.88,2.08,2.75
1908,MISSOURI,6.56,5.77,3.43,3.59,2.22,2.23
1909,MISSOURI,5.54,5.35,5.93,0.47,4.60,2.76
1910,MISSOURI,6.32,3.82,5.88,2.83,5.63,2.81
1911,MISSOURI,1.44,1.80,3.62,4.33,6.69,3.06
1912,MISSOURI,3.77,4.77,2.87,4.20,3.21,3.73
1913,MISSOURI,2.63,2.62,3.10,1.10,4.62,4.61
1914,MISSOURI,1.40,2.19,2.56,4.09,6.15,4.52
1915,MISSOURI,7.59,6.62,5.61,7.89,5.24,1.24
1916,MISSOURI,5.45,5.81,1.26,3.72,2.90,1.98
1917,MISSOURI,4.40,3.96,3.25,4.56,2.90,1.15
1918,MISSOURI,5.42,3.29,1.75,3.38,4.64,3.40
1919,MISSOURI,5.68,5.77,2.29,4.14,3.21,7.32
1920,MISSOURI,5.19,2.19,3.32,4.69,4.78,3.27
1921,MISSOURI,3.52,5.71,2.40,5.49,6.88,2.18
1922,MISSOURI,3.10,1.61,5.56,2.28,3.04,1.87
1923,MISSOURI,4.59,5.46,3.13,3.62,4.23,3.56
1924,MISSOURI,4.69,7.34,5.37,4.30,3.80,1.25
1925,MISSOURI,2.14,5.78,2.79,3.37,6.59,4.98
1926,MISSOURI,2.66,3.68,3.00,5.57,8.93,4.82
1927,MISSOURI,6.64,5.78,4.33,5.26,3.54,4.58
1928,MISSOURI,2.85,10.93,2.81,5.47,2.47,3.62
1929,MISSOURI,7.62,5.68,3.84,2.57,3.04,5.58
1930,MISSOURI,3.51,3.65,1.05,2.05,4.34,3.20
1931,MISSOURI,4.48,2.65,3.38,5.08,4.13,3.40
1932,MISSOURI,1.96,4.85,3.77,5.24,2.28,3.54
1933,MISSOURI,7.53,1.40,2.50,3.98,4.60,2.97
1934,MISSOURI,2.07,2.79,1.11,3.71,7.59,2.45
1935,MISSOURI,8.44,9.24,3.26,2.20,3.59,3.58
1936,MISSOURI,2.59,1.48,1.49,0.91,8.57,3.51
1937,MISSOURI,3.89,4.87,4.00,2.09,2.19,2.37
1938,MISSOURI,6.32,4.72,3.55,2.69,1.94,1.26
1939,MISSOURI,4.13,5.73,2.95,4.63,0.82,1.85
1940,MISSOURI,2.45,4.50,1.64,5.90,0.74,1.72
1941,MISSOURI,2.32,4.32,2.95,3.17,6.18,10.40
1942,MISSOURI,5.18,7.89,2.73,4.27,4.18,3.06
1943,MISSOURI,9.90,6.58,2.55,2.58,3.63,3.23
1944,MISSOURI,4.44,2.68,2.65,6.64,2.80,1.72
1945,MISSOURI,5.63,8.33,2.25,2.02,9.31,2.11
1946,MISSOURI,6.49,2.92,2.71,5.53,2.41,2.98
1947,MISSOURI,4.37,8.51,2.29,1.80,3.97,3.84
1948,MISSOURI,3.56,7.63,5.41,2.19,2.15,2.39
1949,MISSOURI,4.66,6.79,4.66,3.17,4.82,5.73
1950,MISSOURI,5.79,4.36,4.54,6.60,2.09,1.07
1951,MISSOURI,3.53,8.99,5.81,5.37,5.31,3.94
1952,MISSOURI,2.99,2.26,3.66,5.28,1.50,0.50
1953,MISSOURI,2.89,2.10,1.86,1.37,1.27,2.01
1954,MISSOURI,4.54,3.30,1.40,4.96,2.44,5.50
1955,MISSOURI,5.20,4.76,3.07,2.75,3.22,3.54
1956,MISSOURI,4.77,3.38,5.55,3.15,0.95,1.47
1957,MISSOURI,7.84,6.59,3.36,2.20,3.07,3.53
1958,MISSOURI,4.17,5.47,10.52,2.45,4.75,1.25
1959,MISSOURI,5.15,2.32,3.98,3.19,5.08,4.74
1960,MISSOURI,5.07,3.96,3.65,3.06,1.60,3.91
1961,MISSOURI,7.52,3.34,6.18,2.79,6.98,2.69
1962,MISSOURI,3.56,3.94,3.12,2.33,5.48,3.62
1963,MISSOURI,5.54,3.25,3.97,3.37,1.65,0.97
1964,MISSOURI,3.45,5.15,2.86,4.02,3.95,0.45
1965,MISSOURI,3.16,5.60,4.83,4.77,8.28,1.20
1966,MISSOURI,3.81,3.50,2.90,4.10,3.33,1.87
1967,MISSOURI,5.04,6.75,3.65,1.51,3.89,6.54
1968,MISSOURI,5.03,3.00,4.58,3.93,4.10,2.58
1969,MISSOURI,2.93,6.30,5.47,2.29,4.72,6.28
1970,MISSOURI,5.42,5.72,1.17,5.21,8.60,4.50
1971,MISSOURI,3.99,3.05,3.98,2.08,3.46,2.59
1972,MISSOURI,3.06,1.99,4.43,3.08,4.95,3.58
1973,MISSOURI,6.28,4.00,4.78,2.07,6.59,4.61
1974,MISSOURI,6.31,3.90,1.72,5.85,3.72,2.82
1975,MISSOURI,3.94,4.18,1.77,5.10,4.90,1.54
1976,MISSOURI,3.82,3.44,2.89,1.96,1.62,3.75
1977,MISSOURI,3.95,5.71,2.66,5.70,6.87,4.16
1978,MISSOURI,5.05,3.23,4.99,4.12,2.89,1.83
1979,MISSOURI,4.46,3.91,5.20,3.56,1.57,2.94
1980,MISSOURI,2.51,2.67,1.93,3.77,3.00,3.54
1981,MISSOURI,7.54,7.62,7.39,3.33,1.86,4.51
1982,MISSOURI,6.19,5.16,3.40,7.90,2.75,2.75
1983,MISSOURI,5.06,3.44,1.75,1.61,2.43,5.56
1984,MISSOURI,4.00,4.01,2.77,1.47,5.07,7.08
1985,MISSOURI,4.73,6.77,2.59,6.08,3.17,4.31
1986,MISSOURI,5.37,3.35,4.18,3.32,8.34,6.10
1987,MISSOURI,3.49,3.36,4.95,4.67,2.61,2.13
1988,MISSOURI,2.30,1.44,4.05,3.61,4.30,1.80
1989,MISSOURI,4.14,4.37,3.96,4.90,3.01,1.98
1990,MISSOURI,8.99,4.89,3.92,2.97,2.35,3.62
1991,MISSOURI,5.26,2.21,3.40,2.26,3.71,4.28
1992,MISSOURI,2.43,2.93,7.13,2.37,4.78,1.44
1993,MISSOURI,4.97,6.35,8.92,4.25,11.31,2.33
1994,MISSOURI,2.48,3.73,3.08,3.67,2.48,3.17
1995,MISSOURI,9.78,5.40,3.89,3.49,2.33,1.81
1996,MISSOURI,6.82,3.94,4.80,2.85,5.73,2.94
1997,MISSOURI,5.06,4.02,2.21,4.13,3.21,3.42
1998,MISSOURI,3.20,7.27,6.44,2.38,4.65,5.66
1999,MISSOURI,4.65,4.78,1.93,2.20,2.56,1.53
2000,MISSOURI,4.16,6.94,4.05,2.69,2.83,2.81
2001,MISSOURI,5.50,5.91,4.87,2.98,3.48,4.36
2002,MISSOURI,9.60,2.95,3.11,3.74,1.94,3.54
2003,MISSOURI,4.90,4.72,2.47,3.74,5.19,2.24
2004,MISSOURI,5.65,3.47,5.65,5.21,1.14,4.76
2005,MISSOURI,2.16,3.90,2.92,5.54,3.94,1.71
2006,MISSOURI,3.62,3.12,3.56,4.46,2.84,3.71
2007,MISSOURI,5.15,5.11,2.31,3.24,3.00,3.95
2008,MISSOURI,5.42,6.98,6.34,2.54,8.15,2.52
2009,MISSOURI,5.86,5.77,4.46,4.77,3.76,9.87
2010,MISSOURI,6.77,4.79,6.77,2.53,7.86,0.73
2011,MISSOURI,6.36,4.08,2.48,3.92,2.58,1.21
2012,MISSOURI,2.16,1.90,1.70,2.44,4.90,3.17
2013,MISSOURI,6.84,4.46,3.07,4.08,2.50,3.61
2014,MISSOURI,3.19,6.10,2.59,4.34,3.85,6.23
2015,MISSOURI,7.30,7.36,7.93,3.96,2.18,1.56
2016,MISSOURI,5.78,2.43,6.56,6.61,4.39,2.29
2017,MISSOURI,5.97,4.32,3.39,5.15,1.02,3.78
2018,MISSOURI,4.18,3.70,2.49,5.66,3.52,4.68
2019,MISSOURI,10.30,5.73,4.46,6.16,3.29,5.00
2020,MISSOURI,6.22,3.58,5.76,2.89,-9.99,-9.99
1895,NEBRASKA,2.56,5.02,1.76,2.81,1.39,0.19
1896,NEBRASKA,3.72,3.96,3.87,1.81,2.19,1.71
1897,NEBRASKA,1.64,3.47,2.51,2.64,1.11,2.92
1898,NEBRASKA,5.18,3.12,2.39,2.03,2.15,0.79
1899,NEBRASKA,3.68,3.81,2.96,2.81,0.42,0.94
1900,NEBRASKA,2.11,2.11,4.31,3.27,2.30,1.73
1901,NEBRASKA,1.82,4.80,1.53,2.25,4.13,1.61
1902,NEBRASKA,3.64,4.84,5.35,3.50,3.48,1.74
1903,NEBRASKA,6.53,2.05,5.23,4.55,1.25,1.21
1904,NEBRASKA,3.55,4.55,4.22,2.62,1.93,2.50
1905,NEBRASKA,5.76,4.85,4.54,2.52,3.33,1.26
1906,NEBRASKA,2.77,2.49,2.48,3.71,3.04,2.75
1907,NEBRASKA,3.08,3.90,4.32,2.19,2.30,0.53
1908,NEBRASKA,4.93,6.14,4.16,3.53,0.73,2.80
1909,NEBRASKA,3.37,3.95,3.73,2.38,2.88,1.09
1910,NEBRASKA,2.72,2.67,1.82,4.15,2.11,0.63
1911,NEBRASKA,2.26,1.67,2.73,3.42,2.01,3.18
1912,NEBRASKA,1.75,2.13,3.54,3.34,2.53,1.56
1913,NEBRASKA,3.60,2.53,2.51,1.49,2.08,0.55
1914,NEBRASKA,2.63,4.41,1.80,2.81,1.96,1.47
1915,NEBRASKA,5.11,5.65,5.95,3.93,3.79,1.31
1916,NEBRASKA,3.51,3.21,2.01,3.45,1.45,1.07
1917,NEBRASKA,4.80,3.05,1.27,2.32,2.64,0.35
1918,NEBRASKA,4.11,1.87,3.39,2.44,1.72,2.52
1919,NEBRASKA,2.45,4.63,2.77,1.36,2.62,1.83
1920,NEBRASKA,3.48,3.20,2.68,3.64,1.11,2.04
1921,NEBRASKA,3.75,2.36,3.89,2.60,2.08,1.21
1922,NEBRASKA,2.85,2.47,4.51,1.78,0.75,0.59
1923,NEBRASKA,5.30,4.70,3.06,4.70,3.34,1.83
1924,NEBRASKA,1.80,4.05,3.46,2.18,2.22,1.03
1925,NEBRASKA,2.11,4.41,2.18,3.43,1.79,1.71
1926,NEBRASKA,2.78,2.81,2.97,3.59,3.13,1.03
1927,NEBRASKA,2.68,3.70,2.08,3.35,2.10,0.61
1928,NEBRASKA,3.53,4.64,4.18,1.45,1.15,2.64
1929,NEBRASKA,2.81,3.04,3.05,1.57,2.89,2.86
1930,NEBRASKA,5.12,3.24,1.45,3.89,1.57,2.79
1931,NEBRASKA,2.08,2.58,1.94,2.31,2.12,1.11
1932,NEBRASKA,2.77,4.19,2.79,3.07,1.28,1.21
1933,NEBRASKA,3.04,1.06,2.89,4.01,2.35,0.06
1934,NEBRASKA,1.12,3.05,1.16,1.80,2.55,0.86
1935,NEBRASKA,6.16,3.71,1.39,2.47,1.57,0.74
1936,NEBRASKA,3.12,1.98,0.54,1.60,1.66,0.38
1937,NEBRASKA,2.56,3.30,2.60,1.93,1.56,1.56
1938,NEBRASKA,4.84,2.72,3.31,1.90,2.94,0.16
1939,NEBRASKA,2.59,3.72,1.87,2.16,0.46,0.79
1940,NEBRASKA,0.97,2.94,1.68,1.95,1.16,1.49
1941,NEBRASKA,2.29,4.74,2.60,1.54,4.08,2.01
1942,NEBRASKA,4.60,4.96,1.61,2.32,3.72,0.83
1943,NEBRASKA,2.18,4.43,2.99,1.81,0.89,1.28
1944,NEBRASKA,3.95,4.51,3.82,3.23,0.86,0.79
1945,NEBRASKA,3.67,4.81,2.84,2.83,2.61,0.20
1946,NEBRASKA,4.15,3.11,1.98,2.26,3.73,4.08
1947,NEBRASKA,2.92,8.06,1.72,0.99,1.62,1.16
1948,NEBRASKA,2.03,4.67,3.31,2.79,1.73,0.96
1949,NEBRASKA,4.74,4.58,2.48,2.77,2.12,1.75
1950,NEBRASKA,4.00,2.17,5.23,3.62,2.22,1.07
1951,NEBRASKA,4.67,5.70,4.01,4.23,3.33,1.60
1952,NEBRASKA,3.85,2.37,2.41,3.20,0.63,0.16
1953,NEBRASKA,2.45,3.24,2.69,1.94,0.69,1.03
1954,NEBRASKA,3.03,3.80,1.30,4.19,1.49,1.67
1955,NEBRASKA,3.20,4.10,1.48,1.30,2.58,0.38
1956,NEBRASKA,2.00,3.28,2.55,2.56,0.59,1.00
1957,NEBRASKA,5.54,4.70,3.16,2.93,2.31,2.19
1958,NEBRASKA,2.65,2.94,6.71,1.95,1.77,0.15
1959,NEBRASKA,4.89,3.42,1.98,2.73,2.38,2.22
1960,NEBRASKA,4.47,4.02,1.95,2.93,1.53,0.83
1961,NEBRASKA,5.06,2.61,2.84,2.20,3.27,0.93
1962,NEBRASKA,5.52,5.99,5.47,2.30,1.58,1.32
1963,NEBRASKA,2.09,3.92,2.97,3.35,3.58,0.70
1964,NEBRASKA,2.01,4.53,2.49,2.59,1.94,0.15
1965,NEBRASKA,5.06,5.69,4.05,2.35,5.76,1.11
1966,NEBRASKA,0.89,4.36,3.36,3.50,2.25,0.84
1967,NEBRASKA,3.55,8.20,2.51,1.53,1.90,1.08
1968,NEBRASKA,2.56,3.27,2.70,4.36,1.58,2.50
1969,NEBRASKA,3.17,3.53,3.84,2.36,1.38,3.27
1970,NEBRASKA,2.63,3.26,2.01,1.59,2.80,1.92
1971,NEBRASKA,4.23,3.40,2.96,1.25,1.86,2.25
1972,NEBRASKA,4.31,3.22,4.34,2.03,1.90,1.18
1973,NEBRASKA,3.73,1.69,4.13,1.30,6.56,1.82
1974,NEBRASKA,2.74,2.87,1.02,2.77,0.67,1.21
1975,NEBRASKA,2.82,5.30,2.29,1.63,0.88,0.29
1976,NEBRASKA,2.80,1.81,2.67,1.33,2.05,0.63
1977,NEBRASKA,5.36,2.88,3.06,4.80,2.15,1.45
1978,NEBRASKA,3.79,1.87,4.30,2.71,1.39,0.61
1979,NEBRASKA,3.02,4.01,3.88,2.68,1.26,2.58
1980,NEBRASKA,2.34,2.44,1.46,3.80,0.68,1.33
1981,NEBRASKA,4.34,2.39,4.83,3.75,1.17,1.26
1982,NEBRASKA,6.34,3.58,2.90,3.40,1.89,2.72
1983,NEBRASKA,4.42,5.47,2.28,1.59,1.58,1.20
1984,NEBRASKA,3.26,4.62,2.57,1.38,0.78,2.97
1985,NEBRASKA,3.31,2.44,3.27,2.57,3.74,1.38
1986,NEBRASKA,3.21,4.07,3.16,2.80,3.76,2.73
1987,NEBRASKA,4.45,2.98,2.71,3.39,1.94,0.62
1988,NEBRASKA,4.41,2.25,3.16,2.49,3.00,0.10
1989,NEBRASKA,1.99,3.36,2.34,2.70,3.09,0.57
1990,NEBRASKA,4.22,3.27,3.19,2.66,0.90,1.27
1991,NEBRASKA,5.05,3.56,1.91,1.50,1.64,1.44
1992,NEBRASKA,1.83,4.08,5.41,3.88,1.62,1.81
1993,NEBRASKA,3.45,5.34,7.76,3.67,2.59,1.67
1994,NEBRASKA,1.39,3.87,4.99,2.11,1.76,2.25
1995,NEBRASKA,6.72,3.10,2.24,2.13,2.61,1.89
1996,NEBRASKA,6.12,2.93,3.17,3.80,3.66,0.81
1997,NEBRASKA,2.80,3.35,2.85,2.83,2.66,3.06
1998,NEBRASKA,2.95,4.78,4.18,2.71,1.01,2.93
1999,NEBRASKA,3.69,5.31,2.36,3.08,1.67,0.13
2000,NEBRASKA,2.82,2.70,3.35,1.22,1.49,2.35
2001,NEBRASKA,4.34,2.09,3.85,2.16,2.76,1.09
2002,NEBRASKA,2.43,1.47,1.12,3.52,1.42,2.63
2003,NEBRASKA,3.24,4.25,1.43,1.35,2.21,0.75
2004,NEBRASKA,3.29,2.85,4.11,1.46,3.49,1.20
2005,NEBRASKA,3.31,5.39,1.91,3.04,1.05,1.50
2006,NEBRASKA,1.16,3.16,1.86,3.82,3.48,1.03
2007,NEBRASKA,5.19,2.82,2.46,4.27,1.82,3.08
2008,NEBRASKA,5.87,4.17,3.10,2.22,2.71,4.42
2009,NEBRASKA,2.18,5.52,3.07,3.67,1.52,3.74
2010,NEBRASKA,3.03,7.40,4.03,2.85,2.04,0.92
2011,NEBRASKA,5.43,3.99,3.71,3.56,0.88,1.92
2012,NEBRASKA,2.04,1.65,1.03,1.06,0.49,0.88
2013,NEBRASKA,4.86,2.43,2.11,3.00,2.32,2.80
2014,NEBRASKA,2.63,7.23,1.72,4.70,2.57,1.34
2015,NEBRASKA,5.89,4.73,3.33,2.83,2.54,1.43
2016,NEBRASKA,4.39,2.20,3.55,2.57,2.21,1.16
2017,NEBRASKA,4.71,1.53,2.64,4.31,2.72,2.96
2018,NEBRASKA,4.66,5.26,4.66,2.44,2.74,2.54
2019,NEBRASKA,6.59,3.74,4.17,5.14,2.49,1.59
2020,NEBRASKA,4.03,2.44,3.93,0.78,-9.99,-9.99
1895,NORTH DAKOTA,2.45,4.20,2.56,1.22,0.68,0.18
1896,NORTH DAKOTA,4.72,3.79,1.70,1.03,1.84,0.64
1897,NORTH DAKOTA,0.72,3.67,3.79,1.26,0.25,0.63
1898,NORTH DAKOTA,1.97,3.41,2.63,1.54,1.08,2.40
1899,NORTH DAKOTA,3.26,3.62,2.04,2.61,0.53,1.16
1900,NORTH DAKOTA,0.88,1.26,2.47,4.54,4.04,1.34
1901,NORTH DAKOTA,0.23,6.38,3.78,1.43,2.07,1.05
1902,NORTH DAKOTA,3.18,4.00,2.15,2.05,0.50,0.97
1903,NORTH DAKOTA,3.29,1.66,2.33,4.50,2.61,0.67
1904,NORTH DAKOTA,1.55,5.67,2.14,1.82,1.22,0.69
1905,NORTH DAKOTA,2.83,4.60,3.94,2.21,1.60,0.39
1906,NORTH DAKOTA,4.86,4.41,1.62,2.16,1.12,0.52
1907,NORTH DAKOTA,1.13,2.75,3.23,1.84,1.31,0.64
1908,NORTH DAKOTA,2.80,3.49,1.94,2.24,1.15,1.68
1909,NORTH DAKOTA,3.92,3.13,2.93,2.34,0.85,0.62
1910,NORTH DAKOTA,0.97,1.96,1.58,1.55,2.09,0.56
1911,NORTH DAKOTA,2.68,3.20,1.65,3.27,2.25,1.22
1912,NORTH DAKOTA,4.48,2.14,3.60,2.96,2.74,1.04
1913,NORTH DAKOTA,1.66,2.52,2.29,2.51,1.53,1.62
1914,NORTH DAKOTA,2.19,6.40,2.10,2.29,1.03,1.02
1915,NORTH DAKOTA,3.34,5.09,3.28,1.26,2.50,1.17
1916,NORTH DAKOTA,2.21,3.88,3.13,2.82,1.46,0.71
1917,NORTH DAKOTA,0.34,2.06,1.60,0.84,1.11,0.73
1918,NORTH DAKOTA,2.21,1.75,2.63,3.44,0.39,0.55
1919,NORTH DAKOTA,3.12,2.26,1.79,1.52,0.88,1.11
1920,NORTH DAKOTA,1.73,3.56,2.23,1.61,2.01,0.49
1921,NORTH DAKOTA,2.31,3.51,3.10,1.91,3.25,0.73
1922,NORTH DAKOTA,3.29,3.68,2.30,1.36,1.96,0.55
1923,NORTH DAKOTA,1.80,3.89,3.16,1.85,2.50,0.87
1924,NORTH DAKOTA,0.81,4.36,1.84,1.88,2.20,2.40
1925,NORTH DAKOTA,1.37,5.66,1.24,1.08,2.67,0.81
1926,NORTH DAKOTA,2.30,2.55,2.13,2.37,2.50,1.37
1927,NORTH DAKOTA,5.96,2.69,2.94,3.14,0.93,1.39
1928,NORTH DAKOTA,1.09,4.98,4.88,3.28,0.98,0.44
1929,NORTH DAKOTA,2.95,1.40,1.19,0.73,1.76,1.87
1930,NORTH DAKOTA,2.70,3.03,0.93,1.46,1.17,1.77
1931,NORTH DAKOTA,1.48,2.34,3.00,2.28,2.18,1.39
1932,NORTH DAKOTA,2.22,3.99,2.02,1.80,0.69,2.37
1933,NORTH DAKOTA,3.22,1.80,2.12,0.73,0.83,0.53
1934,NORTH DAKOTA,0.34,3.08,1.25,1.17,0.93,1.07
1935,NORTH DAKOTA,2.71,3.04,4.51,2.24,0.43,0.15
1936,NORTH DAKOTA,0.72,1.36,0.64,1.44,1.14,0.22
1937,NORTH DAKOTA,1.78,4.31,3.02,1.36,1.48,0.79
1938,NORTH DAKOTA,2.54,2.86,3.49,1.44,0.59,0.55
1939,NORTH DAKOTA,1.57,4.73,1.75,2.14,0.72,0.81
1940,NORTH DAKOTA,1.95,2.27,3.82,2.04,1.04,1.60
1941,NORTH DAKOTA,3.00,5.47,1.73,2.83,4.68,1.29
1942,NORTH DAKOTA,3.15,3.21,2.51,3.05,1.69,0.46
1943,NORTH DAKOTA,2.16,5.17,2.70,2.67,0.53,0.76
1944,NORTH DAKOTA,2.70,6.43,1.77,4.31,1.49,0.12
1945,NORTH DAKOTA,1.55,2.47,2.31,1.71,2.13,0.36
1946,NORTH DAKOTA,1.66,3.17,2.25,1.61,2.67,2.28
1947,NORTH DAKOTA,1.16,5.63,1.84,2.65,1.47,1.44
1948,NORTH DAKOTA,1.41,3.08,4.09,1.86,0.28,1.02
1949,NORTH DAKOTA,2.38,2.55,3.61,1.00,0.57,2.63
1950,NORTH DAKOTA,3.49,3.14,1.92,1.60,2.43,0.64
1951,NORTH DAKOTA,1.24,2.92,1.99,4.10,1.67,1.04
1952,NORTH DAKOTA,0.72,3.12,2.77,2.27,0.59,0.09
1953,NORTH DAKOTA,4.02,5.41,1.55,1.74,0.85,1.07
1954,NORTH DAKOTA,2.08,4.85,2.07,2.72,3.00,0.59
1955,NORTH DAKOTA,2.68,3.38,3.16,1.68,1.59,0.50
1956,NORTH DAKOTA,2.60,3.28,3.24,2.83,0.63,0.74
1957,NORTH DAKOTA,2.19,3.92,2.92,3.04,2.09,1.59
1958,NORTH DAKOTA,0.91,3.27,3.21,1.02,0.66,0.74
1959,NORTH DAKOTA,2.48,3.03,1.39,1.96,2.66,1.73
1960,NORTH DAKOTA,3.13,2.71,1.44,3.40,0.47,0.49
1961,NORTH DAKOTA,1.32,1.38,2.23,0.74,3.61,0.61
1962,NORTH DAKOTA,5.54,3.13,4.52,2.44,1.35,0.85
1963,NORTH DAKOTA,2.38,4.11,3.16,2.21,0.99,0.46
1964,NORTH DAKOTA,1.99,6.22,2.23,2.78,1.50,0.22
1965,NORTH DAKOTA,4.26,2.92,3.82,2.25,3.42,0.39
1966,NORTH DAKOTA,1.41,3.61,3.13,3.23,0.65,0.74
1967,NORTH DAKOTA,1.26,2.17,0.95,0.82,1.60,1.43
1968,NORTH DAKOTA,2.13,4.05,2.01,3.97,1.93,0.58
1969,NORTH DAKOTA,1.61,4.16,3.63,1.05,1.13,0.99
1970,NORTH DAKOTA,3.37,2.88,3.07,0.78,2.08,0.84
1971,NORTH DAKOTA,1.73,4.94,2.06,0.83,2.62,3.47
1972,NORTH DAKOTA,3.73,2.21,2.35,2.64,1.39,1.15
1973,NORTH DAKOTA,1.62,2.91,1.67,1.60,3.76,1.38
1974,NORTH DAKOTA,4.10,1.11,1.96,2.57,0.38,0.83
1975,NORTH DAKOTA,2.26,5.49,1.63,2.01,1.73,1.07
1976,NORTH DAKOTA,0.85,3.72,0.92,1.21,0.61,0.25
1977,NORTH DAKOTA,3.17,2.98,2.84,2.19,4.29,1.08
1978,NORTH DAKOTA,3.64,3.31,2.73,1.83,2.31,0.35
1979,NORTH DAKOTA,1.62,2.28,2.90,1.47,0.80,0.53
1980,NORTH DAKOTA,0.69,2.92,1.83,4.52,1.97,2.19
1981,NORTH DAKOTA,1.51,3.96,3.03,2.54,1.92,1.18
1982,NORTH DAKOTA,3.29,3.18,2.74,1.79,1.37,4.61
1983,NORTH DAKOTA,1.77,2.92,2.70,1.91,1.73,1.10
1984,NORTH DAKOTA,0.51,3.82,1.09,1.33,1.10,2.51
1985,NORTH DAKOTA,3.42,2.38,1.08,3.45,1.53,1.71
1986,NORTH DAKOTA,2.63,2.49,4.63,1.66,3.51,0.56
1987,NORTH DAKOTA,2.99,1.76,4.85,2.42,0.91,0.15
1988,NORTH DAKOTA,1.85,1.85,1.41,1.38,1.49,0.26
1989,NORTH DAKOTA,1.93,1.98,1.55,2.57,1.16,0.59
1990,NORTH DAKOTA,1.55,4.83,2.29,1.69,1.17,0.48
1991,NORTH DAKOTA,3.07,4.34,2.32,1.82,2.60,1.55
1992,NORTH DAKOTA,1.69,2.87,2.51,2.01,1.37,0.30
1993,NORTH DAKOTA,2.70,5.21,7.97,2.47,0.45,0.23
1994,NORTH DAKOTA,1.90,3.75,2.91,1.51,2.05,4.17
1995,NORTH DAKOTA,3.19,2.19,4.54,2.21,1.16,1.69
1996,NORTH DAKOTA,2.47,2.80,3.16,1.17,2.59,1.19
1997,NORTH DAKOTA,0.81,2.43,4.38,1.45,1.14,1.70
1998,NORTH DAKOTA,2.08,4.16,2.14,3.01,0.99,3.91
1999,NORTH DAKOTA,5.18,3.00,2.83,3.36,2.44,0.33
2000,NORTH DAKOTA,2.39,4.13,3.18,2.50,1.40,1.61
2001,NORTH DAKOTA,1.89,4.20,4.66,0.93,1.12,0.95
2002,NORTH DAKOTA,1.28,3.44,3.08,3.02,1.06,0.87
2003,NORTH DAKOTA,4.05,3.23,1.81,1.17,1.81,0.63
2004,NORTH DAKOTA,3.86,2.24,2.55,2.00,2.53,1.77
2005,NORTH DAKOTA,3.46,7.01,2.31,2.25,0.82,1.52
2006,NORTH DAKOTA,1.72,1.64,1.14,2.50,2.08,1.01
2007,NORTH DAKOTA,5.34,3.69,1.88,1.97,1.27,0.94
2008,NORTH DAKOTA,1.65,4.11,2.38,2.21,2.65,2.50
2009,NORTH DAKOTA,1.75,2.97,2.29,1.93,1.78,2.72
2010,NORTH DAKOTA,4.08,3.61,2.76,2.40,3.98,1.09
2011,NORTH DAKOTA,4.06,3.89,3.79,2.46,1.49,1.06
2012,NORTH DAKOTA,2.04,2.62,2.21,1.52,0.20,1.97
2013,NORTH DAKOTA,5.50,3.69,2.20,1.63,2.76,3.52
2014,NORTH DAKOTA,2.38,4.75,1.57,4.44,1.19,0.53
2015,NORTH DAKOTA,4.00,3.63,2.65,1.59,1.57,1.32
2016,NORTH DAKOTA,2.31,2.61,4.33,2.44,3.05,1.23
2017,NORTH DAKOTA,1.01,2.20,1.24,2.79,2.47,0.25
2018,NORTH DAKOTA,1.97,4.53,2.89,1.45,1.65,1.40
2019,NORTH DAKOTA,2.30,3.07,3.40,2.85,5.90,2.41
2020,NORTH DAKOTA,1.39,2.49,3.82,2.08,-9.99,-9.99
1895,OHIO,1.82,2.43,2.27,2.67,1.67,0.95
1896,OHIO,3.04,4.38,8.57,4.05,4.68,1.66
1897,OHIO,4.17,3.17,4.91,2.58,0.83,0.57
1898,OHIO,4.06,3.25,3.75,4.44,2.66,3.91
1899,OHIO,4.14,3.39,4.21,1.73,2.83,2.24
1900,OHIO,2.63,3.24,4.64,3.81,1.63,1.97
1901,OHIO,4.20,4.54,2.93,3.33,2.80,0.85
1902,OHIO,3.08,7.27,4.43,1.59,4.60,2.25
1903,OHIO,2.73,3.95,3.72,2.68,1.34,2.68
1904,OHIO,3.57,3.09,4.12,2.75,2.04,1.55
1905,OHIO,5.63,4.75,3.91,4.33,3.49,3.90
1906,OHIO,2.23,3.28,4.93,4.87,3.03,2.90
1907,OHIO,3.32,4.55,5.89,2.61,4.02,2.62
1908,OHIO,4.79,2.50,4.28,2.44,0.59,1.18
1909,OHIO,4.79,5.87,3.73,3.68,1.67,2.40
1910,OHIO,3.80,2.85,3.38,1.65,4.32,3.75
1911,OHIO,1.66,4.04,2.43,5.22,4.84,4.82
1912,OHIO,3.01,3.18,5.61,4.30,3.05,2.38
1913,OHIO,3.38,2.04,5.18,2.54,2.30,3.29
1914,OHIO,3.15,3.07,2.38,5.09,1.46,3.41
1915,OHIO,3.89,4.35,6.14,4.50,4.43,2.52
1916,OHIO,4.23,5.20,1.80,3.25,2.49,2.16
1917,OHIO,4.27,5.10,4.02,2.82,1.89,4.95
1918,OHIO,4.50,2.73,2.66,3.43,3.70,2.79
1919,OHIO,4.88,2.92,3.74,4.71,1.98,6.42
1920,OHIO,2.44,4.84,4.56,4.49,2.57,1.97
1921,OHIO,3.08,2.90,3.07,4.18,4.50,2.17
1922,OHIO,4.83,3.08,3.63,3.22,2.84,1.83
1923,OHIO,3.64,3.32,3.63,4.50,3.23,1.63
1924,OHIO,4.24,6.36,2.93,2.32,4.89,0.24
1925,OHIO,2.66,3.09,4.76,2.33,3.91,4.50
1926,OHIO,2.38,3.24,4.21,6.10,7.29,5.30
1927,OHIO,4.68,3.71,4.64,2.65,2.28,1.69
1928,OHIO,1.80,7.25,4.72,2.75,0.90,2.60
1929,OHIO,5.54,3.81,5.03,2.80,3.05,4.05
1930,OHIO,1.81,2.44,1.64,2.34,2.65,1.42
1931,OHIO,3.05,3.62,3.96,5.14,4.01,2.29
1932,OHIO,1.72,3.86,4.49,2.10,2.77,3.22
1933,OHIO,6.53,1.72,2.62,3.63,4.75,1.36
1934,OHIO,0.87,3.72,2.85,4.33,3.82,0.61
1935,OHIO,5.02,4.11,5.00,6.35,2.93,2.14
1936,OHIO,1.76,1.71,3.06,3.79,3.03,4.15
1937,OHIO,3.83,6.22,4.37,3.25,2.47,3.53
1938,OHIO,5.13,4.23,4.75,3.02,3.94,0.71
1939,OHIO,1.29,6.45,4.23,2.16,2.10,3.01
1940,OHIO,4.41,4.98,2.04,4.33,1.55,1.69
1941,OHIO,2.67,5.77,4.16,3.40,1.58,4.63
1942,OHIO,4.02,4.23,4.02,3.63,3.19,2.16
1943,OHIO,6.46,3.38,5.82,2.96,1.86,1.87
1944,OHIO,3.69,3.10,1.64,4.01,1.95,1.51
1945,OHIO,4.67,4.92,3.42,2.09,5.58,2.83
1946,OHIO,5.67,5.74,2.96,2.46,1.46,3.18
1947,OHIO,5.77,5.67,3.65,4.51,3.24,1.68
1948,OHIO,3.79,4.29,3.78,2.62,3.05,2.37
1949,OHIO,3.29,4.20,4.38,3.21,2.72,1.69
1950,OHIO,2.88,4.51,4.29,3.10,4.46,2.32
1951,OHIO,3.43,4.42,2.74,1.31,3.11,1.89
1952,OHIO,3.60,2.78,3.10,2.76,2.90,1.00
1953,OHIO,4.26,2.74,3.62,2.16,1.57,0.71
1954,OHIO,2.14,3.36,3.33,5.04,1.55,5.69
1955,OHIO,2.72,2.63,4.19,3.21,2.77,3.70
1956,OHIO,5.47,4.08,4.70,3.99,2.34,1.15
1957,OHIO,4.22,5.90,2.77,1.51,3.79,2.37
1958,OHIO,3.79,6.20,7.90,4.56,3.69,1.29
1959,OHIO,3.61,2.78,4.50,2.54,2.06,4.61
1960,OHIO,4.41,3.56,3.83,3.24,1.31,1.78
1961,OHIO,3.15,4.30,5.21,3.35,2.63,1.98
1962,OHIO,3.30,1.99,4.60,1.82,3.93,2.64
1963,OHIO,2.50,2.52,3.61,2.84,0.94,0.23
1964,OHIO,2.20,3.56,2.88,3.03,1.63,0.93
1965,OHIO,2.07,2.17,3.09,3.73,4.99,3.95
1966,OHIO,3.00,2.05,4.65,3.36,2.91,1.56
1967,OHIO,5.34,1.97,3.61,2.13,2.78,2.53
1968,OHIO,7.73,3.39,3.49,3.52,2.58,1.99
1969,OHIO,3.88,4.67,6.07,2.65,2.91,1.87
1970,OHIO,3.79,4.17,4.38,2.22,3.76,3.33
1971,OHIO,4.28,3.55,4.06,2.62,3.98,1.65
1972,OHIO,3.92,3.87,3.30,3.50,5.59,1.83
1973,OHIO,4.26,5.35,4.60,3.22,2.06,3.52
1974,OHIO,4.96,4.38,1.69,6.02,3.79,1.20
1975,OHIO,3.08,4.34,3.00,5.58,5.06,2.94
1976,OHIO,2.23,4.81,4.63,3.69,3.17,3.01
1977,OHIO,1.89,3.84,4.65,4.82,3.68,2.82
1978,OHIO,3.99,3.93,3.32,4.57,1.39,4.02
1979,OHIO,4.20,3.91,4.79,6.77,5.07,2.11
1980,OHIO,3.81,5.11,6.15,6.77,2.07,2.24
1981,OHIO,5.03,6.42,3.88,2.47,3.74,2.48
1982,OHIO,4.06,4.18,2.66,2.89,2.38,0.85
1983,OHIO,6.23,3.06,3.66,2.22,2.34,5.71
1984,OHIO,4.81,1.89,3.43,3.53,2.54,3.02
1985,OHIO,4.71,2.92,3.94,3.89,1.07,2.98
1986,OHIO,3.09,4.55,4.82,2.67,4.52,3.89
1987,OHIO,3.36,4.46,4.08,3.79,1.90,1.74
1988,OHIO,1.72,0.83,4.44,3.51,3.15,2.39
1989,OHIO,5.91,5.63,3.79,3.23,3.81,2.55
1990,OHIO,7.11,3.85,6.27,4.09,4.25,4.44
1991,OHIO,2.83,1.77,2.82,3.04,2.65,2.05
1992,OHIO,3.13,2.69,8.77,3.90,3.37,1.75
1993,OHIO,2.12,4.63,3.87,1.57,3.85,2.86
1994,OHIO,2.50,4.13,3.61,4.28,1.81,0.90
1995,OHIO,6.00,4.23,3.23,4.17,1.42,4.37
1996,OHIO,6.44,4.89,4.57,1.62,5.40,2.33
1997,OHIO,5.16,5.13,3.36,4.95,2.21,1.52
1998,OHIO,3.29,7.20,3.33,3.72,1.46,2.95
1999,OHIO,2.20,2.10,3.65,3.14,1.85,2.15
2000,OHIO,4.80,4.89,3.94,3.81,3.94,2.20
2001,OHIO,5.42,3.09,3.63,3.54,3.09,4.62
2002,OHIO,5.19,3.58,2.75,2.12,4.11,2.96
2003,OHIO,6.79,3.97,6.71,4.82,5.96,2.53
2004,OHIO,6.89,4.58,4.56,4.08,4.31,2.74
2005,OHIO,2.44,1.78,4.17,4.99,3.36,2.65
2006,OHIO,4.18,4.57,5.55,3.04,4.79,5.67
2007,OHIO,1.56,2.77,3.62,5.72,2.37,3.23
2008,OHIO,4.68,6.42,3.61,1.90,2.52,1.85
2009,OHIO,3.68,4.01,4.05,3.07,2.67,4.16
2010,OHIO,5.37,6.32,3.45,2.72,2.11,1.93
2011,OHIO,6.55,3.81,3.80,3.93,5.89,4.36
2012,OHIO,3.68,2.12,3.45,2.97,5.10,4.47
2013,OHIO,2.28,5.92,6.68,2.70,2.63,3.64
2014,OHIO,3.98,5.42,3.45,4.14,2.19,2.97
2015,OHIO,3.34,8.03,4.75,2.49,3.07,2.76
2016,OHIO,3.40,3.29,3.23,4.20,3.72,2.93
2017,OHIO,5.29,4.62,6.29,2.32,1.87,3.77
2018,OHIO,4.00,5.50,3.26,4.96,6.30,2.77
2019,OHIO,4.82,6.76,4.45,3.64,1.74,3.80
2020,OHIO,5.11,3.12,3.14,3.69,-9.99,-9.99
1895,SOUTH DAKOTA,2.26,4.16,1.36,1.30,1.03,0.16
1896,SOUTH DAKOTA,2.33,3.90,2.43,0.98,1.85,1.31
1897,SOUTH DAKOTA,1.10,2.97,2.89,1.91,0.78,1.15
1898,SOUTH DAKOTA,4.31,1.66,2.89,1.11,0.79,1.02
1899,SOUTH DAKOTA,4.38,3.72,1.90,2.79,0.47,1.34
1900,SOUTH DAKOTA,0.88,2.25,3.97,3.91,2.66,1.21
1901,SOUTH DAKOTA,1.49,5.75,1.99,2.38,3.42,1.78
1902,SOUTH DAKOTA,2.55,3.20,2.03,3.14,0.74,0.73
1903,SOUTH DAKOTA,3.21,2.36,3.79,3.14,2.46,0.85
1904,SOUTH DAKOTA,2.38,4.17,2.28,1.82,0.99,1.36
1905,SOUTH DAKOTA,5.34,5.04,4.55,2.26,1.09,1.65
1906,SOUTH DAKOTA,4.81,2.87,1.35,4.65,2.55,2.08
1907,SOUTH DAKOTA,4.16,3.32,4.06,1.02,1.67,0.65
1908,SOUTH DAKOTA,4.46,4.42,2.60,2.04,1.10,2.53
1909,SOUTH DAKOTA,4.20,3.55,2.73,2.66,1.30,0.98
1910,SOUTH DAKOTA,1.43,2.31,1.78,1.65,1.81,0.73
1911,SOUTH DAKOTA,1.62,1.63,1.91,3.09,2.27,2.19
1912,SOUTH DAKOTA,2.28,1.42,3.71,3.28,1.73,0.47
1913,SOUTH DAKOTA,3.36,2.17,2.43,1.91,1.42,1.31
1914,SOUTH DAKOTA,3.02,5.04,1.95,2.02,1.97,1.98
1915,SOUTH DAKOTA,3.82,5.35,5.73,1.93,2.71,1.54
1916,SOUTH DAKOTA,4.24,3.54,2.40,3.42,1.01,0.62
1917,SOUTH DAKOTA,3.11,1.90,1.57,1.51,1.68,0.21
1918,SOUTH DAKOTA,3.38,2.41,3.13,2.77,1.00,0.83
1919,SOUTH DAKOTA,2.95,3.27,2.83,0.88,1.13,1.94
1920,SOUTH DAKOTA,4.75,4.59,2.36,1.75,1.37,0.92
1921,SOUTH DAKOTA,3.12,1.75,3.36,2.37,3.10,1.00
1922,SOUTH DAKOTA,3.37,3.67,3.48,1.52,0.41,0.77
1923,SOUTH DAKOTA,2.27,4.53,3.41,3.44,2.85,1.32
1924,SOUTH DAKOTA,0.82,4.83,1.79,2.39,1.60,1.77
1925,SOUTH DAKOTA,1.39,5.36,1.84,1.27,1.08,0.78
1926,SOUTH DAKOTA,2.61,2.75,2.72,2.43,2.09,1.42
1927,SOUTH DAKOTA,5.30,2.60,2.82,2.15,1.31,0.93
1928,SOUTH DAKOTA,1.36,4.04,3.11,2.55,1.50,1.44
1929,SOUTH DAKOTA,2.40,2.10,2.28,1.27,2.95,2.40
1930,SOUTH DAKOTA,2.93,2.58,0.93,2.69,1.18,2.27
1931,SOUTH DAKOTA,2.03,2.19,1.53,1.60,1.37,1.21
1932,SOUTH DAKOTA,3.16,3.93,1.73,2.41,1.02,1.12
1933,SOUTH DAKOTA,3.13,1.37,2.13,2.24,1.05,0.12
1934,SOUTH DAKOTA,0.60,3.08,1.79,1.31,1.81,1.29
1935,SOUTH DAKOTA,2.82,2.83,1.88,1.80,0.41,0.22
1936,SOUTH DAKOTA,1.50,1.29,0.58,1.67,0.76,0.38
1937,SOUTH DAKOTA,2.23,3.53,2.73,1.64,0.90,0.49
1938,SOUTH DAKOTA,3.54,2.63,2.00,1.17,2.20,0.16
1939,SOUTH DAKOTA,2.36,4.13,1.87,1.85,1.01,1.15
1940,SOUTH DAKOTA,0.58,2.87,1.94,2.24,0.69,1.03
1941,SOUTH DAKOTA,1.83,5.05,1.73,1.92,2.82,2.19
1942,SOUTH DAKOTA,5.82,4.22,2.48,2.17,2.02,0.69
1943,SOUTH DAKOTA,2.29,5.16,2.06,2.15,0.69,1.71
1944,SOUTH DAKOTA,3.36,5.23,3.64,3.60,0.88,0.60
1945,SOUTH DAKOTA,2.62,3.88,2.13,1.98,1.88,0.23
1946,SOUTH DAKOTA,3.96,4.29,2.04,1.78,4.01,3.07
1947,SOUTH DAKOTA,1.30,6.13,1.01,1.12,1.17,1.77
1948,SOUTH DAKOTA,1.78,4.94,3.53,2.00,0.97,1.10
1949,SOUTH DAKOTA,2.56,2.08,2.19,1.88,1.54,2.12
1950,SOUTH DAKOTA,2.96,1.38,2.43,2.31,2.68,0.91
1951,SOUTH DAKOTA,2.81,4.52,2.38,3.58,1.69,2.05
1952,SOUTH DAKOTA,2.46,3.42,1.57,2.02,0.33,0.03
1953,SOUTH DAKOTA,2.65,4.91,2.31,2.71,0.47,0.84
1954,SOUTH DAKOTA,2.21,4.20,1.41,2.18,1.55,1.44
1955,SOUTH DAKOTA,2.37,3.09,2.34,1.94,1.82,0.26
1956,SOUTH DAKOTA,2.25,2.06,3.36,3.28,0.69,0.88
1957,SOUTH DAKOTA,5.03,4.07,2.37,2.81,1.62,1.73
1958,SOUTH DAKOTA,1.48,3.16,3.27,0.97,0.47,0.26
1959,SOUTH DAKOTA,3.78,2.43,1.61,1.50,2.71,1.22
1960,SOUTH DAKOTA,3.08,3.45,1.12,3.58,1.31,0.36
1961,SOUTH DAKOTA,3.53,2.42,2.33,1.47,2.23,1.24
1962,SOUTH DAKOTA,6.78,4.84,4.49,1.77,1.40,0.99
1963,SOUTH DAKOTA,2.13,4.03,4.26,1.51,2.11,1.09
1964,SOUTH DAKOTA,2.44,4.56,2.30,2.15,0.95,0.11
1965,SOUTH DAKOTA,5.34,3.84,2.21,1.62,3.23,0.61
1966,SOUTH DAKOTA,0.99,2.43,3.16,3.70,1.89,1.32
1967,SOUTH DAKOTA,1.85,6.16,1.09,1.19,1.74,0.76
1968,SOUTH DAKOTA,1.89,5.35,2.20,2.33,1.87,1.20
1969,SOUTH DAKOTA,2.23,3.19,4.03,1.22,0.87,1.53
1970,SOUTH DAKOTA,2.68,2.67,1.75,1.19,1.61,1.34
1971,SOUTH DAKOTA,2.96,3.48,1.46,1.51,1.93,3.03
1972,SOUTH DAKOTA,5.60,2.79,3.65,1.38,0.48,1.52
1973,SOUTH DAKOTA,2.82,1.61,1.89,1.38,3.18,1.68
1974,SOUTH DAKOTA,3.04,1.57,1.84,1.73,0.44,0.76
1975,SOUTH DAKOTA,2.13,4.20,1.16,2.15,0.90,0.76
1976,SOUTH DAKOTA,1.59,2.92,1.57,1.03,1.04,0.42
1977,SOUTH DAKOTA,2.78,2.84,2.58,2.80,3.27,1.97
1978,SOUTH DAKOTA,3.62,2.61,3.56,2.55,0.92,0.25
1979,SOUTH DAKOTA,1.87,3.43,3.78,2.52,0.60,1.57
1980,SOUTH DAKOTA,1.36,3.03,1.53,3.22,0.60,2.15
1981,SOUTH DAKOTA,2.31,2.79,4.02,2.46,0.93,1.64
1982,SOUTH DAKOTA,6.32,2.48,3.08,2.10,1.87,4.19
1983,SOUTH DAKOTA,2.72,3.58,2.71,2.02,1.23,1.36
1984,SOUTH DAKOTA,2.10,5.81,2.06,1.93,1.02,1.99
1985,SOUTH DAKOTA,2.10,2.13,2.02,2.81,2.62,1.04
1986,SOUTH DAKOTA,3.34,3.66,2.93,1.89,4.19,1.04
1987,SOUTH DAKOTA,3.14,1.47,2.98,2.36,1.26,0.38
1988,SOUTH DAKOTA,3.32,2.38,1.25,2.03,2.11,0.27
1989,SOUTH DAKOTA,1.24,1.77,2.43,1.87,2.41,0.90
1990,SOUTH DAKOTA,3.25,3.79,2.57,1.96,0.91,0.92
1991,SOUTH DAKOTA,5.33,4.20,1.67,1.68,1.32,1.29
1992,SOUTH DAKOTA,1.39,4.09,4.68,2.44,1.43,0.69
1993,SOUTH DAKOTA,3.19,5.67,6.00,1.89,1.66,0.62
1994,SOUTH DAKOTA,1.26,3.07,3.63,1.89,1.30,2.89
1995,SOUTH DAKOTA,5.42,3.29,2.85,2.02,1.82,3.26
1996,SOUTH DAKOTA,5.37,2.04,1.78,1.73,4.29,2.42
1997,SOUTH DAKOTA,2.92,3.16,4.16,2.02,1.45,1.82
1998,SOUTH DAKOTA,2.55,4.64,2.80,2.94,0.71,5.35
1999,SOUTH DAKOTA,3.61,4.72,2.64,2.66,2.60,0.44
2000,SOUTH DAKOTA,3.24,2.70,2.52,1.46,0.61,1.31
2001,SOUTH DAKOTA,2.48,3.20,3.80,0.70,1.80,0.96
2002,SOUTH DAKOTA,1.64,1.55,1.79,3.27,1.59,1.46
2003,SOUTH DAKOTA,2.79,3.61,1.63,1.12,1.81,0.84
2004,SOUTH DAKOTA,3.70,2.64,2.86,1.78,3.88,2.20
2005,SOUTH DAKOTA,3.70,5.04,1.66,1.93,2.14,0.90
2006,SOUTH DAKOTA,1.20,1.77,0.75,3.05,3.40,0.38
2007,SOUTH DAKOTA,4.53,3.22,0.93,4.00,1.49,2.68
2008,SOUTH DAKOTA,4.06,5.04,2.96,1.56,2.11,2.86
2009,SOUTH DAKOTA,1.27,3.49,3.45,2.87,1.30,3.94
2010,SOUTH DAKOTA,3.69,4.92,3.73,2.02,3.26,1.00
2011,SOUTH DAKOTA,4.50,4.52,3.15,2.32,0.63,1.11
2012,SOUTH DAKOTA,2.79,2.18,1.54,1.12,0.20,0.83
2013,SOUTH DAKOTA,4.82,3.12,2.47,2.41,1.91,5.01
2014,SOUTH DAKOTA,2.42,5.89,1.04,4.04,1.61,0.57
2015,SOUTH DAKOTA,5.72,4.05,3.02,3.36,1.33,1.44
2016,SOUTH DAKOTA,2.54,1.78,2.74,2.61,1.97,1.23
2017,SOUTH DAKOTA,2.12,2.19,2.12,3.17,2.49,1.24
2018,SOUTH DAKOTA,2.71,4.78,3.40,1.94,2.55,1.70
2019,SOUTH DAKOTA,5.90,2.63,5.45,3.65,3.90,2.13
2020,SOUTH DAKOTA,2.71,3.05,3.11,1.67,-9.99,-9.99
