Year,State,Maxtemp_May,Maxtemp_Jun,Maxtemp_Jul,Maxtemp_Aug,Maxtemp_Sep,Maxtemp_Oct
1895,ILLINOIS,75.10,86.50,84.60,86.50,81.50,60.60
1896,ILLINOIS,80.30,82.20,85.80,85.30,73.90,62.50
1897,ILLINOIS,71.10,82.40,87.60,84.20,86.40,73.60
1898,ILLINOIS,72.30,84.00,86.80,83.70,79.50,59.60
1899,ILLINOIS,73.90,84.00,86.40,87.80,77.20,70.30
1900,ILLINOIS,76.00,81.50,85.80,90.60,79.60,72.60
1901,ILLINOIS,73.00,86.80,95.70,87.30,79.00,68.70
1902,ILLINOIS,77.80,79.30,86.50,81.60,72.60,67.30
1903,ILLINOIS,75.60,77.00,87.00,82.60,77.40,65.40
1904,ILLINOIS,72.80,80.10,83.80,81.90,77.40,65.80
1905,ILLINOIS,73.90,84.50,83.10,85.60,78.80,64.50
1906,ILLINOIS,75.90,81.40,86.10,87.10,81.70,63.90
1907,ILLINOIS,67.40,78.70,86.00,82.90,75.80,63.10
1908,ILLINOIS,72.50,81.00,86.20,86.00,83.80,66.80
1909,ILLINOIS,70.80,82.20,83.60,89.00,75.80,62.30
1910,ILLINOIS,68.10,82.20,87.00,84.40,76.80,69.40
1911,ILLINOIS,80.70,88.20,88.70,84.30,79.10,62.60
1912,ILLINOIS,75.70,79.80,86.20,82.40,78.60,68.10
1913,ILLINOIS,74.40,86.90,90.40,90.50,78.10,62.60
1914,ILLINOIS,77.40,87.50,92.20,87.60,77.20,67.60
1915,ILLINOIS,69.90,79.10,82.30,76.80,78.20,68.10
1916,ILLINOIS,73.80,77.00,93.80,88.40,76.80,66.70
1917,ILLINOIS,67.40,78.80,86.50,83.30,76.80,56.50
1918,ILLINOIS,77.80,83.70,85.60,89.80,70.80,67.70
1919,ILLINOIS,69.70,85.00,91.10,85.00,81.70,67.50
1920,ILLINOIS,71.40,83.40,86.40,83.70,80.40,71.60
1921,ILLINOIS,76.20,87.00,92.50,83.90,80.80,66.30
1922,ILLINOIS,76.50,85.70,86.00,86.80,82.70,70.20
1923,ILLINOIS,71.90,83.30,88.70,84.50,75.70,61.80
1924,ILLINOIS,67.30,79.70,82.80,84.50,72.10,73.20
1925,ILLINOIS,72.50,85.80,86.90,86.80,83.40,53.30
1926,ILLINOIS,77.40,79.90,88.30,85.40,75.60,63.00
1927,ILLINOIS,70.20,77.80,85.70,79.90,81.50,70.30
1928,ILLINOIS,75.40,76.20,86.60,85.50,75.00,67.50
1929,ILLINOIS,70.00,80.20,86.50,83.70,76.60,63.60
1930,ILLINOIS,75.00,83.50,92.10,88.80,80.80,62.80
1931,ILLINOIS,69.90,86.70,91.20,85.40,83.50,68.60
1932,ILLINOIS,76.10,85.00,89.20,85.50,77.10,64.50
1933,ILLINOIS,73.00,91.40,89.60,85.00,84.60,64.30
1934,ILLINOIS,81.80,91.90,94.20,86.10,74.40,69.40
1935,ILLINOIS,66.30,77.60,89.40,85.80,78.60,66.00
1936,ILLINOIS,79.00,86.50,97.30,93.20,80.50,64.60
1937,ILLINOIS,74.00,81.40,87.00,89.00,78.30,62.20
1938,ILLINOIS,72.80,80.50,87.80,87.80,79.50,73.10
1939,ILLINOIS,77.60,83.00,87.30,84.10,85.40,69.90
1940,ILLINOIS,70.30,83.90,89.10,85.10,79.50,71.90
1941,ILLINOIS,78.50,83.80,88.30,87.70,81.00,67.10
1942,ILLINOIS,72.90,81.90,86.80,83.20,75.40,66.70
1943,ILLINOIS,70.50,84.30,88.70,87.30,74.40,65.70
1944,ILLINOIS,77.40,86.60,88.60,86.10,77.60,67.70
1945,ILLINOIS,67.70,77.40,85.00,84.90,76.00,64.40
1946,ILLINOIS,69.10,82.80,87.60,80.50,78.50,71.60
1947,ILLINOIS,69.50,78.90,84.00,92.90,79.60,74.10
1948,ILLINOIS,71.90,83.10,86.20,85.90,79.70,64.10
1949,ILLINOIS,76.80,84.90,88.00,85.00,72.60,68.20
1950,ILLINOIS,75.00,81.20,83.40,80.10,74.50,71.80
1951,ILLINOIS,76.20,78.90,84.60,82.90,74.00,67.30
1952,ILLINOIS,73.00,88.80,89.10,84.30,80.00,64.00
1953,ILLINOIS,74.70,88.60,88.60,87.80,82.70,72.40
1954,ILLINOIS,70.20,87.50,91.40,85.20,83.00,65.30
1955,ILLINOIS,76.10,78.70,90.80,88.90,81.70,66.30
1956,ILLINOIS,76.00,85.30,84.70,85.30,79.80,74.40
1957,ILLINOIS,72.60,82.10,87.30,85.50,75.90,62.50
1958,ILLINOIS,75.60,78.10,82.30,84.60,76.90,68.30
1959,ILLINOIS,77.30,84.90,86.30,87.30,79.60,62.80
1960,ILLINOIS,69.90,80.20,84.50,85.50,81.80,66.90
1961,ILLINOIS,69.70,82.40,85.10,83.90,79.80,66.80
1962,ILLINOIS,80.80,83.30,83.90,85.40,75.10,68.00
1963,ILLINOIS,72.70,86.30,85.80,82.70,79.10,77.70
1964,ILLINOIS,78.80,84.60,87.00,84.80,78.50,65.60
1965,ILLINOIS,79.20,82.60,84.80,82.90,75.80,65.50
1966,ILLINOIS,69.80,83.40,90.90,82.70,74.50,64.50
1967,ILLINOIS,69.10,82.60,83.00,79.60,74.70,63.90
1968,ILLINOIS,69.90,84.20,85.20,84.60,77.00,66.20
1969,ILLINOIS,74.00,79.80,85.90,84.70,76.50,63.70
1970,ILLINOIS,76.70,80.40,86.50,83.80,79.40,64.80
1971,ILLINOIS,71.10,87.60,82.70,83.70,80.60,72.80
1972,ILLINOIS,76.00,81.70,84.40,83.30,77.60,61.00
1973,ILLINOIS,69.10,83.20,86.00,84.80,77.10,70.10
1974,ILLINOIS,70.40,77.80,88.80,81.90,72.20,66.10
1975,ILLINOIS,76.60,82.80,85.20,84.50,72.40,69.10
1976,ILLINOIS,70.50,82.60,87.30,82.60,77.10,59.70
1977,ILLINOIS,81.30,82.20,88.90,81.80,77.70,62.70
1978,ILLINOIS,71.00,83.60,85.50,84.10,82.70,64.30
1979,ILLINOIS,73.50,83.80,84.20,82.70,78.90,66.10
1980,ILLINOIS,75.10,82.40,90.30,88.40,79.70,63.30
1981,ILLINOIS,68.90,83.00,84.30,82.00,75.80,63.50
1982,ILLINOIS,78.80,77.80,85.40,81.70,75.50,67.20
1983,ILLINOIS,69.30,83.50,90.90,91.30,80.00,66.00
1984,ILLINOIS,70.20,85.50,84.90,87.00,75.80,67.50
1985,ILLINOIS,76.40,79.80,85.50,80.70,78.00,66.60
1986,ILLINOIS,74.90,84.10,87.80,81.40,79.90,65.20
1987,ILLINOIS,80.80,86.30,88.00,85.30,79.10,60.90
1988,ILLINOIS,79.00,88.10,90.20,90.00,80.40,60.30
1989,ILLINOIS,70.90,81.50,85.80,83.80,74.40,68.30
1990,ILLINOIS,68.60,82.60,84.40,82.90,79.00,65.30
1991,ILLINOIS,78.60,86.20,87.60,86.40,78.20,67.00
1992,ILLINOIS,73.40,80.80,82.60,79.60,75.50,65.80
1993,ILLINOIS,74.30,80.90,85.50,84.70,71.20,63.20
1994,ILLINOIS,73.10,85.30,84.50,81.90,76.80,67.60
1995,ILLINOIS,69.80,83.30,87.10,89.00,75.40,68.00
1996,ILLINOIS,71.40,81.50,83.60,84.40,75.60,66.70
1997,ILLINOIS,69.00,80.60,86.20,81.20,78.00,66.40
1998,ILLINOIS,77.80,81.50,85.00,84.90,82.80,67.70
1999,ILLINOIS,75.30,82.40,89.20,83.30,79.70,67.80
2000,ILLINOIS,75.80,80.40,82.90,85.00,78.60,69.60
2001,ILLINOIS,75.90,80.40,86.60,85.60,76.40,64.60
2002,ILLINOIS,69.90,84.70,89.10,85.50,82.10,62.00
2003,ILLINOIS,71.70,78.90,85.40,86.50,75.90,66.90
2004,ILLINOIS,76.20,80.40,82.60,79.50,80.80,65.90
2005,ILLINOIS,73.40,86.60,87.60,86.50,82.90,67.10
2006,ILLINOIS,72.60,82.60,87.60,84.70,74.60,62.20
2007,ILLINOIS,79.40,83.90,84.40,89.40,83.10,71.30
2008,ILLINOIS,70.20,83.80,84.90,83.00,77.90,65.70
2009,ILLINOIS,73.50,83.20,79.90,81.00,76.50,58.40
2010,ILLINOIS,74.70,85.00,87.70,87.90,78.90,70.60
2011,ILLINOIS,72.50,82.90,90.20,86.30,74.40,67.80
2012,ILLINOIS,80.50,85.40,94.40,86.90,76.90,63.00
2013,ILLINOIS,74.60,81.60,83.00,83.80,81.10,65.70
2014,ILLINOIS,74.50,82.80,80.90,83.30,76.40,64.70
2015,ILLINOIS,75.30,81.00,83.60,82.40,82.00,67.50
2016,ILLINOIS,72.60,86.20,84.90,84.80,81.60,70.60
2017,ILLINOIS,72.50,84.50,86.80,81.60,81.70,68.20
2018,ILLINOIS,82.40,85.10,85.30,84.80,81.10,64.60
2019,ILLINOIS,72.30,81.00,87.50,83.20,82.00,64.30
2020,ILLINOIS,70.20,85.00,87.20,83.70,,
1895,INDIANA,75.60,87.00,84.90,87.30,81.80,59.50
1896,INDIANA,80.60,81.70,85.10,83.90,73.80,61.40
1897,INDIANA,69.60,81.10,87.40,83.00,84.80,72.20
1898,INDIANA,72.70,84.90,87.80,83.90,80.00,61.70
1899,INDIANA,74.10,85.00,86.90,87.30,77.80,69.80
1900,INDIANA,76.90,81.10,85.70,89.00,80.90,72.60
1901,INDIANA,71.30,84.40,93.70,86.10,78.40,67.60
1902,INDIANA,77.90,80.00,86.70,82.00,74.30,66.50
1903,INDIANA,77.20,76.60,86.60,82.60,79.20,65.00
1904,INDIANA,72.40,80.00,84.00,83.10,77.80,64.40
1905,INDIANA,74.10,82.40,83.80,84.40,78.50,64.60
1906,INDIANA,75.60,81.30,85.30,86.30,81.20,63.30
1907,INDIANA,67.30,77.90,84.70,81.60,75.20,61.40
1908,INDIANA,73.10,81.90,86.80,86.20,85.30,67.50
1909,INDIANA,69.90,81.60,82.20,85.90,75.40,61.00
1910,INDIANA,67.20,80.80,85.30,83.50,76.80,67.90
1911,INDIANA,80.40,84.80,87.50,84.40,78.90,63.10
1912,INDIANA,74.80,79.60,84.20,81.00,78.70,67.10
1913,INDIANA,74.50,86.00,89.40,87.70,77.60,63.80
1914,INDIANA,76.40,86.80,90.70,85.70,77.40,67.00
1915,INDIANA,69.50,78.80,82.50,76.10,78.40,67.20
1916,INDIANA,74.00,76.90,91.30,87.20,77.40,66.70
1917,INDIANA,66.30,78.80,84.20,83.20,76.80,56.80
1918,INDIANA,78.70,83.00,84.20,89.00,70.30,67.60
1919,INDIANA,69.40,85.80,90.80,84.40,81.80,69.70
1920,INDIANA,71.50,82.00,84.50,82.20,79.80,72.40
1921,INDIANA,76.00,87.40,92.50,83.10,81.20,65.20
1922,INDIANA,77.00,85.20,85.20,85.80,83.50,69.30
1923,INDIANA,72.00,83.50,86.80,83.50,76.90,63.00
1924,INDIANA,66.30,80.00,83.00,84.40,72.50,72.70
1925,INDIANA,71.60,86.10,85.60,86.10,83.50,53.60
1926,INDIANA,76.60,79.00,87.70,84.70,76.70,63.40
1927,INDIANA,70.60,77.20,85.50,78.60,82.00,70.10
1928,INDIANA,73.10,75.20,85.40,85.40,74.80,67.70
1929,INDIANA,70.00,80.10,86.20,83.00,76.80,62.30
1930,INDIANA,74.70,83.50,91.10,87.00,79.50,62.80
1931,INDIANA,70.60,85.40,90.50,84.60,82.70,68.50
1932,INDIANA,74.60,84.20,88.20,85.70,76.80,64.00
1933,INDIANA,74.10,90.60,89.20,84.40,83.20,64.10
1934,INDIANA,80.30,90.40,92.90,84.50,76.60,68.20
1935,INDIANA,67.40,77.90,88.30,85.00,78.30,65.90
1936,INDIANA,78.10,85.90,94.90,91.50,81.00,64.20
1937,INDIANA,73.50,80.90,86.20,87.20,76.60,61.00
1938,INDIANA,73.40,80.30,86.10,86.80,78.70,71.50
1939,INDIANA,77.10,83.20,85.50,84.50,86.00,69.20
1940,INDIANA,69.30,82.80,88.00,86.60,78.10,70.60
1941,INDIANA,78.20,83.10,88.00,87.00,82.70,67.60
1942,INDIANA,73.90,82.30,86.70,82.60,75.90,66.40
1943,INDIANA,71.80,85.70,87.20,86.10,74.40,65.20
1944,INDIANA,78.60,87.30,89.60,86.10,78.00,66.40
1945,INDIANA,67.70,78.60,84.20,83.70,77.60,63.60
1946,INDIANA,69.20,82.00,86.90,80.50,79.60,71.60
1947,INDIANA,69.40,78.80,81.80,90.10,78.40,73.70
1948,INDIANA,71.80,82.90,86.00,85.50,79.40,62.60
1949,INDIANA,75.90,84.40,88.40,84.50,72.40,69.30
1950,INDIANA,75.00,80.30,82.80,81.40,74.00,70.30
1951,INDIANA,76.00,80.30,84.70,83.30,75.60,69.20
1952,INDIANA,71.70,87.80,89.40,84.90,79.00,63.00
1953,INDIANA,75.10,87.80,87.70,87.40,82.00,72.50
1954,INDIANA,69.40,86.70,90.00,84.10,82.60,65.70
1955,INDIANA,75.60,78.20,89.90,88.40,82.10,66.00
1956,INDIANA,73.40,83.60,83.90,84.20,78.00,73.10
1957,INDIANA,73.00,81.70,85.90,84.60,76.20,61.70
1958,INDIANA,73.60,77.40,82.40,82.90,76.50,66.90
1959,INDIANA,76.80,83.60,86.00,87.30,80.60,64.50
1960,INDIANA,69.20,80.00,83.50,84.80,81.70,66.50
1961,INDIANA,68.60,80.30,84.20,82.60,81.80,67.20
1962,INDIANA,79.90,82.80,83.20,84.90,74.30,67.60
1963,INDIANA,71.60,84.40,84.60,81.00,78.80,77.00
1964,INDIANA,77.60,83.90,85.60,84.20,78.90,65.00
1965,INDIANA,79.50,82.20,83.60,81.90,77.00,64.40
1966,INDIANA,68.90,83.70,89.50,82.70,75.00,62.60
1967,INDIANA,68.20,82.70,82.70,80.50,75.40,63.90
1968,INDIANA,68.60,82.70,85.10,83.90,76.60,65.70
1969,INDIANA,73.80,79.80,85.20,84.10,76.20,64.80
1970,INDIANA,76.70,80.80,84.50,83.60,80.40,65.80
1971,INDIANA,70.10,85.70,82.50,82.00,78.70,72.50
1972,INDIANA,75.40,78.40,83.60,82.60,77.00,59.90
1973,INDIANA,68.30,82.90,85.30,83.50,79.30,69.60
1974,INDIANA,70.30,77.30,86.90,82.80,71.60,64.30
1975,INDIANA,76.80,81.80,85.10,84.50,71.40,67.20
1976,INDIANA,70.40,81.60,84.50,81.70,75.70,59.30
1977,INDIANA,81.00,80.60,88.10,81.60,78.00,62.00
1978,INDIANA,69.90,82.60,84.40,82.50,81.60,62.90
1979,INDIANA,72.20,81.90,82.20,80.80,77.30,64.10
1980,INDIANA,74.20,80.40,88.40,86.70,79.00,62.30
1981,INDIANA,68.60,82.30,84.10,81.70,74.50,62.70
1982,INDIANA,79.10,77.10,85.00,80.90,74.80,66.80
1983,INDIANA,68.70,82.80,89.80,89.40,80.10,65.50
1984,INDIANA,69.00,85.30,83.00,84.60,75.10,67.90
1985,INDIANA,75.50,79.20,84.90,80.60,77.90,66.90
1986,INDIANA,73.00,82.40,86.60,80.90,79.60,64.80
1987,INDIANA,79.70,84.20,85.50,84.30,79.10,59.60
1988,INDIANA,77.50,87.40,89.00,87.80,77.80,58.30
1989,INDIANA,69.00,80.60,84.40,81.80,73.90,66.90
1990,INDIANA,68.20,81.20,83.10,81.50,77.00,64.80
1991,INDIANA,78.60,85.20,87.20,85.10,77.90,67.50
1992,INDIANA,71.30,78.20,81.80,78.50,74.80,64.30
1993,INDIANA,74.00,79.40,85.60,84.30,71.40,63.00
1994,INDIANA,70.80,84.50,83.90,80.80,76.00,67.20
1995,INDIANA,70.50,82.60,85.90,88.00,75.90,66.80
1996,INDIANA,70.70,81.00,82.60,83.80,75.00,66.20
1997,INDIANA,67.30,78.40,84.90,80.00,76.90,65.40
1998,INDIANA,77.30,81.00,83.60,84.20,82.60,67.40
1999,INDIANA,75.80,82.40,88.70,83.40,81.50,66.40
2000,INDIANA,75.10,80.70,82.10,82.50,76.20,69.30
2001,INDIANA,75.70,79.60,84.80,84.40,75.40,64.40
2002,INDIANA,69.40,84.00,88.30,85.60,82.10,62.10
2003,INDIANA,70.70,78.00,83.60,84.40,74.80,64.80
2004,INDIANA,76.20,80.00,81.80,79.10,79.80,65.60
2005,INDIANA,71.60,84.40,85.80,85.40,81.40,65.80
2006,INDIANA,70.70,80.90,85.40,83.70,72.70,61.50
2007,INDIANA,79.20,84.00,83.50,88.60,82.20,71.30
2008,INDIANA,69.20,83.10,84.00,82.70,79.80,65.90
2009,INDIANA,73.20,82.00,79.00,81.10,75.90,59.50
2010,INDIANA,74.80,84.30,86.90,87.20,80.50,70.00
2011,INDIANA,72.20,82.70,89.60,85.00,73.60,66.10
2012,INDIANA,80.40,85.00,92.80,84.80,75.50,62.30
2013,INDIANA,75.40,81.00,82.00,82.60,79.30,65.30
2014,INDIANA,74.10,82.60,80.10,82.40,75.80,64.10
2015,INDIANA,76.30,80.30,82.70,81.60,81.00,66.90
2016,INDIANA,71.50,84.40,84.50,85.00,81.20,70.40
2017,INDIANA,71.60,82.80,84.50,81.10,79.20,67.60
2018,INDIANA,81.60,83.50,84.80,83.80,80.00,65.30
2019,INDIANA,73.00,80.00,86.90,83.10,82.50,67.00
2020,INDIANA,69.90,83.80,87.10,83.00,,
1895,IOWA,73.90,81.90,85.10,84.90,79.40,58.60
1896,IOWA,76.60,82.00,84.40,82.70,68.50,59.40
1897,IOWA,71.10,79.90,87.20,80.30,84.30,68.60
1898,IOWA,70.00,81.50,85.90,83.50,77.00,56.20
1899,IOWA,71.10,81.30,84.70,85.40,75.10,69.00
1900,IOWA,75.30,81.80,84.80,88.40,75.30,70.20
1901,IOWA,72.90,84.40,96.30,87.40,74.40,65.20
1902,IOWA,74.70,75.20,83.20,78.40,69.30,64.20
1903,IOWA,71.60,75.30,83.60,78.80,71.40,63.40
1904,IOWA,71.40,78.10,81.40,80.60,74.60,63.20
1905,IOWA,69.70,80.80,80.90,85.10,76.00,59.10
1906,IOWA,72.80,79.80,83.20,84.70,78.00,61.30
1907,IOWA,65.30,76.90,84.20,81.50,73.30,61.70
1908,IOWA,70.00,76.90,84.20,81.10,80.30,61.10
1909,IOWA,69.40,79.20,82.10,87.60,72.80,60.00
1910,IOWA,67.00,82.30,87.80,83.50,73.70,67.20
1911,IOWA,77.20,88.50,89.00,83.40,76.30,57.10
1912,IOWA,74.30,78.20,86.30,81.60,72.10,63.50
1913,IOWA,69.50,83.20,88.60,89.00,75.60,59.70
1914,IOWA,74.20,83.00,88.90,85.90,75.40,65.80
1915,IOWA,66.50,75.60,79.00,76.60,73.40,65.50
1916,IOWA,70.90,75.20,92.30,86.00,74.30,62.00
1917,IOWA,67.20,76.70,86.10,81.60,73.30,53.40
1918,IOWA,77.10,81.80,84.90,87.40,70.60,65.20
1919,IOWA,69.20,81.60,89.40,83.10,78.60,60.30
1920,IOWA,70.50,81.50,83.40,81.10,77.40,69.10
1921,IOWA,74.30,85.60,89.60,82.90,78.00,65.70
1922,IOWA,74.20,84.00,82.20,85.00,78.60,68.30
1923,IOWA,70.90,80.80,88.20,81.20,74.00,58.90
1924,IOWA,65.80,76.70,81.60,81.60,69.40,70.20
1925,IOWA,71.40,81.20,86.30,84.20,79.50,48.30
1926,IOWA,77.50,78.40,86.00,84.00,71.40,60.60
1927,IOWA,68.30,77.10,85.60,79.80,77.90,67.30
1928,IOWA,75.40,75.10,84.90,83.70,72.40,64.60
1929,IOWA,68.70,78.80,84.90,83.50,72.70,62.00
1930,IOWA,71.10,80.40,91.00,86.60,79.10,59.90
1931,IOWA,69.60,86.20,89.90,84.90,81.80,65.70
1932,IOWA,74.60,82.50,87.60,82.60,74.40,60.10
1933,IOWA,70.70,91.60,88.20,81.80,80.90,61.20
1934,IOWA,84.60,90.70,92.30,85.90,71.90,68.20
1935,IOWA,64.20,75.80,90.50,84.70,76.40,61.80
1936,IOWA,77.90,82.80,98.40,92.50,77.90,60.90
1937,IOWA,72.60,79.60,88.30,89.10,78.90,60.60
1938,IOWA,69.50,80.20,88.30,86.90,78.20,72.10
1939,IOWA,79.60,82.00,88.10,82.00,83.00,65.70
1940,IOWA,70.70,82.70,89.20,79.50,78.00,70.00
1941,IOWA,77.90,79.80,87.00,86.80,76.80,63.50
1942,IOWA,69.30,79.40,85.10,82.50,70.70,64.80
1943,IOWA,67.70,80.80,86.50,83.60,71.20,63.30
1944,IOWA,74.70,81.40,84.20,81.70,74.10,65.20
1945,IOWA,65.50,73.40,83.40,82.70,73.10,63.40
1946,IOWA,67.00,80.60,84.70,79.00,73.90,66.20
1947,IOWA,66.60,75.30,84.30,92.40,79.00,71.50
1948,IOWA,70.30,79.40,86.40,85.00,80.10,63.90
1949,IOWA,74.50,83.10,86.90,84.30,71.40,66.60
1950,IOWA,70.70,79.40,80.70,78.00,74.40,70.00
1951,IOWA,73.00,74.40,82.10,80.10,69.80,61.20
1952,IOWA,70.00,85.10,85.60,80.00,78.00,61.80
1953,IOWA,70.60,84.10,85.60,85.00,79.00,71.30
1954,IOWA,66.90,82.90,88.80,81.50,77.20,60.30
1955,IOWA,75.70,77.90,90.40,89.70,79.50,64.80
1956,IOWA,74.00,86.80,83.90,83.50,76.80,71.70
1957,IOWA,69.10,79.30,88.40,83.30,71.50,58.70
1958,IOWA,75.20,76.70,79.80,83.80,75.60,67.30
1959,IOWA,72.50,82.50,83.50,85.80,73.60,57.00
1960,IOWA,70.40,77.50,83.80,83.30,75.70,64.20
1961,IOWA,68.70,80.80,83.30,83.10,71.80,65.30
1962,IOWA,77.00,79.30,81.40,82.80,71.80,64.40
1963,IOWA,70.60,85.10,85.20,81.10,75.40,74.80
1964,IOWA,76.90,80.80,87.40,80.30,72.80,63.30
1965,IOWA,75.70,79.30,83.50,81.60,68.50,64.80
1966,IOWA,69.60,80.00,87.40,80.30,72.90,64.80
1967,IOWA,67.90,78.40,82.50,80.00,73.00,60.70
1968,IOWA,68.10,82.50,83.60,82.50,73.20,63.90
1969,IOWA,72.20,75.70,83.80,83.60,74.50,58.20
1970,IOWA,74.90,81.30,86.00,82.80,73.80,60.70
1971,IOWA,69.20,85.90,81.30,83.00,77.50,67.90
1972,IOWA,72.30,80.60,81.90,81.40,74.00,58.10
1973,IOWA,68.40,82.50,83.40,83.80,71.40,67.60
1974,IOWA,68.20,78.40,89.60,78.90,71.20,64.20
1975,IOWA,74.90,79.60,86.40,84.80,69.90,68.40
1976,IOWA,70.00,82.00,86.70,83.90,76.30,57.70
1977,IOWA,79.00,83.50,88.70,79.20,74.20,60.10
1978,IOWA,70.50,81.70,83.10,83.00,79.90,62.00
1979,IOWA,71.40,80.90,82.90,81.10,77.60,63.20
1980,IOWA,74.40,81.50,88.80,84.30,76.70,59.90
1981,IOWA,69.80,82.00,83.00,80.10,75.20,59.70
1982,IOWA,72.10,75.70,84.80,80.10,71.90,63.30
1983,IOWA,67.00,80.50,88.80,90.40,76.90,61.20
1984,IOWA,68.00,81.30,83.90,86.00,73.60,62.50
1985,IOWA,75.50,78.60,84.90,78.90,72.30,60.90
1986,IOWA,71.60,82.30,85.50,77.70,74.40,61.50
1987,IOWA,78.00,85.00,87.20,80.00,74.40,58.80
1988,IOWA,79.30,87.90,88.40,88.50,77.40,58.40
1989,IOWA,72.20,79.30,86.20,82.40,72.50,65.20
1990,IOWA,67.20,80.60,82.00,81.80,77.90,63.30
1991,IOWA,73.60,83.40,84.70,82.60,74.30,61.90
1992,IOWA,73.00,79.80,77.60,76.60,72.10,62.60
1993,IOWA,69.40,77.00,80.30,80.90,67.50,60.20
1994,IOWA,73.50,81.40,80.80,79.70,75.80,64.10
1995,IOWA,66.70,80.00,85.00,86.30,72.10,61.90
1996,IOWA,65.50,79.60,81.20,80.50,71.50,63.70
1997,IOWA,66.20,82.20,83.70,79.80,75.80,63.80
1998,IOWA,76.30,76.80,83.90,82.40,80.80,63.50
1999,IOWA,70.80,78.70,87.30,80.60,74.60,64.90
2000,IOWA,74.90,78.70,81.80,83.00,78.00,66.20
2001,IOWA,71.10,78.90,85.40,83.50,72.30,61.70
2002,IOWA,69.10,83.30,87.40,81.60,77.80,56.00
2003,IOWA,69.20,78.40,84.00,86.40,74.00,65.80
2004,IOWA,71.90,77.40,80.50,77.10,79.10,62.70
2005,IOWA,69.40,83.40,86.00,82.90,80.20,64.90
2006,IOWA,71.70,81.80,87.30,81.80,70.70,58.60
2007,IOWA,76.20,81.60,85.10,83.90,77.40,66.10
2008,IOWA,69.30,80.10,83.60,81.40,74.40,62.00
2009,IOWA,71.30,79.20,78.30,78.60,75.10,53.20
2010,IOWA,71.20,81.10,84.10,84.80,74.20,68.10
2011,IOWA,70.40,79.30,87.70,83.10,71.90,67.00
2012,IOWA,77.60,83.10,92.00,84.30,76.90,60.50
2013,IOWA,69.40,78.50,83.40,83.40,79.50,61.80
2014,IOWA,71.50,80.20,79.20,80.30,73.10,62.40
2015,IOWA,70.00,79.30,82.00,79.10,79.30,64.40
2016,IOWA,70.90,84.80,82.60,81.90,77.80,66.30
2017,IOWA,69.80,83.60,85.80,78.80,79.10,63.40
2018,IOWA,78.70,83.10,83.80,82.30,75.90,58.30
2019,IOWA,66.60,79.70,85.20,79.90,78.00,57.20
2020,IOWA,67.30,83.70,85.90,84.20,,
1895,KANSAS,80.20,84.60,86.40,87.80,86.60,66.00
1896,KANSAS,81.00,87.70,90.00,91.60,78.30,67.00
1897,KANSAS,76.70,87.40,93.10,88.40,87.80,73.70
1898,KANSAS,73.30,85.20,89.80,90.70,82.10,64.80
1899,KANSAS,79.60,85.00,87.60,93.60,83.40,74.30
1900,KANSAS,76.90,87.80,90.40,93.50,81.40,72.80
1901,KANSAS,76.50,90.80,100.00,92.20,80.90,71.50
1902,KANSAS,79.00,82.10,88.60,90.40,76.60,71.40
1903,KANSAS,72.00,77.60,90.60,86.70,80.20,69.90
1904,KANSAS,73.90,81.20,86.70,86.20,82.70,71.10
1905,KANSAS,74.20,86.80,86.30,91.40,83.40,65.40
1906,KANSAS,77.30,84.50,85.90,87.70,81.00,65.50
1907,KANSAS,70.40,84.40,90.40,89.40,83.10,69.30
1908,KANSAS,75.70,83.00,87.10,87.80,83.60,66.60
1909,KANSAS,75.40,84.40,89.70,93.00,83.20,69.80
1910,KANSAS,71.20,85.10,93.40,87.50,82.50,74.90
1911,KANSAS,78.10,94.90,91.30,89.00,87.20,65.40
1912,KANSAS,79.30,81.60,92.60,88.80,77.80,71.00
1913,KANSAS,79.70,86.00,96.20,99.80,79.20,65.40
1914,KANSAS,74.70,90.20,92.40,90.80,85.30,69.60
1915,KANSAS,71.10,79.20,84.60,80.00,79.30,72.00
1916,KANSAS,76.90,82.00,95.30,92.40,81.40,69.60
1917,KANSAS,68.90,87.00,95.30,85.30,81.30,64.40
1918,KANSAS,79.60,91.90,91.10,95.50,77.10,70.40
1919,KANSAS,72.40,83.10,92.60,91.80,85.10,64.70
1920,KANSAS,73.40,84.60,90.80,84.40,82.10,72.40
1921,KANSAS,77.60,84.70,91.20,91.10,86.30,75.00
1922,KANSAS,75.40,87.70,89.30,93.30,87.10,73.80
1923,KANSAS,72.10,82.70,90.60,90.90,81.50,60.10
1924,KANSAS,71.20,86.90,88.60,90.90,78.70,73.50
1925,KANSAS,75.60,90.80,92.70,89.70,83.50,57.20
1926,KANSAS,78.60,86.10,92.00,92.70,79.40,70.00
1927,KANSAS,77.80,82.10,89.60,81.50,81.50,75.00
1928,KANSAS,77.80,77.20,88.50,88.70,82.40,70.50
1929,KANSAS,71.40,83.90,90.70,91.60,78.80,67.80
1930,KANSAS,74.00,84.80,95.10,92.30,83.40,64.20
1931,KANSAS,72.50,90.30,93.80,88.10,90.60,73.50
1932,KANSAS,78.50,84.70,94.20,91.30,81.20,68.30
1933,KANSAS,76.50,95.50,94.80,87.70,86.20,70.60
1934,KANSAS,83.40,94.10,102.20,97.00,78.90,74.90
1935,KANSAS,67.80,81.80,97.30,93.10,81.60,66.40
1936,KANSAS,78.40,91.40,100.50,99.80,83.10,66.10
1937,KANSAS,78.80,85.90,95.00,96.20,83.90,69.40
1938,KANSAS,74.00,85.30,94.00,95.70,85.80,79.50
1939,KANSAS,81.90,87.80,97.70,91.20,90.30,75.40
1940,KANSAS,77.10,87.40,95.40,87.60,82.00,77.30
1941,KANSAS,79.00,82.80,91.60,90.50,82.40,66.60
1942,KANSAS,75.60,83.30,93.20,87.60,78.50,69.00
1943,KANSAS,72.10,87.00,93.70,96.20,81.40,69.30
1944,KANSAS,77.50,86.80,89.60,89.40,81.70,71.30
1945,KANSAS,74.40,79.00,89.40,91.00,82.30,70.10
1946,KANSAS,73.20,89.20,95.50,89.60,80.60,68.60
1947,KANSAS,72.40,83.40,90.50,96.00,88.50,78.60
1948,KANSAS,77.80,86.00,89.40,88.80,86.00,72.50
1949,KANSAS,76.00,85.40,90.90,88.20,78.00,70.30
1950,KANSAS,76.80,87.70,83.70,82.40,77.60,76.40
1951,KANSAS,75.60,79.30,87.30,89.40,76.80,67.00
1952,KANSAS,76.70,95.00,94.30,91.80,86.50,71.50
1953,KANSAS,75.50,95.00,91.00,89.80,88.10,74.00
1954,KANSAS,70.60,90.20,99.80,94.20,89.30,69.30
1955,KANSAS,78.60,81.50,95.80,93.30,84.50,72.70
1956,KANSAS,81.90,92.00,93.10,94.60,89.20,76.90
1957,KANSAS,71.80,83.30,93.80,92.10,78.30,64.10
1958,KANSAS,78.00,85.70,86.80,89.40,81.90,72.00
1959,KANSAS,76.90,88.30,88.00,92.60,80.60,64.40
1960,KANSAS,75.90,84.40,88.80,90.50,84.00,71.20
1961,KANSAS,72.80,84.50,90.30,87.00,76.30,70.70
1962,KANSAS,85.10,83.00,89.00,91.80,77.00,72.10
1963,KANSAS,78.80,89.40,94.20,91.90,83.30,80.30
1964,KANSAS,80.90,86.00,96.20,88.40,80.40,71.40
1965,KANSAS,79.50,83.30,90.80,88.80,76.50,72.50
1966,KANSAS,79.60,86.80,95.00,85.20,79.00,71.30
1967,KANSAS,73.80,82.80,86.20,86.70,77.80,70.50
1968,KANSAS,71.60,87.60,90.40,87.90,81.50,72.20
1969,KANSAS,75.90,82.40,92.60,88.70,80.90,61.80
1970,KANSAS,81.50,85.10,93.00,94.60,80.40,63.60
1971,KANSAS,74.60,89.50,89.10,88.70,81.50,72.10
1972,KANSAS,75.00,87.70,87.80,87.50,80.20,65.30
1973,KANSAS,74.50,88.40,90.60,91.40,74.50,72.40
1974,KANSAS,79.80,85.30,97.00,85.10,75.20,70.30
1975,KANSAS,76.90,83.90,91.40,92.40,78.00,74.90
1976,KANSAS,72.30,86.60,91.20,92.10,81.60,63.80
1977,KANSAS,78.80,88.80,93.80,86.80,82.30,70.70
1978,KANSAS,73.00,86.80,95.50,91.50,86.40,72.60
1979,KANSAS,74.00,85.80,89.40,88.20,85.50,75.00
1980,KANSAS,75.20,90.20,100.80,94.10,84.90,71.40
1981,KANSAS,71.70,88.50,90.50,86.90,82.90,66.00
1982,KANSAS,75.00,79.40,91.30,90.00,81.10,70.30
1983,KANSAS,72.10,82.20,95.20,98.20,85.60,68.60
1984,KANSAS,74.30,87.20,92.60,94.10,81.00,65.30
1985,KANSAS,78.30,84.30,92.70,86.60,78.00,66.60
1986,KANSAS,76.80,87.90,93.30,85.90,81.60,66.40
1987,KANSAS,78.50,87.40,90.30,88.10,81.00,68.00
1988,KANSAS,79.10,91.30,90.80,92.70,82.00,66.90
1989,KANSAS,76.60,80.80,89.30,86.10,77.00,72.50
1990,KANSAS,71.70,89.70,90.20,89.70,85.80,70.80
1991,KANSAS,78.60,88.00,93.80,90.30,81.60,72.10
1992,KANSAS,75.20,79.40,87.40,82.10,81.30,70.30
1993,KANSAS,73.20,83.30,88.60,88.50,76.60,66.30
1994,KANSAS,77.60,90.00,88.70,90.20,81.50,70.10
1995,KANSAS,67.20,82.20,91.30,92.60,78.50,71.40
1996,KANSAS,76.70,87.00,88.60,85.00,76.50,69.10
1997,KANSAS,74.40,84.40,90.70,86.40,82.20,69.10
1998,KANSAS,81.30,87.60,90.60,90.30,88.00,70.70
1999,KANSAS,75.50,81.90,92.40,90.10,77.70,72.00
2000,KANSAS,79.50,84.50,91.40,97.20,87.10,71.00
2001,KANSAS,77.50,85.30,95.90,92.70,80.90,70.50
2002,KANSAS,75.20,89.70,93.80,90.70,84.00,60.60
2003,KANSAS,75.50,82.20,96.00,93.70,78.30,72.60
2004,KANSAS,80.30,83.20,86.60,84.90,84.60,69.30
2005,KANSAS,77.50,87.00,92.00,89.10,85.20,70.70
2006,KANSAS,79.00,89.60,94.60,90.70,77.70,67.70
2007,KANSAS,77.10,83.60,89.70,93.40,83.70,72.80
2008,KANSAS,76.20,86.60,91.20,86.30,78.20,67.90
2009,KANSAS,75.00,86.40,88.00,86.70,76.60,58.90
2010,KANSAS,73.90,89.10,90.90,93.00,84.50,74.30
2011,KANSAS,75.80,90.60,98.70,94.30,80.50,72.00
2012,KANSAS,83.40,92.00,99.10,91.30,82.80,67.60
2013,KANSAS,76.40,88.70,89.70,87.70,85.30,68.40
2014,KANSAS,78.90,85.00,87.90,91.40,80.90,72.70
2015,KANSAS,72.30,87.80,90.80,87.70,87.00,72.10
2016,KANSAS,73.50,90.60,91.40,87.70,83.30,76.00
2017,KANSAS,75.00,88.20,92.70,85.00,83.80,71.10
2018,KANSAS,84.60,91.00,91.10,87.40,81.00,65.00
2019,KANSAS,71.30,85.00,91.20,88.30,87.30,64.20
2020,KANSAS,73.50,91.20,90.70,89.20,,
1895,MINNESOTA,68.40,74.70,78.90,78.30,71.30,52.40
1896,MINNESOTA,70.30,77.60,80.10,78.80,64.90,51.40
1897,MINNESOTA,67.60,72.60,81.50,74.90,76.20,57.50
1898,MINNESOTA,65.40,75.30,80.60,76.90,71.00,48.80
1899,MINNESOTA,64.20,75.10,81.10,77.80,66.90,56.30
1900,MINNESOTA,72.50,78.70,79.10,82.90,67.40,63.00
1901,MINNESOTA,70.00,75.20,84.00,80.40,66.40,58.60
1902,MINNESOTA,67.50,71.70,80.40,74.90,64.70,55.70
1903,MINNESOTA,66.80,74.80,77.40,72.60,64.50,57.40
1904,MINNESOTA,66.20,72.30,76.00,74.80,65.00,53.60
1905,MINNESOTA,62.50,71.90,77.00,78.60,70.80,50.90
1906,MINNESOTA,63.20,73.20,78.80,77.60,73.00,53.70
1907,MINNESOTA,55.40,73.90,78.90,76.10,65.00,55.40
1908,MINNESOTA,64.00,71.70,80.10,75.90,74.80,54.60
1909,MINNESOTA,63.60,75.50,79.10,80.50,69.10,52.50
1910,MINNESOTA,63.30,80.90,83.30,77.20,68.70,61.20
1911,MINNESOTA,72.10,81.30,80.40,74.70,66.20,50.60
1912,MINNESOTA,66.40,74.20,78.90,72.80,66.60,58.00
1913,MINNESOTA,63.00,79.10,78.00,79.70,68.50,51.60
1914,MINNESOTA,68.80,74.80,83.70,76.40,69.80,62.00
1915,MINNESOTA,61.40,69.50,74.60,75.90,67.60,57.80
1916,MINNESOTA,63.10,69.50,85.80,78.20,66.00,51.50
1917,MINNESOTA,65.00,71.90,81.60,76.00,66.90,43.00
1918,MINNESOTA,67.60,74.70,79.00,79.10,63.70,56.30
1919,MINNESOTA,67.30,76.60,82.20,77.60,69.80,48.10
1920,MINNESOTA,67.40,75.20,78.80,79.30,72.40,62.40
1921,MINNESOTA,68.30,80.80,85.40,78.90,69.70,57.70
1922,MINNESOTA,70.90,77.60,78.30,81.90,73.10,59.50
1923,MINNESOTA,68.30,79.80,83.70,76.00,70.80,55.20
1924,MINNESOTA,58.80,72.30,78.30,76.00,64.50,63.10
1925,MINNESOTA,66.30,73.70,79.20,81.30,70.70,41.80
1926,MINNESOTA,72.40,72.00,81.40,77.10,62.90,51.80
1927,MINNESOTA,59.80,72.90,77.30,75.80,69.50,58.60
1928,MINNESOTA,71.20,71.00,79.30,77.40,64.60,55.20
1929,MINNESOTA,62.80,75.30,82.60,80.20,65.30,56.20
1930,MINNESOTA,65.50,76.20,83.80,83.90,69.80,51.90
1931,MINNESOTA,65.40,80.50,84.20,78.40,75.60,60.20
1932,MINNESOTA,68.30,79.60,82.60,80.50,69.60,50.90
1933,MINNESOTA,66.60,85.70,85.00,79.50,73.70,52.40
1934,MINNESOTA,77.70,79.10,83.40,78.10,64.60,59.40
1935,MINNESOTA,61.90,70.80,85.50,78.60,68.70,55.00
1936,MINNESOTA,72.00,75.80,90.60,81.70,72.40,52.00
1937,MINNESOTA,67.70,74.70,83.10,84.00,69.80,51.40
1938,MINNESOTA,62.20,75.50,80.60,82.80,71.10,62.80
1939,MINNESOTA,73.30,75.50,83.20,79.70,72.00,52.90
1940,MINNESOTA,65.60,75.10,83.10,75.00,73.40,60.30
1941,MINNESOTA,71.20,75.30,82.60,78.70,68.50,56.30
1942,MINNESOTA,63.10,72.60,78.60,77.00,63.70,57.70
1943,MINNESOTA,63.30,75.20,83.20,78.70,66.00,59.00
1944,MINNESOTA,68.30,76.00,78.60,77.50,67.20,59.70
1945,MINNESOTA,60.40,69.40,77.90,77.80,65.60,56.30
1946,MINNESOTA,63.50,75.30,80.60,76.60,67.00,55.10
1947,MINNESOTA,60.90,70.90,81.40,84.00,69.00,64.90
1948,MINNESOTA,67.40,74.10,81.50,79.90,75.70,59.00
1949,MINNESOTA,69.60,78.20,81.60,81.50,66.60,57.00
1950,MINNESOTA,61.60,76.20,77.40,75.00,69.80,58.80
1951,MINNESOTA,70.00,71.30,79.10,73.10,63.00,52.80
1952,MINNESOTA,67.60,77.60,80.50,76.90,71.40,53.60
1953,MINNESOTA,65.90,76.40,79.50,80.10,68.90,64.80
1954,MINNESOTA,59.80,76.20,81.20,76.80,65.50,52.60
1955,MINNESOTA,72.10,75.40,84.40,82.80,69.50,58.40
1956,MINNESOTA,65.20,80.30,76.50,77.40,66.80,64.10
1957,MINNESOTA,66.10,73.20,83.50,77.00,65.80,54.00
1958,MINNESOTA,70.60,70.60,77.30,79.50,69.40,59.20
1959,MINNESOTA,67.60,78.20,82.00,81.40,68.40,48.10
1960,MINNESOTA,66.70,73.60,81.60,80.10,69.40,57.80
1961,MINNESOTA,65.50,80.00,79.80,82.60,66.80,58.20
1962,MINNESOTA,66.70,74.40,76.30,78.70,66.00,59.10
1963,MINNESOTA,64.50,78.60,81.60,78.00,71.20,68.00
1964,MINNESOTA,71.30,76.30,83.90,74.90,66.30,56.60
1965,MINNESOTA,66.80,74.60,78.10,76.90,57.50,57.80
1966,MINNESOTA,63.00,77.00,83.90,75.50,69.30,56.00
1967,MINNESOTA,61.40,73.80,79.20,77.30,70.90,54.00
1968,MINNESOTA,62.50,74.60,78.50,77.20,68.10,56.50
1969,MINNESOTA,67.70,68.50,79.30,82.80,69.50,49.40
1970,MINNESOTA,64.40,78.60,83.50,80.40,69.10,54.70
1971,MINNESOTA,65.50,78.60,76.40,79.00,69.60,57.80
1972,MINNESOTA,70.10,76.80,77.00,77.80,65.80,51.40
1973,MINNESOTA,65.00,77.00,79.70,80.30,66.40,60.80
1974,MINNESOTA,61.00,75.90,84.60,74.90,65.60,58.00
1975,MINNESOTA,70.00,74.50,84.00,78.10,65.10,59.50
1976,MINNESOTA,68.70,80.10,84.10,82.70,72.30,51.30
1977,MINNESOTA,76.90,76.80,82.20,73.00,66.10,56.00
1978,MINNESOTA,70.00,75.80,78.20,79.00,72.80,57.00
1979,MINNESOTA,61.00,75.10,79.90,74.80,71.00,53.10
1980,MINNESOTA,73.50,76.60,83.30,77.20,67.20,51.40
1981,MINNESOTA,67.00,74.20,80.30,77.30,67.90,52.00
1982,MINNESOTA,68.40,70.90,81.00,77.30,66.80,55.00
1983,MINNESOTA,63.50,75.00,84.00,84.30,68.70,53.80
1984,MINNESOTA,64.90,75.60,80.60,82.20,64.70,56.10
1985,MINNESOTA,71.20,71.60,80.10,73.00,64.10,54.70
1986,MINNESOTA,68.60,77.20,80.20,74.90,64.90,55.50
1987,MINNESOTA,71.90,81.20,82.60,76.70,70.20,51.60
1988,MINNESOTA,75.80,84.70,86.30,81.00,69.20,52.30
1989,MINNESOTA,68.50,75.40,84.10,79.40,69.10,59.20
1990,MINNESOTA,64.70,76.80,79.10,79.20,71.80,55.70
1991,MINNESOTA,68.90,78.90,78.70,80.80,66.20,52.80
1992,MINNESOTA,70.60,73.00,72.00,73.50,67.30,55.30
1993,MINNESOTA,64.80,70.90,75.10,77.00,62.10,53.30
1994,MINNESOTA,70.10,77.00,76.50,75.10,70.50,57.60
1995,MINNESOTA,64.70,80.20,79.40,80.20,67.80,52.80
1996,MINNESOTA,62.70,76.60,77.30,79.30,68.10,56.20
1997,MINNESOTA,61.50,79.40,78.20,75.70,71.50,57.00
1998,MINNESOTA,73.80,72.00,80.20,80.30,75.50,57.20
1999,MINNESOTA,67.80,74.90,82.40,77.00,67.20,55.60
2000,MINNESOTA,68.90,72.60,79.40,78.80,69.10,59.30
2001,MINNESOTA,68.00,76.20,81.90,81.40,68.30,54.90
2002,MINNESOTA,62.40,78.20,83.30,76.90,71.60,45.60
2003,MINNESOTA,66.70,75.20,80.30,82.50,69.50,58.30
2004,MINNESOTA,62.50,72.00,77.80,72.10,72.90,56.10
2005,MINNESOTA,62.40,77.70,81.90,77.90,73.20,58.20
2006,MINNESOTA,67.70,77.70,85.90,79.30,67.10,52.40
2007,MINNESOTA,71.10,78.80,82.60,77.70,71.10,58.70
2008,MINNESOTA,63.90,74.10,80.10,79.30,69.70,55.90
2009,MINNESOTA,66.40,73.60,75.00,75.10,74.10,46.50
2010,MINNESOTA,67.90,74.00,81.30,81.10,65.00,61.00
2011,MINNESOTA,64.40,73.60,83.60,79.80,69.70,60.90
2012,MINNESOTA,70.20,78.80,86.00,79.50,71.80,52.80
2013,MINNESOTA,64.30,74.50,79.90,79.90,73.00,53.70
2014,MINNESOTA,65.40,75.20,77.40,77.30,69.20,56.20
2015,MINNESOTA,65.90,76.10,80.50,76.80,74.90,58.60
2016,MINNESOTA,69.40,76.70,79.80,78.80,70.10,57.70
2017,MINNESOTA,64.90,77.00,80.90,74.90,71.60,57.20
2018,MINNESOTA,74.80,77.70,80.60,78.40,68.70,48.60
2019,MINNESOTA,61.40,76.00,81.10,76.00,69.40,50.00
2020,MINNESOTA,64.70,79.80,82.80,79.70,,
1895,MISSOURI,77.00,85.10,84.80,86.70,83.60,65.70
1896,MISSOURI,81.60,83.60,88.80,88.60,76.90,67.00
1897,MISSOURI,74.80,84.90,90.40,86.80,89.30,77.40
1898,MISSOURI,76.30,85.90,86.70,86.70,81.60,63.40
1899,MISSOURI,77.80,85.00,87.80,90.70,80.90,75.40
1900,MISSOURI,77.80,83.90,87.40,92.30,81.80,73.40
1901,MISSOURI,76.40,91.40,99.90,92.10,81.90,72.70
1902,MISSOURI,80.60,81.20,87.60,85.90,73.90,71.00
1903,MISSOURI,74.60,77.80,88.10,85.20,78.60,68.20
1904,MISSOURI,73.90,80.50,84.80,84.60,80.50,69.80
1905,MISSOURI,75.70,86.20,82.90,87.20,79.70,65.50
1906,MISSOURI,77.80,83.00,85.60,86.70,82.20,67.20
1907,MISSOURI,69.90,81.30,88.70,87.60,80.00,67.60
1908,MISSOURI,76.20,81.20,87.30,87.00,83.40,67.80
1909,MISSOURI,74.00,83.50,87.20,92.40,80.60,69.70
1910,MISSOURI,70.90,81.70,87.80,85.70,80.00,71.70
1911,MISSOURI,81.40,92.00,90.10,86.50,84.00,65.80
1912,MISSOURI,78.80,80.40,89.80,87.00,80.00,71.70
1913,MISSOURI,77.50,88.60,92.00,97.00,79.80,64.80
1914,MISSOURI,78.60,91.20,92.40,89.40,79.80,68.40
1915,MISSOURI,74.30,80.70,84.80,79.10,80.40,72.00
1916,MISSOURI,76.60,80.40,94.50,91.30,79.80,70.50
1917,MISSOURI,70.00,82.60,89.60,84.40,79.90,62.60
1918,MISSOURI,79.90,89.00,89.80,94.00,73.80,70.80
1919,MISSOURI,72.00,84.90,91.60,87.50,83.80,68.90
1920,MISSOURI,73.80,83.90,88.30,84.00,80.70,72.20
1921,MISSOURI,77.60,86.50,92.00,87.30,83.60,70.20
1922,MISSOURI,77.50,88.00,87.70,89.10,83.80,72.60
1923,MISSOURI,73.30,83.00,89.20,88.80,78.60,63.10
1924,MISSOURI,70.30,82.50,84.30,87.80,75.10,75.30
1925,MISSOURI,73.80,87.80,89.40,89.40,85.30,57.30
1926,MISSOURI,79.70,82.70,90.20,88.20,78.70,66.70
1927,MISSOURI,75.00,80.10,86.90,81.40,82.90,74.00
1928,MISSOURI,78.00,77.00,87.70,86.90,77.50,72.20
1929,MISSOURI,71.80,81.90,88.50,88.10,78.60,67.70
1930,MISSOURI,75.50,84.10,94.90,91.50,82.70,65.50
1931,MISSOURI,72.00,88.40,92.30,85.60,86.90,72.00
1932,MISSOURI,78.30,85.70,91.00,88.60,79.80,68.00
1933,MISSOURI,75.90,91.30,90.60,86.10,85.40,67.90
1934,MISSOURI,82.10,93.00,100.30,93.10,76.20,73.00
1935,MISSOURI,69.20,79.00,91.60,88.80,80.30,67.40
1936,MISSOURI,80.80,90.60,99.20,98.30,83.40,66.80
1937,MISSOURI,76.90,84.60,89.40,91.80,81.90,67.70
1938,MISSOURI,74.60,82.40,91.30,92.80,84.00,78.70
1939,MISSOURI,78.50,84.00,91.50,86.80,89.50,74.70
1940,MISSOURI,74.50,84.30,89.70,85.40,81.40,76.30
1941,MISSOURI,80.80,84.40,91.30,90.80,82.00,69.80
1942,MISSOURI,74.30,82.70,89.60,85.30,78.10,69.60
1943,MISSOURI,73.00,84.80,91.00,91.00,77.40,67.80
1944,MISSOURI,78.50,86.60,90.40,85.80,79.60,72.40
1945,MISSOURI,70.80,78.20,86.20,88.40,79.90,67.80
1946,MISSOURI,71.40,84.70,91.00,83.90,79.70,73.30
1947,MISSOURI,73.70,82.00,86.30,95.50,84.80,76.70
1948,MISSOURI,75.00,84.10,87.40,87.10,82.20,69.10
1949,MISSOURI,78.30,84.70,87.70,86.30,74.80,70.10
1950,MISSOURI,76.10,83.10,82.60,80.80,76.00,76.20
1951,MISSOURI,77.40,80.20,85.90,86.60,75.80,68.60
1952,MISSOURI,76.40,92.70,91.40,86.40,82.50,68.90
1953,MISSOURI,75.70,92.30,91.20,90.90,87.20,74.40
1954,MISSOURI,71.80,88.40,97.30,91.40,87.40,67.70
1955,MISSOURI,77.00,79.70,91.80,90.20,84.60,69.70
1956,MISSOURI,79.60,85.50,88.60,90.60,85.50,76.90
1957,MISSOURI,75.60,83.20,89.90,88.50,77.80,65.20
1958,MISSOURI,77.00,82.30,84.80,87.00,78.60,70.70
1959,MISSOURI,78.50,84.60,86.30,89.40,81.10,65.60
1960,MISSOURI,74.60,82.90,86.00,88.40,84.80,70.30
1961,MISSOURI,71.70,82.10,86.50,85.20,78.90,70.30
1962,MISSOURI,84.00,83.30,88.20,89.80,75.60,70.20
1963,MISSOURI,75.60,86.70,88.80,87.40,81.60,81.40
1964,MISSOURI,79.20,83.20,90.00,86.40,79.60,69.20
1965,MISSOURI,80.30,83.00,86.20,86.30,78.10,69.30
1966,MISSOURI,75.10,83.30,92.50,83.40,75.80,68.00
1967,MISSOURI,72.50,82.10,84.80,83.70,76.40,68.00
1968,MISSOURI,72.20,85.40,87.30,85.40,78.40,69.40
1969,MISSOURI,76.20,82.00,90.20,87.10,79.20,66.10
1970,MISSOURI,79.20,81.80,89.20,87.90,80.90,65.30
1971,MISSOURI,73.90,88.00,86.20,86.40,81.70,74.60
1972,MISSOURI,76.70,86.10,87.00,87.00,80.30,64.40
1973,MISSOURI,73.00,84.70,88.60,88.40,77.80,72.60
1974,MISSOURI,75.70,80.00,93.30,84.40,72.50,69.50
1975,MISSOURI,78.50,84.10,89.80,88.60,75.00,71.90
1976,MISSOURI,72.00,82.30,89.40,87.40,81.00,63.00
1977,MISSOURI,80.30,85.60,90.40,86.50,80.00,67.40
1978,MISSOURI,73.30,84.50,90.00,87.40,84.60,69.20
1979,MISSOURI,75.10,83.50,86.20,85.80,80.60,71.40
1980,MISSOURI,76.60,86.50,98.00,94.00,83.70,68.50
1981,MISSOURI,71.00,84.30,87.60,84.30,79.70,66.30
1982,MISSOURI,78.20,78.80,88.70,84.50,77.30,69.40
1983,MISSOURI,72.30,83.20,91.90,95.40,82.60,68.80
1984,MISSOURI,72.60,85.50,87.80,90.30,78.20,68.00
1985,MISSOURI,76.60,80.80,89.10,83.50,78.70,68.60
1986,MISSOURI,76.20,86.50,91.70,83.90,81.60,66.90
1987,MISSOURI,81.70,87.00,89.20,88.70,80.00,65.00
1988,MISSOURI,79.80,89.60,88.60,90.70,80.90,63.70
1989,MISSOURI,74.60,81.10,86.50,85.60,74.70,71.20
1990,MISSOURI,70.70,84.30,87.10,85.90,83.30,68.50
1991,MISSOURI,78.90,86.20,90.20,89.00,79.10,70.50
1992,MISSOURI,74.20,80.80,85.80,81.00,77.50,69.20
1993,MISSOURI,74.00,82.40,87.80,87.90,73.80,64.80
1994,MISSOURI,74.40,85.70,86.40,85.70,77.60,69.50
1995,MISSOURI,70.40,81.80,88.10,91.00,76.30,71.30
1996,MISSOURI,75.70,83.10,85.40,85.40,76.10,68.80
1997,MISSOURI,72.20,81.50,89.10,84.50,79.90,68.30
1998,MISSOURI,80.20,84.00,87.20,87.40,84.60,70.10
1999,MISSOURI,75.20,82.50,90.90,88.20,80.50,71.20
2000,MISSOURI,78.40,81.30,85.90,90.90,82.70,71.80
2001,MISSOURI,76.90,82.30,88.80,88.60,78.20,67.90
2002,MISSOURI,72.70,85.40,90.00,87.80,83.50,63.30
2003,MISSOURI,74.60,80.00,89.40,90.80,76.60,69.70
2004,MISSOURI,77.50,81.00,83.90,81.50,81.40,68.90
2005,MISSOURI,76.10,86.70,89.90,88.60,83.60,68.80
2006,MISSOURI,75.30,85.10,90.40,89.60,76.80,65.50
2007,MISSOURI,79.10,83.80,86.60,93.30,82.40,71.50
2008,MISSOURI,73.70,83.70,86.80,84.50,77.50,67.60
2009,MISSOURI,74.40,85.10,83.00,83.30,76.60,59.90
2010,MISSOURI,74.90,87.70,89.00,90.80,79.90,72.60
2011,MISSOURI,73.20,86.50,93.50,89.10,76.90,71.00
2012,MISSOURI,81.80,87.80,97.00,90.00,78.60,65.70
2013,MISSOURI,74.20,83.20,85.80,85.00,82.80,67.40
2014,MISSOURI,76.50,82.80,83.70,87.20,78.40,69.40
2015,MISSOURI,74.90,83.40,86.60,83.90,82.80,69.60
2016,MISSOURI,73.80,88.20,87.80,86.10,82.90,73.60
2017,MISSOURI,75.60,85.00,89.60,82.80,82.90,70.90
2018,MISSOURI,84.10,88.20,89.60,87.00,81.60,67.20
2019,MISSOURI,74.40,82.50,87.70,85.00,85.50,65.20
2020,MISSOURI,71.60,86.00,89.30,85.20,,
1895,NEBRASKA,73.90,79.20,85.00,85.30,81.80,62.10
1896,NEBRASKA,75.10,82.90,86.00,85.00,71.40,62.20
1897,NEBRASKA,75.00,80.90,89.20,82.70,84.60,65.70
1898,NEBRASKA,66.90,82.30,86.90,87.40,77.20,58.00
1899,NEBRASKA,70.60,82.40,86.00,86.40,79.50,66.10
1900,NEBRASKA,76.20,85.20,86.80,89.40,76.00,69.00
1901,NEBRASKA,73.40,82.40,96.40,88.30,73.80,66.50
1902,NEBRASKA,74.50,77.80,84.30,82.90,73.60,66.90
1903,NEBRASKA,69.20,75.20,84.60,81.50,73.90,67.20
1904,NEBRASKA,71.40,77.20,83.20,83.80,77.60,66.10
1905,NEBRASKA,66.60,79.20,82.20,87.10,79.00,60.20
1906,NEBRASKA,72.80,79.80,83.90,84.80,77.30,60.50
1907,NEBRASKA,66.50,79.10,86.20,86.60,76.60,67.30
1908,NEBRASKA,68.70,77.40,84.70,82.20,83.60,61.60
1909,NEBRASKA,70.80,80.20,86.40,89.80,77.00,65.00
1910,NEBRASKA,67.60,82.20,89.50,83.00,77.40,71.30
1911,NEBRASKA,73.90,89.70,87.80,83.00,79.30,57.80
1912,NEBRASKA,74.00,77.80,87.00,83.40,70.10,64.70
1913,NEBRASKA,71.20,83.00,89.50,93.00,76.30,60.40
1914,NEBRASKA,72.30,84.40,90.00,86.40,78.60,66.60
1915,NEBRASKA,66.80,74.30,80.10,78.00,73.90,68.50
1916,NEBRASKA,71.60,76.90,93.00,85.20,77.10,62.90
1917,NEBRASKA,64.30,80.00,91.00,83.20,76.40,58.80
1918,NEBRASKA,75.80,87.20,87.40,88.30,73.40,66.10
1919,NEBRASKA,70.10,81.30,90.70,86.80,80.10,56.60
1920,NEBRASKA,68.00,79.60,87.70,82.50,79.00,68.60
1921,NEBRASKA,72.00,84.60,89.00,85.60,79.40,70.70
1922,NEBRASKA,72.40,85.60,84.90,89.70,83.10,70.00
1923,NEBRASKA,68.70,78.60,88.00,82.10,76.10,57.10
1924,NEBRASKA,66.90,78.90,84.70,85.90,72.50,69.30
1925,NEBRASKA,71.80,82.80,89.10,85.20,79.70,50.10
1926,NEBRASKA,76.80,81.40,88.40,87.70,72.60,66.10
1927,NEBRASKA,71.00,77.80,86.70,79.00,77.50,70.50
1928,NEBRASKA,75.60,73.40,85.40,87.00,76.70,63.80
1929,NEBRASKA,69.30,79.90,88.50,88.90,70.00,63.40
1930,NEBRASKA,68.20,80.90,93.10,85.40,78.40,60.60
1931,NEBRASKA,71.30,89.10,91.60,86.90,84.10,67.20
1932,NEBRASKA,75.50,82.00,90.80,86.70,77.00,61.00
1933,NEBRASKA,69.00,92.30,91.20,82.40,81.80,67.40
1934,NEBRASKA,84.70,88.80,97.70,89.90,73.20,70.80
1935,NEBRASKA,60.70,77.60,94.30,88.10,78.10,62.80
1936,NEBRASKA,76.40,86.20,99.30,93.60,80.70,63.70
1937,NEBRASKA,74.00,80.40,92.40,93.50,80.40,63.60
1938,NEBRASKA,68.60,82.90,90.50,91.40,80.50,73.70
1939,NEBRASKA,79.50,82.70,94.50,86.90,85.00,67.10
1940,NEBRASKA,74.10,85.40,93.50,85.40,81.80,71.90
1941,NEBRASKA,76.60,79.00,88.70,87.80,76.90,61.90
1942,NEBRASKA,68.60,77.90,90.10,85.60,72.60,65.50
1943,NEBRASKA,68.00,80.70,90.60,90.50,77.10,66.80
1944,NEBRASKA,75.20,80.20,85.70,85.50,77.10,68.00
1945,NEBRASKA,68.00,72.10,86.70,85.70,76.10,67.60
1946,NEBRASKA,67.20,84.00,89.90,84.20,75.70,61.20
1947,NEBRASKA,69.10,76.10,87.20,92.70,81.20,72.30
1948,NEBRASKA,73.60,79.80,87.90,87.20,82.10,66.40
1949,NEBRASKA,72.40,80.90,88.80,86.10,74.80,63.30
1950,NEBRASKA,68.10,82.60,81.30,81.50,73.30,70.50
1951,NEBRASKA,70.70,73.20,83.10,82.90,70.70,61.00
1952,NEBRASKA,70.60,88.80,89.80,85.40,82.10,66.50
1953,NEBRASKA,69.20,86.10,88.30,86.40,82.20,71.20
1954,NEBRASKA,67.20,83.80,94.20,85.40,80.90,60.80
1955,NEBRASKA,76.50,76.00,93.10,91.40,79.40,67.60
1956,NEBRASKA,74.00,88.60,87.40,86.30,81.60,72.20
1957,NEBRASKA,66.60,79.20,90.50,86.20,73.60,58.20
1958,NEBRASKA,75.60,79.00,81.80,87.10,78.60,68.60
1959,NEBRASKA,69.90,85.20,86.10,89.40,74.40,59.90
1960,NEBRASKA,71.40,78.80,87.20,86.80,78.80,67.40
1961,NEBRASKA,67.00,82.10,87.50,86.50,71.10,65.70
1962,NEBRASKA,77.10,77.80,83.70,86.00,73.80,67.10
1963,NEBRASKA,73.30,85.70,90.10,85.70,77.60,74.40
1964,NEBRASKA,76.10,80.90,91.60,82.20,75.60,67.20
1965,NEBRASKA,74.30,78.10,85.50,84.10,64.80,68.70
1966,NEBRASKA,75.40,81.40,90.60,81.00,74.50,66.90
1967,NEBRASKA,66.00,76.30,84.70,84.40,75.50,65.50
1968,NEBRASKA,67.00,84.40,86.60,84.30,75.80,67.10
1969,NEBRASKA,73.60,76.90,87.20,87.20,78.80,54.00
1970,NEBRASKA,76.80,82.60,89.70,89.20,76.00,59.30
1971,NEBRASKA,67.70,84.70,84.30,87.30,75.80,65.00
1972,NEBRASKA,70.40,82.70,84.10,83.80,75.70,60.40
1973,NEBRASKA,70.50,83.70,86.30,88.60,70.00,66.90
1974,NEBRASKA,73.50,82.20,94.10,81.30,74.90,67.90
1975,NEBRASKA,72.80,79.30,89.20,87.60,74.50,69.70
1976,NEBRASKA,70.80,83.30,88.60,87.70,77.80,60.10
1977,NEBRASKA,75.80,84.60,89.30,81.50,78.00,64.90
1978,NEBRASKA,69.80,83.10,88.10,85.20,81.90,66.80
1979,NEBRASKA,69.30,81.10,84.50,83.60,81.70,67.00
1980,NEBRASKA,72.20,84.50,93.10,87.30,80.30,64.90
1981,NEBRASKA,67.90,84.30,86.00,82.50,78.90,61.30
1982,NEBRASKA,69.90,75.20,88.10,84.20,74.50,63.00
1983,NEBRASKA,66.90,77.80,89.90,92.20,80.50,64.00
1984,NEBRASKA,69.80,82.00,87.40,89.20,74.10,60.30
1985,NEBRASKA,75.90,80.30,88.30,82.00,70.80,62.50
1986,NEBRASKA,71.30,84.30,88.50,82.20,73.60,62.10
1987,NEBRASKA,75.40,84.90,89.40,82.10,76.60,63.00
1988,NEBRASKA,75.30,89.40,87.50,88.30,77.40,63.30
1989,NEBRASKA,73.20,79.40,88.40,84.50,74.40,66.70
1990,NEBRASKA,68.00,84.50,85.40,85.80,82.00,66.20
1991,NEBRASKA,72.40,83.30,88.00,86.50,78.10,64.70
1992,NEBRASKA,74.50,76.80,79.70,78.80,77.00,65.10
1993,NEBRASKA,70.50,77.30,81.60,82.10,70.90,62.20
1994,NEBRASKA,76.00,83.90,83.60,85.10,78.90,64.60
1995,NEBRASKA,62.20,78.70,88.30,89.30,74.60,63.20
1996,NEBRASKA,66.40,81.90,84.10,82.30,71.70,65.00
1997,NEBRASKA,68.80,82.30,87.10,82.90,77.90,64.70
1998,NEBRASKA,75.50,77.60,86.70,85.60,83.80,63.30
1999,NEBRASKA,70.50,78.20,88.70,84.40,74.70,67.50
2000,NEBRASKA,75.10,82.00,88.00,90.20,80.00,65.90
2001,NEBRASKA,71.90,81.80,89.20,87.40,76.90,65.30
2002,NEBRASKA,69.80,87.90,92.60,86.20,77.60,55.30
2003,NEBRASKA,69.60,78.20,90.70,89.30,76.10,70.30
2004,NEBRASKA,73.90,77.60,84.20,82.00,80.10,64.60
2005,NEBRASKA,71.50,81.70,89.90,85.50,82.20,66.10
2006,NEBRASKA,75.80,86.00,91.50,85.20,71.70,61.00
2007,NEBRASKA,74.80,81.70,88.80,87.50,78.70,67.00
2008,NEBRASKA,69.20,80.60,88.30,83.70,75.70,63.10
2009,NEBRASKA,72.30,78.30,82.60,82.30,74.40,51.80
2010,NEBRASKA,68.30,81.60,86.50,88.00,78.40,69.10
2011,NEBRASKA,68.10,80.80,89.50,86.10,75.50,67.10
2012,NEBRASKA,77.00,87.80,95.20,88.50,81.50,62.20
2013,NEBRASKA,71.20,82.00,85.80,85.70,81.40,61.00
2014,NEBRASKA,71.80,80.40,84.30,84.50,76.00,68.10
2015,NEBRASKA,67.00,81.50,86.10,83.80,81.90,67.40
2016,NEBRASKA,69.80,87.40,86.60,84.10,78.20,70.10
2017,NEBRASKA,69.80,85.00,90.40,81.60,78.70,64.40
2018,NEBRASKA,76.50,84.60,85.20,83.30,77.50,59.20
2019,NEBRASKA,64.60,80.60,86.50,82.30,81.00,57.40
2020,NEBRASKA,68.40,87.10,88.00,88.20,,
1895,NORTH DAKOTA,65.50,71.20,79.90,80.20,71.20,54.70
1896,NORTH DAKOTA,66.90,76.60,80.10,79.10,64.80,52.00
1897,NORTH DAKOTA,70.60,73.80,81.50,77.50,79.60,58.10
1898,NORTH DAKOTA,65.60,73.90,80.80,80.00,70.40,46.20
1899,NORTH DAKOTA,60.70,73.40,81.80,77.20,70.20,51.20
1900,NORTH DAKOTA,75.10,81.20,82.10,81.60,64.60,58.00
1901,NORTH DAKOTA,76.20,72.50,83.20,80.70,63.70,60.10
1902,NORTH DAKOTA,67.50,68.80,80.30,77.40,68.00,55.40
1903,NORTH DAKOTA,66.30,75.20,79.40,74.70,62.00,58.80
1904,NORTH DAKOTA,66.50,71.70,77.60,76.90,67.10,57.90
1905,NORTH DAKOTA,61.60,70.00,78.00,81.60,73.70,50.70
1906,NORTH DAKOTA,62.20,72.80,80.40,78.40,76.30,57.60
1907,NORTH DAKOTA,57.50,73.60,78.30,78.60,64.70,58.30
1908,NORTH DAKOTA,62.70,71.30,82.80,77.60,74.70,52.70
1909,NORTH DAKOTA,63.90,74.10,78.60,82.60,73.40,54.50
1910,NORTH DAKOTA,64.10,80.40,85.00,76.70,67.50,61.80
1911,NORTH DAKOTA,69.20,79.20,80.00,74.00,66.30,51.80
1912,NORTH DAKOTA,65.40,74.30,78.00,74.50,62.10,56.60
1913,NORTH DAKOTA,63.00,78.40,78.70,82.80,71.20,50.00
1914,NORTH DAKOTA,68.30,73.60,85.80,77.70,73.30,62.90
1915,NORTH DAKOTA,62.60,68.20,73.50,78.70,65.40,59.30
1916,NORTH DAKOTA,63.10,68.70,84.60,78.60,68.10,50.90
1917,NORTH DAKOTA,66.20,73.80,85.90,80.50,69.60,45.00
1918,NORTH DAKOTA,64.80,75.60,79.30,79.10,66.10,58.20
1919,NORTH DAKOTA,68.00,79.70,85.70,82.20,71.00,44.30
1920,NORTH DAKOTA,66.30,74.10,81.50,83.80,71.90,61.60
1921,NORTH DAKOTA,66.00,80.00,84.70,82.30,68.20,60.30
1922,NORTH DAKOTA,67.30,76.20,78.80,84.20,74.00,59.20
1923,NORTH DAKOTA,67.50,78.20,83.50,75.80,72.20,54.80
1924,NORTH DAKOTA,59.90,70.50,78.80,77.50,68.40,62.60
1925,NORTH DAKOTA,68.80,72.40,80.60,83.70,70.30,41.40
1926,NORTH DAKOTA,72.80,73.80,84.80,78.00,64.20,53.70
1927,NORTH DAKOTA,56.90,73.20,77.40,76.90,69.10,59.20
1928,NORTH DAKOTA,73.50,70.20,78.80,77.80,67.50,55.50
1929,NORTH DAKOTA,62.90,74.90,86.30,85.00,64.30,58.20
1930,NORTH DAKOTA,62.80,75.20,87.60,84.50,70.30,49.70
1931,NORTH DAKOTA,67.60,81.80,84.60,79.60,75.30,59.20
1932,NORTH DAKOTA,68.90,78.30,84.30,82.00,71.80,47.30
1933,NORTH DAKOTA,66.20,85.10,86.60,82.90,75.40,53.90
1934,NORTH DAKOTA,80.30,77.20,87.10,82.60,65.20,60.20
1935,NORTH DAKOTA,59.30,71.80,86.40,79.80,72.00,57.90
1936,NORTH DAKOTA,76.30,81.10,96.60,83.80,74.60,56.20
1937,NORTH DAKOTA,69.90,75.80,84.30,88.00,72.40,54.50
1938,NORTH DAKOTA,62.80,76.80,82.80,85.30,76.30,62.90
1939,NORTH DAKOTA,74.60,71.50,87.60,84.30,74.40,52.20
1940,NORTH DAKOTA,68.60,76.60,85.70,80.80,77.70,62.20
1941,NORTH DAKOTA,70.70,74.80,84.60,81.00,66.50,55.60
1942,NORTH DAKOTA,61.10,70.90,79.80,78.90,66.50,59.10
1943,NORTH DAKOTA,62.60,71.20,83.60,81.20,69.70,62.50
1944,NORTH DAKOTA,71.00,72.90,81.00,77.80,68.60,63.70
1945,NORTH DAKOTA,60.80,68.70,81.20,81.00,66.60,58.80
1946,NORTH DAKOTA,63.60,76.60,84.00,79.10,68.80,49.40
1947,NORTH DAKOTA,63.20,70.10,83.90,84.40,68.80,63.50
1948,NORTH DAKOTA,68.40,73.90,81.30,82.20,79.00,59.80
1949,NORTH DAKOTA,70.50,77.00,83.30,86.20,70.80,53.80
1950,NORTH DAKOTA,59.40,75.50,78.70,77.20,69.90,58.50
1951,NORTH DAKOTA,70.30,70.00,82.10,75.20,63.30,51.40
1952,NORTH DAKOTA,69.30,78.30,81.60,81.40,75.70,57.00
1953,NORTH DAKOTA,62.60,73.40,80.60,82.80,71.80,65.70
1954,NORTH DAKOTA,62.70,72.10,83.20,78.70,66.10,54.60
1955,NORTH DAKOTA,70.20,73.20,83.70,85.30,70.60,61.00
1956,NORTH DAKOTA,65.60,81.40,78.00,79.60,68.20,62.40
1957,NORTH DAKOTA,67.60,73.10,86.80,78.60,66.90,53.20
1958,NORTH DAKOTA,73.40,71.20,77.50,84.40,72.60,60.00
1959,NORTH DAKOTA,64.40,79.60,85.50,85.70,67.80,47.60
1960,NORTH DAKOTA,68.00,73.20,86.70,82.70,73.80,59.70
1961,NORTH DAKOTA,66.00,84.40,82.90,88.80,64.60,58.20
1962,NORTH DAKOTA,62.50,74.80,77.20,82.20,69.20,60.80
1963,NORTH DAKOTA,65.20,77.80,84.30,81.90,74.90,69.40
1964,NORTH DAKOTA,69.70,74.00,84.20,77.90,67.00,59.30
1965,NORTH DAKOTA,65.40,73.90,80.10,79.40,55.70,61.80
1966,NORTH DAKOTA,65.80,75.90,84.70,77.20,72.70,57.90
1967,NORTH DAKOTA,62.40,73.70,84.00,83.50,74.30,54.50
1968,NORTH DAKOTA,62.70,72.50,81.30,76.70,69.60,57.20
1969,NORTH DAKOTA,68.80,69.00,79.00,87.00,73.40,48.00
1970,NORTH DAKOTA,63.40,80.00,84.70,84.20,70.70,54.90
1971,NORTH DAKOTA,66.70,76.20,78.50,85.80,68.80,54.60
1972,NORTH DAKOTA,68.60,77.20,77.60,82.40,66.80,52.10
1973,NORTH DAKOTA,68.00,77.20,82.20,85.90,67.00,60.50
1974,NORTH DAKOTA,60.30,77.90,87.40,76.40,67.90,60.90
1975,NORTH DAKOTA,65.20,74.30,85.60,78.20,67.60,56.80
1976,NORTH DAKOTA,70.30,78.10,84.60,85.10,76.10,52.60
1977,NORTH DAKOTA,77.10,77.90,83.60,74.70,65.70,57.90
1978,NORTH DAKOTA,70.10,76.00,80.50,82.40,75.10,58.40
1979,NORTH DAKOTA,60.00,76.60,82.10,78.20,75.20,57.00
1980,NORTH DAKOTA,76.20,78.10,85.40,75.80,68.40,53.60
1981,NORTH DAKOTA,66.50,72.90,83.40,82.60,71.90,54.40
1982,NORTH DAKOTA,64.20,71.70,82.10,80.40,70.40,53.90
1983,NORTH DAKOTA,63.60,75.80,85.40,88.70,68.50,55.00
1984,NORTH DAKOTA,66.40,75.10,84.40,86.30,64.20,53.40
1985,NORTH DAKOTA,72.80,70.70,84.50,74.70,62.00,54.40
1986,NORTH DAKOTA,68.30,79.10,80.50,79.00,62.60,57.00
1987,NORTH DAKOTA,72.50,81.90,81.90,76.60,72.20,54.80
1988,NORTH DAKOTA,74.40,89.20,87.50,83.90,68.70,56.90
1989,NORTH DAKOTA,69.60,75.90,87.60,82.80,71.80,59.20
1990,NORTH DAKOTA,66.00,76.90,81.10,83.70,75.40,57.80
1991,NORTH DAKOTA,67.40,77.30,81.80,84.90,69.50,51.90
1992,NORTH DAKOTA,71.90,74.10,73.20,76.50,68.80,57.50
1993,NORTH DAKOTA,67.50,70.00,72.20,76.10,65.50,55.70
1994,NORTH DAKOTA,71.40,75.20,78.40,79.40,73.80,56.40
1995,NORTH DAKOTA,63.30,78.30,79.40,83.00,70.30,53.60
1996,NORTH DAKOTA,61.60,77.50,78.80,83.80,67.90,55.10
1997,NORTH DAKOTA,65.20,80.60,80.00,81.20,74.80,57.70
1998,NORTH DAKOTA,70.30,70.10,83.00,83.80,77.10,55.90
1999,NORTH DAKOTA,65.30,73.90,81.60,80.10,65.40,56.00
2000,NORTH DAKOTA,68.70,72.20,81.80,81.80,70.30,58.60
2001,NORTH DAKOTA,69.30,74.00,82.10,84.80,71.50,54.10
2002,NORTH DAKOTA,62.60,78.10,85.10,78.80,72.80,43.80
2003,NORTH DAKOTA,65.10,73.30,83.20,86.60,70.30,61.80
2004,NORTH DAKOTA,61.90,71.20,79.80,74.20,71.70,55.50
2005,NORTH DAKOTA,62.70,75.30,82.40,79.60,74.10,57.10
2006,NORTH DAKOTA,68.60,78.10,89.50,83.40,68.50,51.20
2007,NORTH DAKOTA,68.10,77.10,86.50,79.20,72.20,57.70
2008,NORTH DAKOTA,65.00,72.70,83.10,82.40,69.90,56.30
2009,NORTH DAKOTA,65.30,72.90,76.90,77.10,76.80,44.80
2010,NORTH DAKOTA,63.20,74.00,81.30,81.90,65.60,61.00
2011,NORTH DAKOTA,61.20,73.00,82.60,81.10,72.30,60.40
2012,NORTH DAKOTA,68.00,78.30,87.30,82.30,74.60,51.10
2013,NORTH DAKOTA,65.70,74.30,80.50,81.60,74.50,51.30
2014,NORTH DAKOTA,65.80,73.00,79.00,77.80,70.70,58.40
2015,NORTH DAKOTA,64.90,77.00,82.30,82.30,76.00,59.70
2016,NORTH DAKOTA,70.20,78.60,81.20,81.60,70.30,56.50
2017,NORTH DAKOTA,68.70,78.30,86.70,78.40,70.70,58.10
2018,NORTH DAKOTA,74.40,79.50,82.10,82.10,66.90,49.80
2019,NORTH DAKOTA,62.00,76.60,81.10,77.60,68.60,46.30
2020,NORTH DAKOTA,65.00,80.50,83.00,82.90,,
1895,OHIO,73.60,85.00,84.10,85.90,80.70,58.20
1896,OHIO,79.60,80.50,82.90,82.20,72.80,58.60
1897,OHIO,68.00,79.20,86.20,80.40,82.30,70.90
1898,OHIO,71.80,83.30,87.30,83.20,79.40,62.90
1899,OHIO,74.40,83.30,86.00,86.20,75.80,69.00
1900,OHIO,76.00,80.60,85.30,87.70,80.90,72.30
1901,OHIO,70.50,82.40,89.80,83.70,76.00,66.50
1902,OHIO,75.90,78.20,85.50,80.80,75.10,65.40
1903,OHIO,76.90,74.40,84.60,82.60,79.50,64.50
1904,OHIO,72.20,78.90,82.70,81.40,77.10,63.80
1905,OHIO,72.30,80.30,83.70,82.50,77.00,62.70
1906,OHIO,73.90,80.80,83.40,84.90,80.40,61.80
1907,OHIO,66.30,76.00,83.60,80.20,75.80,59.50
1908,OHIO,73.00,81.40,85.70,83.60,83.80,66.80
1909,OHIO,70.10,80.40,81.80,83.30,75.00,59.80
1910,OHIO,66.90,77.40,84.90,84.30,77.10,67.50
1911,OHIO,80.30,82.20,86.90,83.20,77.80,62.50
1912,OHIO,74.00,78.60,83.70,78.70,78.20,66.40
1913,OHIO,72.40,83.20,86.40,85.50,75.90,63.20
1914,OHIO,74.80,83.70,86.70,84.20,75.70,66.40
1915,OHIO,68.40,77.20,81.60,76.00,77.20,65.50
1916,OHIO,72.80,75.10,88.90,85.80,75.60,65.80
1917,OHIO,64.10,77.70,82.70,82.10,74.10,56.30
1918,OHIO,78.00,80.60,83.70,88.20,69.20,67.10
1919,OHIO,69.20,85.50,87.60,81.50,78.70,68.20
1920,OHIO,69.90,79.60,81.50,79.60,77.40,70.60
1921,OHIO,73.10,84.70,89.40,81.20,80.10,63.80
1922,OHIO,75.10,82.00,83.80,82.00,80.40,67.10
1923,OHIO,71.30,82.80,84.70,81.40,75.40,61.50
1924,OHIO,65.00,78.30,81.90,83.30,70.80,68.70
1925,OHIO,68.30,84.50,82.70,83.40,80.50,52.30
1926,OHIO,73.90,77.40,84.40,83.20,75.80,61.60
1927,OHIO,69.90,75.30,83.90,76.80,80.10,68.60
1928,OHIO,71.60,74.10,84.30,84.20,72.90,67.20
1929,OHIO,69.80,78.90,84.00,79.50,76.50,61.10
1930,OHIO,74.60,82.90,89.60,84.50,79.00,61.50
1931,OHIO,70.50,82.40,89.20,82.10,80.60,67.20
1932,OHIO,74.00,82.40,85.40,85.10,77.70,63.70
1933,OHIO,73.00,87.30,87.00,82.50,79.10,62.60
1934,OHIO,78.00,88.60,90.70,82.50,78.30,65.60
1935,OHIO,67.20,77.60,87.00,82.10,75.50,64.80
1936,OHIO,76.70,83.40,89.90,86.80,80.20,63.20
1937,OHIO,71.60,79.40,83.90,84.60,74.60,60.00
1938,OHIO,72.50,79.00,84.40,85.20,75.50,68.60
1939,OHIO,76.40,82.30,83.20,83.60,83.20,67.20
1940,OHIO,69.50,80.60,85.60,83.00,74.60,65.40
1941,OHIO,76.80,81.30,86.30,83.10,81.10,67.00
1942,OHIO,73.40,81.50,85.30,80.80,75.50,64.90
1943,OHIO,70.80,85.30,84.90,83.00,74.50,62.60
1944,OHIO,78.80,84.90,87.80,85.00,76.30,63.90
1945,OHIO,67.20,78.30,83.30,83.30,77.90,62.40
1946,OHIO,68.80,80.10,85.00,78.30,78.80,69.90
1947,OHIO,68.80,78.60,79.80,87.10,77.00,72.70
1948,OHIO,70.20,81.10,85.00,83.80,78.10,60.10
1949,OHIO,74.90,84.80,87.70,83.80,71.50,69.40
1950,OHIO,73.60,79.40,81.60,80.50,73.20,67.80
1951,OHIO,74.10,80.10,84.70,82.70,75.60,68.40
1952,OHIO,70.50,86.10,88.40,83.30,77.90,60.90
1953,OHIO,74.60,84.60,86.30,85.20,79.20,70.30
1954,OHIO,68.10,83.50,86.20,81.10,79.70,64.50
1955,OHIO,75.00,78.00,88.20,86.00,79.90,64.60
1956,OHIO,71.20,80.40,81.90,81.40,73.50,69.40
1957,OHIO,72.80,81.10,84.60,83.20,76.00,59.80
1958,OHIO,71.70,76.20,82.00,80.70,74.50,64.40
1959,OHIO,76.40,81.80,84.90,86.30,80.30,63.40
1960,OHIO,68.50,79.30,82.30,83.20,78.80,64.90
1961,OHIO,67.70,78.40,82.60,82.00,80.70,66.80
1962,OHIO,78.60,81.70,82.00,83.90,72.50,65.00
1963,OHIO,70.50,81.90,84.20,79.20,76.30,74.80
1964,OHIO,75.80,81.60,85.40,81.70,77.40,63.60
1965,OHIO,78.80,80.60,83.20,81.00,76.80,61.30
1966,OHIO,68.00,83.20,86.60,81.30,72.80,61.40
1967,OHIO,66.10,83.20,81.50,79.20,73.40,63.40
1968,OHIO,67.10,80.60,83.80,82.90,76.20,64.40
1969,OHIO,73.10,78.70,83.70,83.00,74.30,64.30
1970,OHIO,76.10,80.60,83.40,83.40,80.10,65.40
1971,OHIO,69.60,84.10,82.00,80.80,77.40,70.60
1972,OHIO,73.40,75.00,82.40,80.90,75.50,58.40
1973,OHIO,67.10,82.20,83.40,82.60,78.70,68.00
1974,OHIO,70.20,76.70,85.00,81.70,70.80,62.40
1975,OHIO,75.80,80.20,84.10,83.70,69.60,65.20
1976,OHIO,69.90,81.10,82.50,79.40,73.30,57.10
1977,OHIO,79.20,78.50,86.40,80.80,76.80,60.80
1978,OHIO,69.00,80.70,82.30,81.80,79.90,61.50
1979,OHIO,71.00,79.70,80.60,79.30,75.20,61.20
1980,OHIO,73.10,78.50,84.90,84.10,78.00,60.10
1981,OHIO,68.70,80.40,83.20,81.10,72.60,61.80
1982,OHIO,78.50,76.40,84.40,79.60,73.70,66.20
1983,OHIO,68.30,80.80,87.30,87.00,78.50,63.80
1984,OHIO,67.40,83.80,81.60,82.60,73.80,67.40
1985,OHIO,74.30,76.70,82.90,80.00,78.00,66.50
1986,OHIO,73.10,80.60,84.50,80.60,77.60,64.60
1987,OHIO,77.20,82.50,85.30,83.40,76.50,59.30
1988,OHIO,74.40,84.10,88.70,85.80,74.90,56.90
1989,OHIO,67.00,78.70,83.50,80.60,73.60,65.10
1990,OHIO,67.20,78.90,81.90,80.10,74.60,64.20
1991,OHIO,79.00,84.00,86.00,84.00,76.20,66.70
1992,OHIO,70.20,76.10,81.00,77.50,74.00,62.00
1993,OHIO,72.90,78.60,85.20,85.10,72.30,62.40
1994,OHIO,68.40,83.50,83.40,79.60,75.00,65.80
1995,OHIO,69.40,81.20,84.80,86.40,74.20,66.00
1996,OHIO,68.60,80.50,81.80,82.80,73.70,64.60
1997,OHIO,65.80,78.50,83.10,78.50,74.40,64.70
1998,OHIO,76.00,79.00,82.90,83.90,80.90,65.60
1999,OHIO,75.30,82.90,88.70,81.60,78.90,64.60
2000,OHIO,74.30,80.30,80.40,80.10,74.20,67.60
2001,OHIO,72.90,79.40,83.20,83.40,73.60,64.50
2002,OHIO,68.50,82.80,87.30,85.70,81.10,61.00
2003,OHIO,69.50,76.40,82.00,82.60,73.40,62.50
2004,OHIO,75.90,78.30,81.30,78.70,77.60,64.40
2005,OHIO,68.70,84.00,85.70,85.00,79.70,63.90
2006,OHIO,70.30,78.80,84.20,84.00,71.40,60.20
2007,OHIO,77.60,83.20,82.30,85.90,80.60,70.60
2008,OHIO,68.40,81.70,83.40,82.20,79.30,63.80
2009,OHIO,73.00,80.00,78.70,81.30,75.20,59.60
2010,OHIO,74.40,82.40,86.00,85.30,78.50,66.80
2011,OHIO,71.70,81.20,88.40,83.00,73.30,63.00
2012,OHIO,78.90,83.10,89.20,83.70,74.80,62.20
2013,OHIO,74.80,80.00,81.90,80.70,76.30,64.80
2014,OHIO,73.20,81.20,79.90,81.50,75.70,63.00
2015,OHIO,77.00,79.20,81.80,81.20,80.10,65.00
2016,OHIO,70.70,83.00,85.40,86.10,80.90,68.60
2017,OHIO,70.70,81.00,83.00,80.50,77.30,68.10
2018,OHIO,79.90,81.30,84.50,83.00,78.70,64.20
2019,OHIO,73.50,78.80,86.40,82.40,81.80,68.20
2020,OHIO,68.80,81.80,88.30,83.20,,
1895,SOUTH DAKOTA,69.00,75.20,85.20,85.30,78.20,59.20
1896,SOUTH DAKOTA,71.80,80.20,84.20,84.40,68.90,57.70
1897,SOUTH DAKOTA,72.70,77.00,85.70,79.70,83.70,62.40
1898,SOUTH DAKOTA,65.00,79.10,85.70,85.50,76.30,53.00
1899,SOUTH DAKOTA,65.90,77.90,86.40,83.80,75.50,59.60
1900,SOUTH DAKOTA,76.60,83.50,84.30,86.40,71.50,65.10
1901,SOUTH DAKOTA,75.00,76.40,91.90,85.80,69.50,64.50
1902,SOUTH DAKOTA,71.40,73.60,84.30,80.80,71.70,63.60
1903,SOUTH DAKOTA,68.40,76.50,83.50,79.70,68.70,64.60
1904,SOUTH DAKOTA,68.90,75.10,81.80,83.00,74.50,63.90
1905,SOUTH DAKOTA,63.00,73.90,79.50,84.70,78.10,55.40
1906,SOUTH DAKOTA,67.30,74.80,83.60,80.90,76.20,59.90
1907,SOUTH DAKOTA,60.90,75.70,82.30,84.20,70.80,63.90
1908,SOUTH DAKOTA,66.40,73.90,84.80,81.00,81.60,57.50
1909,SOUTH DAKOTA,67.00,77.40,82.90,87.80,75.10,60.40
1910,SOUTH DAKOTA,65.80,81.20,88.20,81.50,73.50,68.60
1911,SOUTH DAKOTA,73.90,87.40,85.60,78.80,73.30,53.70
1912,SOUTH DAKOTA,69.50,77.70,83.50,80.20,66.30,62.80
1913,SOUTH DAKOTA,65.50,82.60,84.20,87.90,75.40,56.00
1914,SOUTH DAKOTA,69.50,79.60,89.80,82.80,77.00,65.10
1915,SOUTH DAKOTA,62.50,71.40,76.30,77.10,70.20,64.00
1916,SOUTH DAKOTA,66.90,72.40,89.70,81.80,73.60,58.00
1917,SOUTH DAKOTA,64.40,75.80,89.10,82.40,73.40,53.10
1918,SOUTH DAKOTA,70.90,80.60,83.00,83.90,69.90,63.50
1919,SOUTH DAKOTA,68.50,80.00,88.10,85.60,76.20,50.50
1920,SOUTH DAKOTA,66.50,75.50,83.60,83.20,75.70,65.30
1921,SOUTH DAKOTA,67.70,85.50,88.40,84.50,73.60,65.00
1922,SOUTH DAKOTA,69.40,80.50,81.80,87.40,80.70,66.00
1923,SOUTH DAKOTA,68.90,77.60,86.10,79.20,75.10,56.50
1924,SOUTH DAKOTA,64.30,73.70,82.50,83.00,71.60,66.80
1925,SOUTH DAKOTA,70.90,76.50,85.30,87.60,77.30,46.30
1926,SOUTH DAKOTA,75.80,78.40,87.20,83.60,70.40,61.20
1927,SOUTH DAKOTA,62.80,75.80,81.50,79.30,74.50,66.50
1928,SOUTH DAKOTA,75.20,73.10,84.10,84.50,72.80,60.30
1929,SOUTH DAKOTA,67.00,77.20,88.50,88.30,66.90,60.70
1930,SOUTH DAKOTA,65.50,78.80,93.00,85.90,75.20,55.20
1931,SOUTH DAKOTA,69.70,87.70,91.90,85.60,81.80,63.20
1932,SOUTH DAKOTA,71.90,80.10,88.80,85.60,75.90,55.30
1933,SOUTH DAKOTA,65.90,91.40,92.20,82.90,80.30,63.60
1934,SOUTH DAKOTA,85.50,83.90,92.40,86.40,70.20,65.70
1935,SOUTH DAKOTA,60.20,75.40,93.20,86.70,78.40,61.50
1936,SOUTH DAKOTA,76.60,86.10,100.50,90.50,79.50,61.10
1937,SOUTH DAKOTA,72.40,76.90,89.70,92.40,77.60,60.70
1938,SOUTH DAKOTA,65.90,81.00,88.20,90.90,78.40,68.90
1939,SOUTH DAKOTA,78.00,78.10,91.70,86.40,80.90,60.80
1940,SOUTH DAKOTA,71.50,81.20,91.50,83.90,80.70,68.40
1941,SOUTH DAKOTA,75.70,77.30,88.50,86.80,73.30,58.90
1942,SOUTH DAKOTA,62.60,74.10,84.20,83.70,69.60,62.20
1943,SOUTH DAKOTA,67.00,76.70,88.90,87.40,74.30,65.40
1944,SOUTH DAKOTA,73.50,76.20,83.60,82.50,74.00,66.20
1945,SOUTH DAKOTA,65.30,69.00,85.60,84.80,72.50,65.00
1946,SOUTH DAKOTA,65.00,79.40,87.30,81.80,72.50,54.70
1947,SOUTH DAKOTA,66.80,73.50,86.90,91.20,76.70,69.10
1948,SOUTH DAKOTA,69.60,75.40,85.50,85.50,81.10,63.20
1949,SOUTH DAKOTA,73.20,81.40,90.10,88.60,72.70,59.00
1950,SOUTH DAKOTA,64.10,80.20,81.40,81.20,72.40,65.60
1951,SOUTH DAKOTA,69.40,70.80,82.60,80.00,67.60,56.70
1952,SOUTH DAKOTA,69.50,83.30,87.50,84.30,80.90,62.00
1953,SOUTH DAKOTA,65.30,79.00,84.40,84.30,77.40,69.30
1954,SOUTH DAKOTA,65.80,76.70,90.30,84.20,73.60,57.00
1955,SOUTH DAKOTA,75.40,75.00,90.90,89.80,76.40,65.30
1956,SOUTH DAKOTA,69.20,87.50,84.10,82.40,76.00,68.80
1957,SOUTH DAKOTA,64.70,75.40,88.70,82.90,71.40,56.20
1958,SOUTH DAKOTA,75.80,74.00,80.40,88.70,78.40,65.30
1959,SOUTH DAKOTA,67.50,84.50,88.50,90.30,72.40,55.00
1960,SOUTH DAKOTA,70.00,75.70,89.50,85.80,76.00,64.40
1961,SOUTH DAKOTA,66.00,83.60,86.10,89.10,69.60,63.00
1962,SOUTH DAKOTA,69.20,75.20,80.30,84.40,73.20,64.80
1963,SOUTH DAKOTA,69.50,81.60,87.00,85.40,76.70,71.50
1964,SOUTH DAKOTA,72.40,79.20,89.70,81.90,73.20,64.20
1965,SOUTH DAKOTA,69.80,76.20,84.80,83.40,60.30,66.40
1966,SOUTH DAKOTA,70.90,80.40,91.00,80.00,72.80,62.30
1967,SOUTH DAKOTA,63.70,73.70,85.00,85.00,75.20,60.80
1968,SOUTH DAKOTA,64.50,78.10,84.20,82.40,73.50,63.20
1969,SOUTH DAKOTA,73.30,73.10,84.10,89.00,78.30,52.20
1970,SOUTH DAKOTA,71.40,82.00,89.20,87.90,75.40,58.00
1971,SOUTH DAKOTA,67.20,80.90,83.80,89.30,72.90,59.40
1972,SOUTH DAKOTA,68.50,78.70,82.30,83.80,74.60,57.60
1973,SOUTH DAKOTA,69.80,80.80,87.00,89.80,69.40,64.30
1974,SOUTH DAKOTA,67.20,81.00,92.80,81.50,73.60,65.80
1975,SOUTH DAKOTA,69.60,77.00,90.60,84.60,72.30,63.80
1976,SOUTH DAKOTA,71.50,83.10,89.80,89.00,78.80,57.50
1977,SOUTH DAKOTA,76.30,82.60,88.30,79.70,73.20,60.10
1978,SOUTH DAKOTA,68.80,79.70,84.10,84.70,80.60,63.80
1979,SOUTH DAKOTA,66.20,79.00,83.30,80.70,80.60,62.20
1980,SOUTH DAKOTA,74.10,82.40,90.80,83.60,76.50,59.60
1981,SOUTH DAKOTA,68.00,79.30,86.10,82.90,77.60,58.50
1982,SOUTH DAKOTA,66.90,73.70,86.40,84.20,72.70,57.80
1983,SOUTH DAKOTA,65.60,76.80,88.70,91.40,75.50,60.00
1984,SOUTH DAKOTA,67.90,77.50,86.00,88.10,70.20,58.50
1985,SOUTH DAKOTA,76.40,76.00,88.60,80.20,67.60,59.80
1986,SOUTH DAKOTA,68.60,81.10,85.70,81.50,66.40,60.10
1987,SOUTH DAKOTA,74.10,83.60,88.40,80.20,75.10,59.20
1988,SOUTH DAKOTA,74.20,90.00,89.60,87.90,74.00,60.20
1989,SOUTH DAKOTA,70.30,79.20,89.70,86.00,74.40,63.20
1990,SOUTH DAKOTA,66.40,80.30,83.90,85.30,80.10,62.20
1991,SOUTH DAKOTA,68.60,80.20,85.90,86.40,74.80,59.80
1992,SOUTH DAKOTA,74.50,75.80,74.60,77.10,74.50,61.60
1993,SOUTH DAKOTA,68.60,72.60,77.00,80.00,68.30,59.90
1994,SOUTH DAKOTA,74.00,79.80,81.80,82.50,76.30,60.50
1995,SOUTH DAKOTA,62.80,76.70,84.60,86.80,73.10,57.50
1996,SOUTH DAKOTA,61.90,79.60,82.80,85.40,70.60,60.20
1997,SOUTH DAKOTA,65.50,80.20,83.00,81.40,76.80,63.50
1998,SOUTH DAKOTA,72.20,72.90,85.60,84.70,81.70,59.00
1999,SOUTH DAKOTA,67.60,76.40,85.90,84.70,70.60,62.10
2000,SOUTH DAKOTA,71.10,77.40,85.90,87.20,77.90,62.60
2001,SOUTH DAKOTA,70.10,78.00,86.80,87.70,75.50,61.00
2002,SOUTH DAKOTA,66.20,84.60,91.40,83.80,76.20,49.60
2003,SOUTH DAKOTA,66.80,75.80,88.70,89.20,74.70,66.20
2004,SOUTH DAKOTA,68.60,74.80,83.80,79.80,76.10,61.10
2005,SOUTH DAKOTA,66.20,78.90,88.50,85.00,80.30,62.70
2006,SOUTH DAKOTA,72.20,83.20,93.60,85.70,68.70,57.10
2007,SOUTH DAKOTA,72.80,80.60,90.40,83.30,76.80,62.60
2008,SOUTH DAKOTA,65.10,75.90,86.00,84.50,74.30,59.30
2009,SOUTH DAKOTA,69.90,74.60,80.40,80.50,75.90,47.60
2010,SOUTH DAKOTA,65.40,77.10,85.00,87.10,72.20,65.20
2011,SOUTH DAKOTA,63.80,76.30,87.70,84.70,74.80,64.60
2012,SOUTH DAKOTA,71.80,84.40,93.10,86.60,79.80,58.30
2013,SOUTH DAKOTA,68.50,77.20,84.50,83.80,79.50,54.40
2014,SOUTH DAKOTA,67.80,75.60,82.40,80.50,73.80,64.00
2015,SOUTH DAKOTA,65.40,79.40,85.10,82.90,79.60,64.00
2016,SOUTH DAKOTA,70.30,84.90,86.60,84.50,75.20,64.60
2017,SOUTH DAKOTA,69.30,82.60,91.00,80.30,75.20,61.50
2018,SOUTH DAKOTA,75.10,81.10,84.60,83.50,73.30,54.60
2019,SOUTH DAKOTA,60.80,78.80,83.60,79.30,75.00,50.80
2020,SOUTH DAKOTA,65.80,83.20,87.00,87.00,,
