Year,State,Zndx1_May,Zndx1_Jun,Zndx1_Jul,Zndx1_Aug,Zndx1_Sep,Zndx1_Oct
1895,ILLINOIS,-2.10,-2.15,2.00,-1.32,-0.95,-2.12
1896,ILLINOIS,0.74,0.04,3.27,-0.18,3.26,-0.34
1897,ILLINOIS,-1.89,0.68,-0.25,-2.77,-3.80,-4.04
1898,ILLINOIS,2.29,0.39,-0.54,1.11,1.56,2.18
1899,ILLINOIS,1.79,-1.89,-0.24,-1.38,-1.57,-0.36
1900,ILLINOIS,-0.28,0.57,1.19,0.61,0.10,-0.86
1901,ILLINOIS,-2.19,-1.34,-3.02,-3.07,-2.45,-1.90
1902,ILLINOIS,-0.74,5.46,2.06,2.74,2.30,0.33
1903,ILLINOIS,-1.13,-0.55,0.09,1.59,0.83,-0.10
1904,ILLINOIS,-0.55,-0.65,1.57,1.68,2.49,-1.49
1905,ILLINOIS,0.41,-0.76,2.10,0.47,0.00,2.12
1906,ILLINOIS,-1.75,-0.93,-1.51,0.10,1.22,-1.19
1907,ILLINOIS,0.86,1.01,3.09,3.59,0.32,-0.05
1908,ILLINOIS,4.08,-1.09,-0.28,-1.43,-3.07,-3.12
1909,ILLINOIS,0.41,0.15,1.83,-1.65,0.80,0.44
1910,ILLINOIS,1.76,-1.74,0.40,-0.83,1.37,0.43
1911,ILLINOIS,-3.19,-2.61,-2.47,0.18,5.84,0.92
1912,ILLINOIS,-0.54,-0.48,0.93,0.83,-0.56,0.73
1913,ILLINOIS,-1.13,-2.00,-2.63,-2.76,-1.06,0.68
1914,ILLINOIS,-2.29,-2.40,-3.72,-1.31,0.09,-0.54
1915,ILLINOIS,3.06,1.45,4.44,4.98,2.08,-1.29
1916,ILLINOIS,0.62,2.39,-3.53,0.19,-0.50,-0.12
1917,ILLINOIS,1.08,2.18,-0.47,-0.48,-0.49,1.09
1918,ILLINOIS,0.65,-0.53,-0.95,-0.28,1.45,0.38
1919,ILLINOIS,1.72,0.37,-2.31,-1.05,-0.35,4.18
1920,ILLINOIS,1.07,-2.19,-1.42,-0.81,-1.33,-1.88
1921,ILLINOIS,-2.46,-1.10,-3.22,1.56,2.92,-0.30
1922,ILLINOIS,-1.06,-3.24,-0.42,-2.74,-2.57,-1.61
1923,ILLINOIS,0.61,-0.71,-1.88,1.38,0.87,1.61
1924,ILLINOIS,0.31,3.67,0.38,2.71,0.99,-1.82
1925,ILLINOIS,-2.47,0.21,-0.85,-1.36,0.69,2.18
1926,ILLINOIS,-2.25,0.44,-0.13,1.23,7.56,2.46
1927,ILLINOIS,3.39,0.41,0.18,0.74,2.00,1.46
1928,ILLINOIS,-1.68,4.16,0.39,0.31,-0.47,1.44
1929,ILLINOIS,2.40,1.37,1.55,-0.37,-0.26,1.25
1930,ILLINOIS,-2.58,-0.90,-4.08,-3.17,-0.74,-1.23
1931,ILLINOIS,0.76,-1.43,-1.63,0.28,0.70,0.34
1932,ILLINOIS,-2.05,-0.52,-0.85,2.45,-0.25,1.38
1933,ILLINOIS,4.12,-3.93,-2.56,-1.75,-1.00,-0.39
1934,ILLINOIS,-4.36,-2.99,-2.73,-0.58,3.47,-1.46
1935,ILLINOIS,4.88,2.59,-0.34,-1.28,-0.13,-1.03
1936,ILLINOIS,-2.81,-3.12,-5.27,-3.34,2.56,0.27
1937,ILLINOIS,-1.02,1.41,-0.34,-1.54,-1.16,0.95
1938,ILLINOIS,1.23,1.64,1.48,0.13,-0.10,-2.06
1939,ILLINOIS,-2.29,0.97,-0.18,1.84,-3.57,-1.31
1940,ILLINOIS,-0.25,-1.23,-2.74,0.37,-3.48,-1.79
1941,ILLINOIS,-1.57,0.17,-1.14,-1.47,1.48,7.03
1942,ILLINOIS,0.25,1.82,1.59,0.81,0.48,-0.54
1943,ILLINOIS,5.32,-0.52,-1.02,-1.19,-0.93,-1.06
1944,ILLINOIS,-0.48,-2.36,-2.56,-0.43,-0.96,-2.42
1945,ILLINOIS,2.16,3.74,-2.12,-0.04,5.07,-0.13
1946,ILLINOIS,2.63,0.52,-1.30,3.13,-1.00,0.02
1947,ILLINOIS,0.84,3.16,-1.40,-2.49,-0.17,-0.98
1948,ILLINOIS,-0.10,0.06,2.70,-1.58,-0.74,-0.72
1949,ILLINOIS,-1.81,-0.10,0.40,-0.74,0.02,2.09
1950,ILLINOIS,-1.91,1.83,0.90,0.82,0.72,-1.92
1951,ILLINOIS,-1.12,2.68,1.93,1.21,1.04,1.10
1952,ILLINOIS,-0.55,0.14,-0.50,-0.39,-1.75,-2.19
1953,ILLINOIS,-1.24,-1.59,-0.57,-3.47,-2.83,-2.66
1954,ILLINOIS,-0.83,-0.89,-1.71,1.54,-2.21,2.27
1955,ILLINOIS,-0.28,0.37,-0.76,-1.65,-1.11,1.66
1956,ILLINOIS,-0.25,-1.91,1.10,0.88,-2.44,-3.36
1957,ILLINOIS,2.29,2.79,0.58,-0.50,-1.74,0.93
1958,ILLINOIS,-1.53,3.20,6.02,0.42,0.00,-1.19
1959,ILLINOIS,-0.33,-3.11,-0.78,0.23,0.41,1.65
1960,ILLINOIS,1.06,2.24,-0.30,-0.45,-2.12,-0.53
1961,ILLINOIS,1.85,-0.52,2.81,0.18,4.68,0.89
1962,ILLINOIS,-0.59,-0.78,1.70,-0.99,-0.76,0.17
1963,ILLINOIS,-1.02,-2.48,1.33,-0.46,-2.45,-3.71
1964,ILLINOIS,-3.05,-0.94,-1.02,-1.71,-1.08,-3.27
1965,ILLINOIS,-2.14,-0.34,-0.18,3.50,4.60,-0.42
1966,ILLINOIS,1.10,-1.66,-2.41,-1.09,0.31,-1.07
1967,ILLINOIS,0.52,0.08,1.89,0.05,0.18,3.15
1968,ILLINOIS,1.40,0.03,0.04,-0.59,0.66,-1.91
1969,ILLINOIS,-1.33,2.61,3.43,-1.19,0.94,4.10
1970,ILLINOIS,0.93,2.31,-0.36,0.50,5.09,1.78
1971,ILLINOIS,-0.42,-1.80,1.80,-1.88,-0.62,-2.42
1972,ILLINOIS,-1.95,0.07,0.43,2.54,2.28,0.81
1973,ILLINOIS,1.43,2.35,1.21,-1.33,0.63,0.84
1974,ILLINOIS,3.41,2.70,-2.34,1.15,-0.04,-1.13
1975,ILLINOIS,-0.43,-0.07,-0.06,2.02,0.10,-1.08
1976,ILLINOIS,-0.03,-1.16,-0.39,-1.75,-1.21,0.79
1977,ILLINOIS,-2.18,-0.54,-0.47,4.36,2.08,2.50
1978,ILLINOIS,1.08,-1.12,1.24,-0.07,-0.98,-0.90
1979,ILLINOIS,-1.76,-1.56,2.32,2.06,-3.04,-1.24
1980,ILLINOIS,-1.40,0.66,-1.03,1.64,1.51,-0.06
1981,ILLINOIS,2.92,1.58,3.78,3.84,0.52,0.97
1982,ILLINOIS,-0.32,0.50,2.93,0.86,0.09,0.37
1983,ILLINOIS,2.06,-0.16,-2.35,-2.74,-1.55,1.59
1984,ILLINOIS,1.37,-2.19,-0.71,-2.81,1.12,1.90
1985,ILLINOIS,-1.29,0.88,-0.16,2.64,-1.58,1.27
1986,ILLINOIS,0.13,-0.20,2.36,-0.67,3.32,3.19
1987,ILLINOIS,-2.52,-1.56,0.06,1.95,-1.56,-1.37
1988,ILLINOIS,-2.94,-4.23,-2.75,-2.97,-2.15,-0.51
1989,ILLINOIS,-0.26,-0.92,0.03,0.57,2.15,-1.15
1990,ILLINOIS,4.67,2.85,0.98,1.15,-1.49,1.99
1991,ILLINOIS,0.02,-3.31,-2.64,-1.93,-0.86,2.92
1992,ILLINOIS,-2.89,-2.60,4.50,-1.07,1.97,-1.16
1993,ILLINOIS,-0.99,3.49,3.73,2.68,6.50,1.04
1994,ILLINOIS,-1.85,-0.28,-1.06,0.31,-1.12,-1.38
1995,ILLINOIS,5.58,-0.63,-0.93,-0.05,-2.22,-0.23
1996,ILLINOIS,4.10,0.32,1.44,-1.40,-0.15,-0.49
1997,ILLINOIS,0.63,-0.11,-1.56,1.82,-1.08,-1.16
1998,ILLINOIS,-0.01,4.27,0.04,-0.03,-1.68,1.34
1999,ILLINOIS,-0.71,1.42,-1.05,-0.59,-1.27,-1.50
2000,ILLINOIS,-0.07,4.14,1.41,0.66,1.01,-0.69
2001,ILLINOIS,-0.08,0.07,0.31,0.79,0.45,4.15
2002,ILLINOIS,4.03,-0.30,-1.58,0.40,-2.03,0.21
2003,ILLINOIS,1.73,0.32,1.96,-0.83,1.53,-0.52
2004,ILLINOIS,2.36,-0.72,0.98,2.98,-2.74,2.35
2005,ILLINOIS,-2.34,-3.27,-1.49,-0.80,-0.79,-2.57
2006,ILLINOIS,-0.54,-1.15,0.24,0.55,0.47,1.63
2007,ILLINOIS,-2.82,-0.39,-0.45,0.18,-2.73,-0.30
2008,ILLINOIS,1.88,1.54,3.14,-1.01,5.45,0.74
2009,ILLINOIS,1.64,1.18,2.04,2.68,-0.31,7.90
2010,ILLINOIS,1.14,3.89,2.06,-0.06,0.68,-1.62
2011,ILLINOIS,1.34,2.99,-0.38,-2.07,0.45,-1.34
2012,ILLINOIS,-2.65,-3.16,-4.82,-1.13,1.42,1.19
2013,ILLINOIS,2.48,1.60,-0.05,-2.16,-2.35,0.27
2014,ILLINOIS,-1.07,3.01,0.46,2.74,1.81,2.76
2015,ILLINOIS,1.04,6.41,2.32,0.36,0.16,-1.31
2016,ILLINOIS,0.33,-1.48,3.78,4.46,0.53,-0.21
2017,ILLINOIS,1.25,-1.09,1.26,-0.82,-3.30,1.77
2018,ILLINOIS,-1.61,2.06,0.00,1.94,1.72,1.66
2019,ILLINOIS,4.43,1.49,-0.74,1.02,1.52,3.12
2020,ILLINOIS,1.54,-0.81,1.82,-1.64,,
1895,INDIANA,-2.88,-2.36,-0.90,-2.49,-2.11,-2.62
1896,INDIANA,-0.91,0.56,5.40,2.94,3.70,-0.11
1897,INDIANA,-0.51,0.37,-0.90,-2.34,-4.01,-3.48
1898,INDIANA,0.25,-0.62,-1.39,-0.10,1.02,2.39
1899,INDIANA,-0.84,-1.74,-1.03,-1.79,-1.99,-1.02
1900,INDIANA,-0.37,2.10,1.38,-0.30,-1.74,-1.45
1901,INDIANA,-1.42,0.05,-4.34,-1.78,-2.69,-0.35
1902,INDIANA,-0.30,5.05,-0.11,-1.03,2.68,0.29
1903,INDIANA,-1.44,0.46,-0.15,1.18,-1.54,0.00
1904,INDIANA,-0.91,-0.99,-0.46,-0.91,0.48,-2.06
1905,INDIANA,1.62,-0.31,1.03,1.93,0.87,3.03
1906,INDIANA,-2.16,-0.92,-0.87,1.20,0.62,-0.97
1907,INDIANA,0.17,1.61,1.91,1.74,0.52,1.16
1908,INDIANA,1.93,-2.35,-1.70,-2.81,-3.87,-4.05
1909,INDIANA,0.87,1.67,2.44,0.41,0.25,2.22
1910,INDIANA,0.39,-1.97,2.38,-0.96,2.40,3.27
1911,INDIANA,-2.58,-0.91,-2.98,-0.99,2.84,1.85
1912,INDIANA,-0.01,-0.93,1.73,3.44,0.76,-0.09
1913,INDIANA,-1.43,-2.64,-1.55,-1.25,-1.05,0.12
1914,INDIANA,-1.98,-2.80,-3.67,0.68,-1.26,-1.64
1915,INDIANA,1.70,-0.42,3.76,5.39,1.45,-0.36
1916,INDIANA,0.21,3.99,-2.32,-0.92,-0.34,-1.08
1917,INDIANA,1.73,2.31,-0.34,-0.68,-1.39,2.99
1918,INDIANA,-0.17,-0.69,-0.70,-1.15,2.24,0.13
1919,INDIANA,0.96,-0.97,-2.91,-1.77,-1.81,5.09
1920,INDIANA,-0.41,-0.96,0.23,-0.13,-0.85,-1.56
1921,INDIANA,-2.31,-1.83,-3.62,2.22,1.94,0.10
1922,INDIANA,-1.16,-2.90,-0.81,-2.44,-2.77,-1.14
1923,INDIANA,1.39,-1.06,-0.29,1.87,0.35,0.96
1924,INDIANA,0.95,3.18,-1.90,0.45,1.24,-3.06
1925,INDIANA,-2.61,-0.96,0.24,-1.68,1.65,2.07
1926,INDIANA,-1.61,-0.74,-0.99,3.17,6.58,3.33
1927,INDIANA,3.40,0.14,-0.46,0.36,1.72,-0.18
1928,INDIANA,-1.16,4.43,-0.21,0.53,-1.59,0.36
1929,INDIANA,3.63,0.87,0.77,-0.29,0.09,1.77
1930,INDIANA,-2.76,-1.88,-3.63,-2.96,-0.38,-2.30
1931,INDIANA,-0.88,-0.85,-1.54,0.96,1.26,0.54
1932,INDIANA,-3.08,-0.10,-1.06,-0.39,3.26,1.96
1933,INDIANA,3.96,-4.35,-2.94,-1.67,0.98,-0.48
1934,INDIANA,-3.94,-2.04,-3.58,0.53,2.62,-3.04
1935,INDIANA,3.58,1.24,-0.52,-0.42,-0.51,-1.26
1936,INDIANA,-2.77,-3.70,-5.13,-2.68,0.68,1.16
1937,INDIANA,-0.63,0.89,0.02,0.08,0.44,2.88
1938,INDIANA,1.40,1.79,1.85,-0.13,-0.10,-2.40
1939,INDIANA,-3.30,2.03,0.24,-0.99,-3.77,-0.96
1940,INDIANA,0.66,-0.94,-3.23,-2.08,-2.77,-1.93
1941,INDIANA,-2.56,1.23,-1.84,-2.10,-2.25,3.51
1942,INDIANA,-0.39,1.88,0.59,1.06,0.14,-0.86
1943,INDIANA,4.91,-1.37,0.40,-1.47,0.27,-1.61
1944,INDIANA,-0.68,-3.32,-3.60,-0.47,-1.63,-2.89
1945,INDIANA,1.23,3.59,-0.10,0.44,4.19,1.16
1946,INDIANA,2.02,0.40,-1.23,0.24,-2.34,-0.86
1947,INDIANA,1.60,1.69,-0.10,-0.53,1.05,-1.23
1948,INDIANA,0.00,0.46,1.18,-1.77,-0.82,-0.63
1949,INDIANA,-1.10,1.06,-0.45,-0.05,-0.03,2.19
1950,INDIANA,-1.40,2.14,0.67,0.87,3.42,-0.78
1951,INDIANA,-1.13,0.97,0.49,-0.86,-0.25,-0.30
1952,INDIANA,0.23,0.20,-2.02,-0.98,0.09,-1.92
1953,INDIANA,-0.59,-2.15,0.29,-2.49,-3.03,-3.14
1954,INDIANA,-0.83,-1.78,-1.45,1.44,-2.42,3.39
1955,INDIANA,-0.66,-0.27,0.47,-1.79,0.87,2.11
1956,INDIANA,1.33,-0.97,-0.17,-0.84,-1.97,-3.24
1957,INDIANA,1.72,3.87,0.65,-0.49,-0.40,1.27
1958,INDIANA,-0.36,5.78,5.75,1.82,1.36,-0.47
1959,INDIANA,-0.43,-2.08,-0.22,-1.53,-0.22,0.96
1960,INDIANA,0.66,2.76,-0.14,-0.20,-2.36,-1.36
1961,INDIANA,2.03,0.38,1.49,0.24,0.43,-0.34
1962,INDIANA,-0.81,-1.21,2.43,-0.10,-0.23,0.13
1963,INDIANA,-1.09,-1.97,1.70,-0.41,-2.83,-4.24
1964,INDIANA,-3.35,-0.56,-0.13,-2.26,-1.76,-3.18
1965,INDIANA,-2.74,-1.40,-0.34,0.92,2.95,0.46
1966,INDIANA,-0.20,-2.27,-1.82,-0.62,0.80,-1.37
1967,INDIANA,1.31,-1.54,-1.27,-0.99,-1.66,1.70
1968,INDIANA,3.60,0.02,0.18,1.07,-0.22,-1.49
1969,INDIANA,-0.98,1.22,2.91,-0.87,0.84,1.94
1970,INDIANA,-1.17,-0.09,0.87,-0.93,1.00,1.37
1971,INDIANA,0.32,-0.60,2.05,-0.70,1.78,-1.20
1972,INDIANA,-1.13,-0.26,-0.23,-0.03,4.03,1.02
1973,INDIANA,-0.10,2.37,2.16,0.15,-1.67,-0.50
1974,INDIANA,2.64,0.79,-3.15,2.18,2.21,-0.71
1975,INDIANA,-1.08,1.29,-1.52,2.57,0.26,0.19
1976,INDIANA,-0.47,1.43,0.13,-0.82,0.11,1.16
1977,INDIANA,-2.89,-0.15,-0.89,4.58,1.02,1.98
1978,INDIANA,0.31,-1.01,1.69,2.91,-2.16,0.38
1979,INDIANA,-0.80,-0.06,5.84,4.56,-0.92,0.77
1980,INDIANA,-1.11,1.93,-0.02,2.32,0.18,0.24
1981,INDIANA,4.01,0.38,1.59,1.55,0.92,0.69
1982,INDIANA,-0.34,1.02,0.01,0.85,-0.20,-1.27
1983,INDIANA,3.19,-0.97,-2.63,-2.77,-2.53,2.61
1984,INDIANA,1.35,-2.92,-0.11,-2.17,1.01,0.59
1985,INDIANA,-0.73,-0.18,-0.68,3.06,-1.26,1.09
1986,INDIANA,0.65,0.32,2.00,-0.39,1.86,2.49
1987,INDIANA,-1.65,0.19,1.74,-0.11,-1.61,-0.78
1988,INDIANA,-3.11,-4.71,-1.07,-2.34,-1.22,0.39
1989,INDIANA,1.68,-0.31,2.04,1.84,3.14,0.20
1990,INDIANA,4.08,0.80,1.72,3.20,0.01,3.90
1991,INDIANA,-1.19,-3.62,-2.77,-1.29,-1.62,1.57
1992,INDIANA,-1.57,-0.85,6.15,0.62,2.81,0.23
1993,INDIANA,-0.77,2.42,0.61,1.58,4.94,2.37
1994,INDIANA,-1.16,-0.16,-0.46,0.41,-0.79,-2.02
1995,INDIANA,3.61,-0.17,-1.33,0.12,-2.50,-0.49
1996,INDIANA,3.93,1.26,2.19,-1.94,2.72,0.08
1997,INDIANA,2.48,2.09,-0.86,1.29,-0.76,-1.30
1998,INDIANA,-0.28,4.56,1.74,0.65,-2.74,0.57
1999,INDIANA,-1.45,-0.13,-2.07,-1.95,-2.73,-1.82
2000,INDIANA,0.00,2.78,0.63,1.92,2.59,0.25
2001,INDIANA,-0.20,0.36,2.33,1.25,1.56,7.03
2002,INDIANA,3.67,-1.24,-2.09,-1.75,-0.20,-0.41
2003,INDIANA,2.79,-0.35,5.86,0.63,4.81,1.03
2004,INDIANA,2.50,0.72,2.24,3.13,-2.42,1.97
2005,INDIANA,-1.39,-1.48,0.33,1.31,0.75,-2.02
2006,INDIANA,1.41,0.39,1.30,2.10,2.71,4.25
2007,INDIANA,-3.36,-1.58,-1.10,0.26,-1.63,-0.27
2008,INDIANA,2.17,2.95,0.96,-1.31,0.76,-0.49
2009,INDIANA,1.59,0.71,1.65,1.29,0.21,5.79
2010,INDIANA,1.04,4.00,0.30,-2.35,-2.70,-2.89
2011,INDIANA,2.49,1.28,-1.86,-1.48,2.84,1.01
2012,INDIANA,-2.50,-3.78,-3.84,-0.13,2.11,1.31
2013,INDIANA,-0.93,2.72,-0.32,-1.82,-0.44,1.35
2014,INDIANA,-0.13,1.68,0.32,2.63,1.26,2.62
2015,INDIANA,-0.73,6.21,3.47,-0.30,-0.89,-0.37
2016,INDIANA,-0.55,-0.01,1.73,4.22,0.86,0.09
2017,INDIANA,3.10,0.39,3.04,-0.69,-1.27,1.53
2018,INDIANA,-2.09,2.50,-0.44,2.62,2.75,0.95
2019,INDIANA,1.88,2.74,-0.38,0.36,-1.70,1.45
2020,INDIANA,1.27,-0.83,0.56,-0.09,,
1895,IOWA,-0.99,-0.46,-0.20,0.60,-0.84,-1.71
1896,IOWA,2.38,-1.59,3.81,0.10,1.65,2.47
1897,IOWA,-2.10,-0.67,-1.02,-2.09,-3.23,-2.93
1898,IOWA,0.92,-0.43,-1.02,-0.72,-1.45,1.93
1899,IOWA,2.78,0.63,-0.35,-0.47,-2.75,-1.49
1900,IOWA,-1.39,-0.70,3.70,0.90,2.19,2.22
1901,IOWA,-1.87,-1.35,-3.53,-4.33,0.32,-1.06
1902,IOWA,1.23,3.89,6.68,4.58,2.66,0.80
1903,IOWA,5.65,-1.13,2.22,3.91,1.62,0.42
1904,IOWA,-0.20,-1.10,1.28,0.14,-0.53,-0.73
1905,IOWA,3.14,0.53,-0.03,0.23,0.04,1.86
1906,IOWA,-0.60,-0.65,-0.10,-0.10,0.30,-0.16
1907,IOWA,0.83,1.38,4.62,1.48,0.33,-0.03
1908,IOWA,5.47,1.59,0.34,1.67,-2.45,1.48
1909,IOWA,1.09,2.24,1.77,-2.29,0.19,0.06
1910,IOWA,-0.26,-3.12,-3.11,-0.64,-0.51,-2.79
1911,IOWA,-0.72,-4.19,-2.68,-1.31,0.56,1.65
1912,IOWA,-1.19,-1.75,-0.21,-0.08,0.54,1.14
1913,IOWA,3.28,-1.79,-2.74,-2.67,-1.13,0.59
1914,IOWA,-0.97,0.99,-1.89,-2.44,3.86,1.39
1915,IOWA,4.80,0.22,6.41,0.22,3.71,-0.67
1916,IOWA,1.24,-0.17,-3.00,-2.29,-0.23,-0.43
1917,IOWA,0.92,3.06,-1.49,-1.51,-0.89,-0.49
1918,IOWA,2.81,0.65,-0.08,-0.55,-1.27,1.29
1919,IOWA,-0.58,1.26,-1.38,-1.48,1.29,1.53
1920,IOWA,-0.48,-1.58,0.57,-0.12,-0.59,-0.93
1921,IOWA,0.11,-1.90,-2.09,0.83,2.84,-0.24
1922,IOWA,-0.94,-3.76,3.12,-1.36,-2.22,-1.59
1923,IOWA,-1.13,0.21,-2.57,1.76,2.72,-0.38
1924,IOWA,-1.74,4.63,0.87,2.54,0.86,-1.74
1925,IOWA,-2.92,2.03,-1.14,-0.64,0.95,2.20
1926,IOWA,-2.21,0.09,0.01,-0.40,6.82,0.04
1927,IOWA,1.46,-2.25,-2.24,-1.69,0.35,0.65
1928,IOWA,-1.99,1.83,1.11,3.41,0.77,2.46
1929,IOWA,-1.34,-1.67,0.43,-1.72,0.11,0.84
1930,IOWA,-0.03,1.57,-3.00,-2.59,-2.23,-0.83
1931,IOWA,-0.90,-2.30,-2.38,-1.72,1.93,0.36
1932,IOWA,-0.21,0.39,-0.75,3.55,-0.64,0.03
1933,IOWA,0.44,-4.99,-1.43,-1.69,-0.82,-1.64
1934,IOWA,-6.10,-3.29,-2.31,-2.83,0.65,-2.06
1935,IOWA,1.77,3.64,-0.97,-1.90,-0.71,0.36
1936,IOWA,-2.29,-2.15,-6.20,-3.03,1.96,-1.02
1937,IOWA,-0.06,-0.83,-1.58,-0.84,-2.94,-0.61
1938,IOWA,2.23,0.14,1.04,-0.52,2.53,-2.09
1939,IOWA,-3.23,0.04,-1.21,0.73,-3.96,-1.84
1940,IOWA,-1.95,-1.35,0.39,3.11,-2.75,-0.75
1941,IOWA,-1.78,1.90,-1.75,-2.76,3.57,4.90
1942,IOWA,1.01,1.69,2.03,-0.14,1.41,-0.47
1943,IOWA,1.13,1.54,1.21,1.75,-0.37,-0.35
1944,IOWA,2.30,1.15,0.52,2.72,-0.63,-1.37
1945,IOWA,3.78,1.08,-0.33,-0.54,0.97,-2.16
1946,IOWA,1.31,2.13,-1.22,0.15,1.86,1.50
1947,IOWA,1.32,7.16,-2.13,-4.15,-2.93,-0.09
1948,IOWA,-1.67,-1.03,0.50,-1.81,-2.57,-0.91
1949,IOWA,-1.99,0.73,-0.39,-2.13,-0.25,-1.07
1950,IOWA,1.45,1.74,1.85,-0.56,-1.07,-1.82
1951,IOWA,1.16,2.79,1.63,3.66,0.34,2.19
1952,IOWA,0.18,0.37,0.31,1.57,-2.63,-2.51
1953,IOWA,-1.71,0.32,-0.39,-2.09,-3.49,-3.75
1954,IOWA,0.76,1.82,-2.55,3.64,-1.24,2.68
1955,IOWA,-1.88,-1.46,-1.38,-3.64,-1.79,-1.98
1956,IOWA,-1.86,-3.57,-0.14,-0.33,-3.03,-2.88
1957,IOWA,1.31,0.47,-0.28,-0.07,-0.52,0.96
1958,IOWA,-2.57,-0.30,4.81,-1.02,-0.19,-1.86
1959,IOWA,4.30,-0.85,-1.28,0.47,0.82,1.53
1960,IOWA,2.71,0.10,-0.67,1.79,0.23,0.14
1961,IOWA,-1.27,-1.33,2.45,-0.67,4.59,1.64
1962,IOWA,1.13,-1.63,3.50,1.00,-0.51,0.80
1963,IOWA,-1.11,-2.88,1.73,0.01,-1.40,-3.11
1964,IOWA,-0.65,0.59,0.40,0.63,1.62,-1.86
1965,IOWA,0.49,-0.58,-0.06,0.65,7.83,-0.91
1966,IOWA,0.61,1.42,-0.58,-1.13,-2.21,-1.20
1967,IOWA,-0.68,5.11,-1.29,-0.93,-0.81,1.19
1968,IOWA,-0.81,-0.01,1.16,-0.03,1.67,2.00
1969,IOWA,-0.15,4.03,3.49,-0.82,-0.90,2.29
1970,IOWA,0.84,-1.85,-0.33,-0.07,2.78,2.97
1971,IOWA,0.08,-0.87,0.23,-2.92,-1.96,0.55
1972,IOWA,0.72,-0.86,2.93,1.20,3.10,2.36
1973,IOWA,3.17,-1.54,1.95,-1.28,3.88,0.62
1974,IOWA,3.35,0.62,-1.98,1.35,-1.56,0.58
1975,IOWA,-1.17,1.01,-3.32,0.76,-1.37,-3.28
1976,IOWA,-0.43,-1.58,-1.63,-3.26,-3.06,-1.12
1977,IOWA,-3.02,-2.87,-1.28,4.79,1.63,3.24
1978,IOWA,-0.06,-0.45,3.07,-0.01,2.26,-0.34
1979,IOWA,-0.97,-0.50,1.62,3.12,-1.58,2.15
1980,IOWA,-1.54,0.19,-1.79,4.09,-0.07,0.31
1981,IOWA,-1.29,0.91,1.84,2.36,-0.10,1.19
1982,IOWA,3.55,-0.75,3.31,1.60,0.89,2.06
1983,IOWA,1.70,1.00,-1.56,-2.81,-0.12,1.15
1984,IOWA,1.63,2.37,0.86,-3.29,-1.85,3.31
1985,IOWA,-1.86,-1.53,-1.33,0.05,1.72,1.47
1986,IOWA,2.04,-0.22,1.70,1.03,4.09,2.82
1987,IOWA,-0.80,-3.08,0.94,4.54,-0.27,-0.97
1988,IOWA,-3.48,-4.40,-3.41,-1.59,-1.29,-2.44
1989,IOWA,-1.90,-1.41,-1.37,-1.00,1.13,-0.64
1990,IOWA,2.92,4.00,3.84,1.25,-1.88,-0.24
1991,IOWA,0.95,-1.11,-1.72,-0.92,-1.21,0.58
1992,IOWA,-2.65,-3.04,6.19,-0.22,3.19,0.08
1993,IOWA,2.30,4.60,9.08,6.04,1.87,-0.19
1994,IOWA,-2.36,1.71,0.83,0.44,0.30,-0.41
1995,IOWA,3.09,-1.10,-0.28,-1.18,-0.63,-0.59
1996,IOWA,4.92,0.60,0.04,0.40,-0.16,0.75
1997,IOWA,1.15,-0.38,-0.74,-1.16,-0.87,1.05
1998,IOWA,-0.29,4.46,-0.44,1.35,-1.93,3.04
1999,IOWA,1.20,0.97,1.77,-0.18,-1.37,-1.92
2000,IOWA,-0.93,2.65,0.95,-1.20,-1.75,-1.28
2001,IOWA,3.81,-0.42,-0.74,-1.34,0.52,0.39
2002,IOWA,0.82,-1.78,0.17,2.29,-1.98,2.16
2003,IOWA,1.28,0.24,0.84,-3.39,-0.71,-2.22
2004,IOWA,4.71,-0.85,1.36,1.84,-0.69,-0.08
2005,IOWA,0.35,0.31,-0.45,-0.96,-0.95,-2.20
2006,IOWA,-1.87,-2.67,-1.57,1.51,0.91,-0.33
2007,IOWA,1.07,-1.61,-0.48,6.49,0.15,3.91
2008,IOWA,2.68,5.29,3.11,-1.39,1.01,1.82
2009,IOWA,-0.24,0.97,2.17,3.38,-1.00,6.56
2010,IOWA,0.43,6.75,5.47,1.54,3.05,-1.24
2011,IOWA,1.57,1.95,-0.70,-1.07,-1.96,-2.65
2012,IOWA,-1.28,-2.49,-4.60,-2.28,-3.21,0.16
2013,IOWA,6.13,0.48,-2.05,-3.10,-2.94,0.01
2014,IOWA,-1.02,6.08,0.38,2.94,1.96,2.04
2015,IOWA,1.50,2.22,2.78,2.78,1.23,-0.02
2016,IOWA,0.71,-1.64,2.85,3.10,3.44,0.05
2017,IOWA,1.42,-1.57,-1.17,0.12,-2.07,3.26
2018,IOWA,-0.14,3.04,-0.06,3.30,5.75,4.30
2019,IOWA,5.97,-0.78,-0.45,-0.28,2.30,4.19
2020,IOWA,1.25,-0.13,-1.05,-3.51,,
1895,KANSAS,-1.40,1.53,3.35,3.69,-1.37,-0.89
1896,KANSAS,0.46,0.56,2.30,0.34,0.82,1.46
1897,KANSAS,-1.48,-0.17,-0.07,0.70,-2.17,0.27
1898,KANSAS,3.69,1.03,1.16,0.20,1.49,0.15
1899,KANSAS,-0.78,1.69,3.70,-0.20,-1.15,-0.85
1900,KANSAS,-0.78,-0.06,0.65,-1.20,2.98,0.29
1901,KANSAS,-2.06,-2.22,-2.70,-1.34,0.07,-0.84
1902,KANSAS,1.23,1.86,1.50,3.17,1.83,0.69
1903,KANSAS,6.03,-0.30,0.44,2.69,-0.54,1.79
1904,KANSAS,2.15,3.52,4.32,2.18,0.61,-0.41
1905,KANSAS,0.94,0.03,3.21,-0.39,1.73,0.09
1906,KANSAS,-1.34,0.12,2.30,1.62,1.51,0.85
1907,KANSAS,-0.45,1.48,1.87,0.88,-0.58,1.13
1908,KANSAS,1.47,4.32,1.71,2.34,-1.06,1.99
1909,KANSAS,0.27,2.25,3.40,-0.94,0.39,-0.17
1910,KANSAS,1.48,-1.67,-1.19,1.51,-0.39,-2.31
1911,KANSAS,-2.43,-5.04,-0.83,-0.05,-0.83,-0.93
1912,KANSAS,-1.21,0.79,0.16,1.69,0.12,0.15
1913,KANSAS,-2.05,-2.11,-3.32,-5.35,1.07,-0.22
1914,KANSAS,-0.74,-1.04,-0.99,-0.49,-1.00,-0.03
1915,KANSAS,4.89,3.59,4.22,4.24,3.18,0.48
1916,KANSAS,-0.08,2.90,-1.47,-1.43,-0.84,-0.72
1917,KANSAS,-0.06,-2.18,-2.79,2.07,-0.87,-1.57
1918,KANSAS,-0.73,-3.79,-1.57,-2.49,0.02,1.84
1919,KANSAS,-0.12,1.12,-0.19,-1.67,-0.70,0.27
1920,KANSAS,-0.58,-1.15,-0.05,2.18,0.38,0.91
1921,KANSAS,-1.83,0.88,0.34,0.08,-0.04,-2.23
1922,KANSAS,0.71,-1.33,1.93,-1.64,-1.74,-1.37
1923,KANSAS,2.71,2.63,1.08,0.05,1.91,4.02
1924,KANSAS,-0.63,-1.55,0.90,1.04,0.27,-1.29
1925,KANSAS,-2.38,-1.44,-1.05,-0.15,0.54,0.08
1926,KANSAS,-2.86,-1.74,-1.53,-1.50,2.29,1.01
1927,KANSAS,-2.39,2.40,1.34,6.04,0.85,-0.02
1928,KANSAS,0.11,4.75,2.88,1.47,-1.12,1.15
1929,KANSAS,2.07,0.75,1.48,-0.73,-0.62,2.01
1930,KANSAS,0.87,0.13,-1.00,-0.82,-0.37,2.20
1931,KANSAS,-0.14,-1.86,-1.18,0.29,-1.84,-1.29
1932,KANSAS,-2.19,1.73,-0.18,-0.49,-0.74,-1.16
1933,KANSAS,-1.08,-5.15,-2.67,1.99,-1.97,-1.95
1934,KANSAS,-4.12,-3.69,-5.30,-4.46,1.15,-1.75
1935,KANSAS,4.12,1.57,-2.42,-1.32,0.08,0.44
1936,KANSAS,-0.34,-3.85,-4.80,-4.95,1.27,-0.10
1937,KANSAS,-2.50,-1.63,-1.62,-3.12,-1.69,-1.00
1938,KANSAS,3.68,0.19,0.02,-1.56,-1.29,-3.32
1939,KANSAS,-3.33,-0.58,-3.55,-0.72,-4.38,-2.75
1940,KANSAS,-0.96,-2.11,-3.05,0.58,-0.99,-2.34
1941,KANSAS,-0.71,2.89,0.96,1.42,2.68,5.94
1942,KANSAS,-1.34,2.91,0.09,2.44,2.47,1.90
1943,KANSAS,1.94,1.30,0.59,-1.57,-0.50,-0.47
1944,KANSAS,0.32,-0.91,2.16,3.50,-0.59,-0.20
1945,KANSAS,0.15,1.67,1.61,0.26,2.85,-0.98
1946,KANSAS,-0.34,-1.54,-2.18,-1.10,0.61,2.53
1947,KANSAS,1.95,1.83,0.00,-1.63,-2.71,-2.37
1948,KANSAS,-1.56,2.62,3.78,1.52,-1.56,-1.14
1949,KANSAS,2.17,2.54,1.96,1.01,0.26,0.85
1950,KANSAS,-0.73,-1.67,5.91,5.35,-0.35,-0.84
1951,KANSAS,3.81,6.83,4.86,3.15,4.18,1.17
1952,KANSAS,-1.21,-3.93,-2.40,-0.91,-3.38,-2.70
1953,KANSAS,-2.12,-3.90,-1.66,-2.07,-2.79,-1.14
1954,KANSAS,0.22,-2.67,-3.88,-1.14,-3.00,0.11
1955,KANSAS,-0.70,-0.59,-3.56,-3.29,0.48,-1.26
1956,KANSAS,-4.46,-4.29,-2.19,-3.40,-4.18,-1.88
1957,KANSAS,3.71,3.93,0.08,-1.08,1.65,1.29
1958,KANSAS,0.19,0.90,6.23,1.26,1.85,-1.46
1959,KANSAS,1.22,-1.60,2.08,0.23,1.19,4.58
1960,KANSAS,-0.19,0.55,0.44,1.40,-0.72,1.39
1961,KANSAS,3.76,0.68,2.42,2.16,3.82,1.61
1962,KANSAS,-1.86,1.96,2.67,0.70,2.75,-0.68
1963,KANSAS,-2.91,-1.42,-0.83,-2.07,0.18,-2.17
1964,KANSAS,-1.89,-0.79,-3.15,-0.36,-1.10,-2.16
1965,KANSAS,-1.37,4.39,1.37,1.70,4.45,0.29
1966,KANSAS,-3.40,-1.14,-0.84,0.40,-0.74,-1.82
1967,KANSAS,-1.44,3.82,1.45,-0.54,2.23,0.81
1968,KANSAS,0.34,-1.12,1.24,2.30,-1.29,1.81
1969,KANSAS,0.56,1.78,1.70,1.47,0.73,3.46
1970,KANSAS,-1.14,0.89,-0.93,-1.90,2.77,0.75
1971,KANSAS,0.69,-0.65,2.28,-1.61,-0.69,1.54
1972,KANSAS,0.62,-1.05,2.05,2.06,0.02,0.01
1973,KANSAS,-0.09,-1.85,2.35,-0.76,7.27,2.47
1974,KANSAS,-1.31,-0.07,-2.39,1.57,-0.88,1.10
1975,KANSAS,1.61,2.80,-1.00,0.24,-1.01,-2.41
1976,KANSAS,0.21,-1.38,-0.22,-2.56,-0.06,0.34
1977,KANSAS,1.42,0.20,-1.08,4.27,0.86,-0.17
1978,KANSAS,1.82,-0.37,-0.82,-1.24,-0.89,-2.33
1979,KANSAS,0.38,0.74,3.22,0.53,-2.38,2.30
1980,KANSAS,-0.77,-2.05,-3.32,-0.60,-2.89,-0.49
1981,KANSAS,2.60,-0.71,1.09,-0.10,-0.73,0.63
1982,KANSAS,3.80,2.17,1.57,0.42,-1.08,-0.40
1983,KANSAS,1.41,1.24,-1.60,-3.57,-1.82,1.09
1984,KANSAS,-0.76,0.73,-1.24,-2.51,-1.93,2.82
1985,KANSAS,-0.23,0.93,1.12,2.94,2.74,2.77
1986,KANSAS,0.22,0.12,1.45,2.41,3.00,3.35
1987,KANSAS,1.94,0.34,0.99,2.56,-0.40,-0.70
1988,KANSAS,-1.51,-2.50,-0.22,-2.17,-0.56,-1.81
1989,KANSAS,-1.11,1.78,-0.27,2.24,1.26,-0.78
1990,KANSAS,2.92,-0.92,0.83,0.40,-1.62,-1.36
1991,KANSAS,-1.12,-2.50,-2.32,-1.49,-2.04,-1.28
1992,KANSAS,-1.70,2.41,4.64,2.95,0.19,0.70
1993,KANSAS,3.63,1.09,7.70,3.34,2.70,0.28
1994,KANSAS,-2.61,-1.42,1.84,-0.56,-1.76,0.14
1995,KANSAS,7.84,1.83,1.32,0.62,-0.04,-2.04
1996,KANSAS,0.38,-0.33,0.96,3.23,2.53,-0.04
1997,KANSAS,0.41,0.98,1.23,3.16,0.46,2.00
1998,KANSAS,-2.48,-1.04,3.16,-0.97,-0.38,2.78
1999,KANSAS,1.41,2.25,0.59,0.82,1.15,-1.64
2000,KANSAS,-1.60,0.65,1.00,-3.52,-2.88,2.06
2001,KANSAS,1.96,0.45,1.18,-0.69,0.98,-1.12
2002,KANSAS,-0.46,-2.38,-3.01,-1.05,-2.29,3.67
2003,KANSAS,-0.08,0.89,-2.05,0.59,-0.16,-1.41
2004,KANSAS,-2.33,1.49,3.36,0.68,-0.69,0.46
2005,KANSAS,-0.36,2.51,1.27,3.66,-1.27,0.94
2006,KANSAS,-2.27,-1.99,-2.22,1.17,-0.93,0.13
2007,KANSAS,2.90,2.50,1.46,-0.01,-1.06,0.88
2008,KANSAS,2.33,1.39,1.39,1.76,2.08,4.44
2009,KANSAS,-0.72,1.12,2.02,2.22,1.59,3.71
2010,KANSAS,1.12,0.88,2.42,0.56,0.39,-1.87
2011,KANSAS,-0.68,-2.13,-2.19,-1.10,-1.99,-0.94
2012,KANSAS,-3.86,-2.89,-3.86,-1.49,-1.31,-1.19
2013,KANSAS,-0.19,-1.72,0.95,2.34,-0.46,1.04
2014,KANSAS,-3.14,3.00,-0.33,-0.04,0.21,0.74
2015,KANSAS,5.61,-0.40,2.44,0.87,-1.88,-0.52
2016,KANSAS,1.88,-1.71,1.97,2.86,1.69,-0.96
2017,KANSAS,2.09,-0.46,-0.42,1.09,-0.73,0.86
2018,KANSAS,-2.13,-1.97,-0.29,1.09,0.15,5.37
2019,KANSAS,9.54,1.18,0.27,5.48,-1.01,0.76
2020,KANSAS,1.15,-1.31,3.48,-0.89,,
1895,MINNESOTA,0.35,2.16,0.42,-1.54,1.37,-1.49
1896,MINNESOTA,3.35,-0.65,-1.70,-1.95,-0.42,1.41
1897,MINNESOTA,-2.74,2.28,6.54,-0.76,-2.15,-0.70
1898,MINNESOTA,0.42,0.82,0.24,-0.16,-1.67,3.00
1899,MINNESOTA,2.95,2.63,0.23,3.85,-0.78,2.44
1900,MINNESOTA,-4.68,-4.92,0.55,3.92,5.00,2.36
1901,MINNESOTA,-3.43,2.69,-0.36,-2.53,1.23,0.18
1902,MINNESOTA,3.03,-0.38,1.67,1.87,-0.26,0.60
1903,MINNESOTA,2.85,-2.72,2.65,2.99,4.94,2.87
1904,MINNESOTA,-1.17,0.66,1.54,-0.71,1.49,2.82
1905,MINNESOTA,4.31,5.18,2.64,0.89,1.26,1.95
1906,MINNESOTA,3.78,1.58,-0.52,1.88,0.57,1.19
1907,MINNESOTA,0.76,0.34,0.48,1.53,1.53,-0.33
1908,MINNESOTA,5.31,3.18,-0.25,-1.44,-1.92,-0.50
1909,MINNESOTA,0.87,-1.16,1.48,1.77,0.53,0.56
1910,MINNESOTA,-1.98,-4.92,-3.75,-2.94,-1.20,-3.21
1911,MINNESOTA,-0.83,-2.05,-0.57,1.11,0.79,2.49
1912,MINNESOTA,1.70,-2.99,1.24,1.37,0.95,-1.34
1913,MINNESOTA,1.62,-1.67,3.92,-0.69,1.13,2.25
1914,MINNESOTA,-0.58,5.42,-1.31,1.00,0.53,-0.36
1915,MINNESOTA,2.58,5.60,1.72,-1.65,0.26,0.31
1916,MINNESOTA,2.15,2.38,-1.65,0.89,0.66,-0.24
1917,MINNESOTA,-1.95,-1.10,-0.87,-1.97,-1.11,0.84
1918,MINNESOTA,2.13,-3.13,-0.40,0.32,-1.99,0.34
1919,MINNESOTA,-1.25,1.39,2.32,0.50,-1.21,1.11
1920,MINNESOTA,0.15,2.85,0.20,-2.24,-0.54,-1.18
1921,MINNESOTA,0.44,-3.00,-0.60,-2.32,1.64,-2.32
1922,MINNESOTA,-1.04,-2.01,-1.69,-3.53,-2.53,-2.67
1923,MINNESOTA,-2.11,-0.08,-1.13,-1.71,-1.46,-2.20
1924,MINNESOTA,-0.46,0.82,-0.07,2.74,2.48,-0.41
1925,MINNESOTA,-2.12,4.31,-0.15,-2.09,1.52,0.14
1926,MINNESOTA,-2.38,-0.68,-1.16,-0.13,4.34,1.82
1927,MINNESOTA,2.17,-0.37,-0.31,-1.56,-0.71,-0.90
1928,MINNESOTA,-3.63,0.74,1.41,4.22,1.47,1.80
1929,MINNESOTA,-0.91,-2.83,-2.29,-3.18,1.48,0.29
1930,MINNESOTA,2.13,-0.40,-1.80,-5.02,0.26,-0.73
1931,MINNESOTA,-0.89,-0.73,-2.59,-1.65,-1.87,-0.60
1932,MINNESOTA,-0.24,-2.47,-1.48,-0.68,-3.03,-0.70
1933,MINNESOTA,0.67,-4.54,-2.94,-3.76,-1.19,-0.98
1934,MINNESOTA,-5.55,-1.78,-3.50,-3.14,0.49,0.02
1935,MINNESOTA,-0.61,1.85,0.48,1.99,-1.88,0.20
1936,MINNESOTA,-1.72,-3.35,-6.62,-2.78,-2.52,-2.51
1937,MINNESOTA,1.23,-1.50,0.01,0.17,-1.27,-1.25
1938,MINNESOTA,5.75,-1.22,-0.41,-2.31,-0.07,-3.57
1939,MINNESOTA,-2.43,1.19,-2.21,0.32,-2.62,-0.53
1940,MINNESOTA,-1.66,-0.99,-0.96,0.96,-3.36,0.10
1941,MINNESOTA,-0.36,1.32,-1.92,0.72,3.65,2.22
1942,MINNESOTA,3.89,-0.31,0.47,2.83,2.95,-0.28
1943,MINNESOTA,2.90,2.62,0.41,1.18,-0.80,-0.32
1944,MINNESOTA,3.02,4.06,2.05,3.85,-0.17,-1.83
1945,MINNESOTA,0.16,1.59,1.35,0.76,2.09,-1.26
1946,MINNESOTA,0.45,2.84,-1.52,-2.02,2.85,3.53
1947,MINNESOTA,-0.13,2.83,-2.28,-0.96,0.26,-2.13
1948,MINNESOTA,-3.14,-0.45,0.27,-0.85,-3.28,-2.59
1949,MINNESOTA,0.02,-0.36,3.97,-2.58,-1.50,1.62
1950,MINNESOTA,3.33,-1.37,0.72,-2.02,-0.64,-0.58
1951,MINNESOTA,-0.94,1.64,0.30,3.85,2.33,2.08
1952,MINNESOTA,-2.75,0.65,3.24,1.71,-3.36,-2.40
1953,MINNESOTA,2.20,3.17,1.59,1.99,-1.05,-2.78
1954,MINNESOTA,1.79,-0.50,-0.66,-0.90,0.69,-0.12
1955,MINNESOTA,-2.45,-1.36,2.57,-1.15,-0.80,-1.59
1956,MINNESOTA,0.39,-1.55,1.09,1.97,-2.02,-1.55
1957,MINNESOTA,0.77,4.76,1.30,1.09,1.80,0.43
1958,MINNESOTA,-2.94,0.04,1.03,-1.01,-1.01,-1.97
1959,MINNESOTA,3.54,-1.27,-0.98,2.35,0.19,1.59
1960,MINNESOTA,1.17,-0.06,-1.26,0.89,-0.95,-1.46
1961,MINNESOTA,0.53,-4.17,0.33,-3.29,2.37,-0.42
1962,MINNESOTA,4.72,-0.81,4.51,0.79,1.41,-1.17
1963,MINNESOTA,0.68,-0.79,1.96,-0.69,-0.96,-3.39
1964,MINNESOTA,-0.71,0.18,-1.50,2.46,2.81,-1.60
1965,MINNESOTA,3.08,0.37,0.91,-0.23,6.92,0.26
1966,MINNESOTA,-1.49,-1.54,-0.60,2.65,-2.02,0.43
1967,MINNESOTA,-1.80,3.25,-1.87,-1.80,-3.12,-1.24
1968,MINNESOTA,0.10,3.67,2.51,-0.48,2.97,4.67
1969,MINNESOTA,-0.37,0.39,1.87,-2.80,-0.88,1.52
1970,MINNESOTA,1.21,-1.37,-1.10,-3.88,-0.45,3.84
1971,MINNESOTA,-0.04,0.85,0.71,-1.92,0.16,6.03
1972,MINNESOTA,0.04,-2.18,4.87,0.52,1.10,1.40
1973,MINNESOTA,1.05,-2.04,1.12,0.16,2.71,1.48
1974,MINNESOTA,2.34,-1.09,-1.64,2.08,-2.31,-1.20
1975,MINNESOTA,-2.13,3.02,-1.82,-0.40,-0.75,-1.63
1976,MINNESOTA,-3.92,-0.71,-3.04,-4.80,-3.84,-2.68
1977,MINNESOTA,-0.85,-1.08,-0.41,2.01,3.36,2.15
1978,MINNESOTA,-0.38,-0.51,3.70,1.66,0.84,-1.76
1979,MINNESOTA,1.35,1.03,0.62,1.75,-2.02,2.91
1980,MINNESOTA,-3.61,-1.78,-3.24,3.00,1.30,-0.20
1981,MINNESOTA,-1.84,2.75,1.01,1.82,-0.52,3.36
1982,MINNESOTA,1.60,-1.50,1.65,-0.71,1.08,4.15
1983,MINNESOTA,-0.16,1.66,-0.08,-0.12,0.86,1.22
1984,MINNESOTA,-1.13,4.06,-1.44,-2.45,-0.66,4.94
1985,MINNESOTA,1.62,0.98,0.10,2.91,3.52,1.38
1986,MINNESOTA,-0.85,0.66,2.94,1.26,5.37,-0.25
1987,MINNESOTA,-0.13,-4.77,2.23,-1.09,-1.36,-1.86
1988,MINNESOTA,-3.32,-5.59,-4.45,1.35,0.58,-1.87
1989,MINNESOTA,-0.59,-0.67,-2.13,0.29,-0.47,-2.16
1990,MINNESOTA,-0.48,2.99,0.79,-0.86,-1.92,0.90
1991,MINNESOTA,1.55,0.58,2.28,-1.61,3.57,0.46
1992,MINNESOTA,-2.41,-0.02,2.15,2.29,0.92,-0.36
1993,MINNESOTA,2.48,3.76,5.63,3.12,0.66,-0.20
1994,MINNESOTA,-2.50,0.81,1.96,0.87,0.79,1.45
1995,MINNESOTA,0.07,-3.59,3.16,1.49,0.70,3.53
1996,MINNESOTA,0.53,-0.65,0.59,-1.53,-0.23,2.23
1997,MINNESOTA,-0.53,-0.28,3.14,-0.14,-0.64,0.86
1998,MINNESOTA,-0.04,2.55,-0.09,-0.91,-2.65,3.21
1999,MINNESOTA,2.80,0.48,3.64,1.71,1.84,-0.12
2000,MINNESOTA,0.56,2.16,1.02,0.19,-1.71,-0.34
2001,MINNESOTA,1.30,-0.32,-0.10,-1.39,-1.07,-0.05
2002,MINNESOTA,-0.36,2.90,2.40,3.68,-0.26,3.05
2003,MINNESOTA,0.93,1.33,-0.02,-4.04,-0.40,-2.10
2004,MINNESOTA,5.20,-1.28,1.72,0.14,3.91,2.46
2005,MINNESOTA,2.20,2.00,-1.32,-0.15,1.96,1.81
2006,MINNESOTA,-1.23,-2.63,-3.81,-0.91,0.00,-1.37
2007,MINNESOTA,-0.94,-1.39,-2.69,0.41,1.26,3.98
2008,MINNESOTA,0.22,1.71,-0.30,-2.26,0.48,2.41
2009,MINNESOTA,-2.08,-0.95,-0.59,0.86,-3.23,5.55
2010,MINNESOTA,-0.27,1.83,2.66,1.80,6.82,1.26
2011,MINNESOTA,2.08,0.48,1.84,-1.21,-2.58,-2.57
2012,MINNESOTA,4.23,0.11,-0.83,-2.74,-4.02,-0.58
2013,MINNESOTA,2.61,2.06,-0.61,-2.99,-1.59,1.90
2014,MINNESOTA,0.83,6.43,-0.86,0.40,-0.81,-1.38
2015,MINNESOTA,3.91,-0.39,1.22,0.99,-0.88,0.08
2016,MINNESOTA,-1.40,-0.21,4.37,3.40,3.37,1.25
2017,MINNESOTA,0.45,-0.51,-1.16,3.24,1.28,2.59
2018,MINNESOTA,-1.90,1.92,1.56,-0.46,2.35,4.10
2019,MINNESOTA,2.67,-0.73,1.96,0.15,5.15,5.48
2020,MINNESOTA,-1.50,-0.88,1.87,0.79,,
1895,MISSOURI,-0.93,1.50,4.58,1.22,-0.60,-2.08
1896,MISSOURI,3.32,-0.36,2.30,0.26,1.11,0.09
1897,MISSOURI,-1.96,1.26,-0.07,-0.78,-3.72,-3.83
1898,MISSOURI,2.68,0.92,2.89,0.52,3.10,2.50
1899,MISSOURI,1.15,-0.74,1.58,-0.50,-1.62,-0.88
1900,MISSOURI,-1.27,0.71,1.34,0.10,0.82,0.48
1901,MISSOURI,-3.24,-3.25,-4.03,-3.23,-2.48,-2.77
1902,MISSOURI,-0.55,2.44,1.20,3.67,2.17,-0.08
1903,MISSOURI,2.45,-0.35,0.37,2.16,1.06,0.45
1904,MISSOURI,0.13,2.25,1.86,2.67,0.63,-1.76
1905,MISSOURI,0.53,-1.50,5.43,2.06,4.23,2.98
1906,MISSOURI,-2.48,0.51,0.57,1.66,0.98,-1.67
1907,MISSOURI,1.64,1.37,1.24,0.82,-1.27,-0.30
1908,MISSOURI,1.79,1.46,0.42,0.48,-1.50,-0.92
1909,MISSOURI,1.20,0.85,3.09,-2.88,0.62,-0.35
1910,MISSOURI,2.33,-0.23,2.95,0.07,1.98,0.03
1911,MISSOURI,-3.96,-3.73,-1.23,0.02,1.56,-0.11
1912,MISSOURI,-1.34,0.77,-0.49,0.80,-0.46,0.40
1913,MISSOURI,-2.26,-2.13,-1.43,-4.42,-0.06,1.30
1914,MISSOURI,-3.62,-3.33,-2.79,-0.68,1.46,1.13
1915,MISSOURI,2.83,2.41,2.96,6.26,2.27,-1.32
1916,MISSOURI,0.68,1.72,-2.63,-0.74,-1.15,-1.83
1917,MISSOURI,0.59,-0.18,0.02,1.50,-0.56,-1.38
1918,MISSOURI,0.15,-1.58,-2.02,-1.67,1.00,-0.23
1919,MISSOURI,1.46,1.05,-1.17,0.63,-0.85,4.06
1920,MISSOURI,0.66,-2.03,-0.31,1.40,0.76,-0.19
1921,MISSOURI,-1.39,0.76,-1.29,1.77,2.38,-0.58
1922,MISSOURI,-1.92,-3.12,1.51,-1.87,-1.47,-2.17
1923,MISSOURI,0.24,0.93,-0.12,0.15,0.48,0.99
1924,MISSOURI,0.88,2.82,2.83,1.59,1.25,-1.70
1925,MISSOURI,-2.11,0.74,-0.56,-0.37,1.81,3.00
1926,MISSOURI,-2.40,-0.56,-0.73,1.74,4.76,2.67
1927,MISSOURI,2.04,1.65,1.45,3.06,0.39,1.77
1928,MISSOURI,-2.00,6.76,-0.39,2.23,-0.52,0.23
1929,MISSOURI,3.52,1.43,0.67,-0.64,-0.58,2.47
1930,MISSOURI,-1.45,-0.68,-3.24,-2.87,-0.56,-0.42
1931,MISSOURI,0.37,-2.16,-0.84,1.43,-0.64,-0.53
1932,MISSOURI,-2.95,-0.09,-0.13,1.47,-1.36,0.33
1933,MISSOURI,2.77,-3.51,-2.12,-0.20,-0.46,-0.65
1934,MISSOURI,-3.26,-2.83,-5.00,-1.95,3.10,-1.04
1935,MISSOURI,4.54,5.02,-0.37,-1.61,-0.39,0.17
1936,MISSOURI,-2.74,-3.45,-4.57,-5.59,3.00,0.47
1937,MISSOURI,-0.98,0.30,0.83,-1.75,-1.82,-1.13
1938,MISSOURI,1.73,0.42,0.17,-1.44,-2.31,-3.23
1939,MISSOURI,-0.90,1.10,-0.50,1.39,-3.38,-2.22
1940,MISSOURI,-1.92,-0.02,-1.92,2.23,-2.92,-2.60
1941,MISSOURI,-3.01,-0.44,-1.06,-1.25,1.53,7.25
1942,MISSOURI,0.74,3.29,-0.60,1.04,0.68,0.08
1943,MISSOURI,5.59,1.74,-0.89,-1.48,-0.08,0.00
1944,MISSOURI,-0.74,-2.03,-1.20,3.02,-0.78,-1.88
1945,MISSOURI,1.66,4.21,-0.74,-1.59,4.99,-0.11
1946,MISSOURI,2.43,-1.48,-1.10,2.10,-1.18,-0.83
1947,MISSOURI,0.11,3.99,-0.69,-2.70,-0.67,-0.69
1948,MISSOURI,-1.48,3.01,2.49,-0.67,-1.48,-0.72
1949,MISSOURI,-0.52,2.02,1.50,0.33,1.87,3.17
1950,MISSOURI,1.04,0.01,1.99,4.57,-0.34,-2.17
1951,MISSOURI,-1.22,4.64,2.99,2.88,2.79,1.65
1952,MISSOURI,-1.70,-3.19,-0.99,1.29,-2.50,-2.92
1953,MISSOURI,-1.88,-3.20,-2.94,-3.54,-3.59,-2.50
1954,MISSOURI,-0.29,-1.55,-3.36,0.01,-2.51,1.63
1955,MISSOURI,0.03,0.82,-0.60,-1.09,-1.08,0.04
1956,MISSOURI,-0.45,-1.14,2.25,-0.32,-2.84,-2.89
1957,MISSOURI,3.21,2.04,0.01,-1.34,-0.59,0.47
1958,MISSOURI,-0.61,1.20,8.24,-0.36,1.34,-1.55
1959,MISSOURI,-0.03,-2.05,0.55,-0.81,0.89,1.91
1960,MISSOURI,0.74,-0.34,0.68,-0.45,-2.50,0.22
1961,MISSOURI,3.53,-0.73,3.27,0.04,3.47,0.28
1962,MISSOURI,-2.36,-0.56,-0.51,-1.72,1.53,0.24
1963,MISSOURI,0.54,-1.42,0.37,-0.28,-2.31,-3.93
1964,MISSOURI,-1.81,0.64,-0.53,0.57,0.11,-2.72
1965,MISSOURI,-2.26,1.02,1.84,2.03,4.90,-1.15
1966,MISSOURI,-0.55,-0.70,-0.99,0.69,-0.24,-1.32
1967,MISSOURI,0.91,2.32,0.90,-1.19,0.53,3.79
1968,MISSOURI,0.90,-1.53,1.21,0.55,0.57,-0.48
1969,MISSOURI,-1.82,1.99,2.26,-0.58,1.09,3.83
1970,MISSOURI,0.31,1.38,-2.14,1.46,4.34,2.47
1971,MISSOURI,-0.42,-1.80,0.63,-1.45,-0.82,-1.65
1972,MISSOURI,-1.67,-2.34,0.67,-0.70,0.61,0.63
1973,MISSOURI,2.11,-0.49,1.60,-1.36,2.45,1.48
1974,MISSOURI,1.58,0.00,-1.92,2.42,0.74,-0.19
1975,MISSOURI,-1.11,-0.31,-1.68,1.10,1.33,-1.73
1976,MISSOURI,-0.22,-0.67,-0.50,-1.71,-2.35,0.70
1977,MISSOURI,-1.74,0.93,-0.86,2.17,2.87,1.85
1978,MISSOURI,0.62,-1.19,1.43,0.81,-1.16,-1.36
1979,MISSOURI,-0.05,-0.40,2.25,0.66,-1.67,-0.43
1980,MISSOURI,-2.23,-2.00,-3.34,-1.70,-1.87,-0.16
1981,MISSOURI,3.58,2.87,4.51,0.81,-1.08,1.80
1982,MISSOURI,1.12,1.24,0.14,5.23,0.21,0.36
1983,MISSOURI,0.91,-0.80,-2.09,-3.74,-2.19,1.60
1984,MISSOURI,-0.19,-0.65,-0.47,-2.57,0.99,3.91
1985,MISSOURI,-0.10,2.56,-0.64,3.19,-0.03,1.39
1986,MISSOURI,0.50,-1.39,0.14,0.00,3.87,3.82
1987,MISSOURI,-2.08,-1.46,1.02,0.91,-1.09,-0.80
1988,MISSOURI,-2.72,-3.36,-0.45,-1.05,-0.11,-1.32
1989,MISSOURI,-0.54,0.24,0.93,2.01,0.17,-1.07
1990,MISSOURI,5.00,0.29,0.85,-0.21,-1.63,0.45
1991,MISSOURI,-0.14,-2.45,-0.65,-1.93,-0.51,0.57
1992,MISSOURI,-1.99,-1.13,3.98,-0.12,1.53,-1.21
1993,MISSOURI,0.46,1.92,6.15,1.45,8.40,0.34
1994,MISSOURI,-1.94,-1.04,-0.44,0.13,-1.18,-0.47
1995,MISSOURI,5.78,1.07,0.78,-0.09,-0.98,-1.65
1996,MISSOURI,2.01,-0.46,1.90,-0.20,2.34,0.38
1997,MISSOURI,1.09,-0.22,-1.17,0.61,-0.72,-0.02
1998,MISSOURI,-2.28,2.45,3.47,-0.55,0.61,2.70
1999,MISSOURI,0.07,0.36,-1.80,-1.84,-1.44,-2.31
2000,MISSOURI,-1.41,2.53,1.06,-0.82,-1.04,-0.98
2001,MISSOURI,0.62,1.55,1.65,-0.18,0.05,1.43
2002,MISSOURI,5.52,-1.65,-0.82,-0.33,-2.40,0.25
2003,MISSOURI,0.37,0.73,-0.89,-0.16,1.59,-0.75
2004,MISSOURI,0.60,-0.65,2.86,3.01,-1.67,1.75
2005,MISSOURI,-2.40,-0.96,-1.04,1.46,-0.49,-1.86
2006,MISSOURI,-1.11,-1.34,-0.24,0.42,-0.72,0.61
2007,MISSOURI,-0.13,0.57,-0.83,-1.12,-1.30,0.03
2008,MISSOURI,1.07,2.33,3.52,-0.08,4.77,0.32
2009,MISSOURI,1.31,1.04,1.86,2.43,0.98,8.43
2010,MISSOURI,2.14,-0.26,3.59,-0.74,3.92,-1.85
2011,MISSOURI,1.98,-0.73,-1.77,-0.49,-1.24,-2.68
2012,MISSOURI,-3.40,-3.00,-4.10,-2.46,0.34,-0.22
2013,MISSOURI,2.38,0.00,0.07,0.85,-1.38,0.39
2014,MISSOURI,-1.67,1.41,-0.17,1.10,0.42,3.35
2015,MISSOURI,2.64,2.58,5.17,1.53,-1.05,-1.55
2016,MISSOURI,1.40,-2.44,2.79,3.40,0.78,-1.03
2017,MISSOURI,1.38,-0.20,0.00,2.16,-2.64,0.12
2018,MISSOURI,-1.82,-1.38,-1.61,1.64,-0.88,1.25
2019,MISSOURI,5.78,1.30,1.35,3.49,-0.32,2.62
2020,MISSOURI,1.96,-1.09,2.24,-0.23,,
1895,NEBRASKA,-0.45,2.93,0.21,1.70,-1.00,-1.37
1896,NEBRASKA,0.68,0.99,3.32,0.26,1.20,1.68
1897,NEBRASKA,-1.97,0.17,0.19,0.85,-2.38,3.06
1898,NEBRASKA,3.31,-0.36,0.59,-0.41,0.33,-0.15
1899,NEBRASKA,0.04,0.01,0.16,0.24,-3.01,-0.81
1900,NEBRASKA,-2.63,-3.04,1.60,0.45,0.21,0.36
1901,NEBRASKA,-2.84,1.03,-3.57,-1.72,3.35,0.89
1902,NEBRASKA,-1.13,1.79,4.15,2.53,3.20,1.37
1903,NEBRASKA,5.52,-0.99,5.15,5.61,0.10,0.44
1904,NEBRASKA,0.59,2.14,3.77,2.03,0.56,2.67
1905,NEBRASKA,5.11,2.53,4.77,2.19,3.00,1.12
1906,NEBRASKA,-0.17,-0.74,0.83,2.89,2.08,3.63
1907,NEBRASKA,1.16,1.26,3.95,1.13,1.12,-1.10
1908,NEBRASKA,2.35,4.39,3.97,4.13,-1.51,3.72
1909,NEBRASKA,1.25,1.10,3.07,0.83,1.87,0.07
1910,NEBRASKA,-0.31,-1.45,-1.78,2.90,-0.11,-1.77
1911,NEBRASKA,-2.61,-4.73,-1.66,0.93,-1.06,4.13
1912,NEBRASKA,-1.88,-1.35,1.48,2.07,1.66,0.90
1913,NEBRASKA,0.67,-1.59,-0.24,-2.51,-0.15,-0.95
1914,NEBRASKA,-1.37,0.43,-1.94,-0.03,-0.63,-0.01
1915,NEBRASKA,3.95,4.41,7.13,5.30,4.80,1.12
1916,NEBRASKA,1.28,0.63,-0.10,1.99,-0.71,-0.02
1917,NEBRASKA,3.78,0.10,-1.19,0.19,1.00,-0.93
1918,NEBRASKA,0.10,-3.60,0.03,-1.03,-0.30,1.95
1919,NEBRASKA,-0.46,1.74,0.88,-1.55,0.50,1.92
1920,NEBRASKA,1.30,0.06,1.18,3.20,-1.22,1.35
1921,NEBRASKA,0.41,-2.35,1.31,0.12,-0.27,-0.53
1922,NEBRASKA,-1.23,-2.58,2.22,-2.06,-3.16,-1.85
1923,NEBRASKA,3.19,2.13,1.67,5.36,3.17,2.31
1924,NEBRASKA,-0.69,1.37,2.54,0.53,1.08,-0.71
1925,NEBRASKA,-1.96,0.57,-1.32,1.27,-1.08,2.18
1926,NEBRASKA,-2.55,-1.67,-0.93,0.94,1.83,-0.67
1927,NEBRASKA,-0.09,1.04,0.46,2.77,0.49,-1.39
1928,NEBRASKA,-1.05,2.14,2.32,-1.77,-1.45,2.66
1929,NEBRASKA,0.00,-0.29,0.92,-1.66,1.95,3.33
1930,NEBRASKA,3.50,0.20,-1.12,2.28,-0.90,3.28
1931,NEBRASKA,-1.24,-2.54,-2.19,-1.13,-1.25,-0.97
1932,NEBRASKA,-1.48,0.53,-0.37,0.55,-1.35,0.27
1933,NEBRASKA,-0.43,-5.55,-1.70,2.00,-0.58,-2.69
1934,NEBRASKA,-7.06,-3.41,-6.57,-3.62,0.71,-1.97
1935,NEBRASKA,4.80,0.96,-1.81,-0.64,-1.10,-0.85
1936,NEBRASKA,-1.89,-3.70,-6.73,-4.39,-2.04,-1.88
1937,NEBRASKA,-2.96,-1.50,-2.69,-3.61,-2.03,0.28
1938,NEBRASKA,1.54,-1.82,-0.16,-2.33,0.67,-3.34
1939,NEBRASKA,-3.37,-0.96,-3.74,-1.87,-4.21,-1.47
1940,NEBRASKA,-4.44,-2.44,-4.25,-2.36,-2.99,-0.81
1941,NEBRASKA,-2.76,1.39,-0.59,-2.33,3.10,1.82
1942,NEBRASKA,2.74,2.80,-0.39,0.32,3.52,-0.23
1943,NEBRASKA,-1.40,0.94,-0.14,-2.12,-2.17,-0.13
1944,NEBRASKA,0.97,1.93,3.32,3.01,-1.21,-0.76
1945,NEBRASKA,1.80,3.43,1.76,1.96,1.73,-1.82
1946,NEBRASKA,1.39,-1.03,-1.66,-0.77,2.70,6.04
1947,NEBRASKA,0.73,7.81,-0.05,-2.55,-1.26,-1.31
1948,NEBRASKA,-2.75,1.20,0.38,0.08,-1.28,-0.61
1949,NEBRASKA,2.18,1.92,0.99,1.41,0.86,1.29
1950,NEBRASKA,1.51,-1.86,4.68,3.48,1.21,-0.38
1951,NEBRASKA,2.87,4.66,3.81,5.31,3.94,1.95
1952,NEBRASKA,1.66,-2.22,-0.26,1.21,-2.81,-2.00
1953,NEBRASKA,-0.70,-1.15,-0.25,-1.33,-2.89,-1.27
1954,NEBRASKA,-0.55,-0.52,-3.98,1.77,-1.96,0.76
1955,NEBRASKA,-2.72,0.18,-4.78,-4.58,-0.20,-2.38
1956,NEBRASKA,-3.98,-3.11,-2.57,-1.55,-3.54,-1.75
1957,NEBRASKA,3.10,2.07,1.18,1.24,1.06,2.26
1958,NEBRASKA,-0.86,-0.27,7.44,0.84,0.09,-2.00
1959,NEBRASKA,2.61,-0.26,-0.04,0.34,0.85,2.49
1960,NEBRASKA,2.63,1.42,0.27,1.47,-0.77,-0.90
1961,NEBRASKA,2.88,-1.21,0.65,-0.41,2.68,-0.28
1962,NEBRASKA,2.01,4.01,6.03,1.91,0.48,0.48
1963,NEBRASKA,-2.06,-0.38,-0.23,1.13,2.15,-2.26
1964,NEBRASKA,-3.00,0.96,-1.39,0.03,-0.34,-2.36
1965,NEBRASKA,1.09,2.97,2.51,0.53,7.71,0.41
1966,NEBRASKA,-3.24,1.08,0.86,2.42,0.68,-0.67
1967,NEBRASKA,0.09,6.95,1.06,-0.46,0.17,-0.19
1968,NEBRASKA,-0.73,-1.11,-0.64,2.99,-0.74,2.19
1969,NEBRASKA,-0.85,0.49,1.73,-0.24,-1.52,4.77
1970,NEBRASKA,-1.51,-0.64,-1.36,-2.47,1.09,1.69
1971,NEBRASKA,2.03,-0.40,1.47,-1.66,-0.13,1.85
1972,NEBRASKA,1.20,-0.67,2.98,-0.09,-0.03,0.31
1973,NEBRASKA,1.79,-2.46,2.69,-1.81,8.27,1.75
1974,NEBRASKA,-0.37,-0.53,-2.51,0.54,-2.10,-0.61
1975,NEBRASKA,-1.34,2.43,-0.79,-2.00,-1.91,-2.38
1976,NEBRASKA,-0.48,-2.74,-0.79,-2.77,-0.44,-0.81
1977,NEBRASKA,1.83,-1.44,0.36,4.54,0.29,0.51
1978,NEBRASKA,1.44,-2.21,2.90,1.20,-1.30,-1.19
1979,NEBRASKA,0.58,1.14,3.19,1.83,-1.11,2.69
1980,NEBRASKA,-0.86,-1.78,-2.52,1.47,-2.92,0.10
1981,NEBRASKA,0.37,-2.88,1.62,1.64,-2.03,0.01
1982,NEBRASKA,4.18,1.19,1.52,2.57,0.34,3.29
1983,NEBRASKA,3.23,3.65,0.61,-1.47,-1.12,-0.27
1984,NEBRASKA,0.90,1.95,1.23,-1.27,-1.73,3.64
1985,NEBRASKA,-0.64,-1.36,0.64,0.45,3.29,0.95
1986,NEBRASKA,0.33,0.54,1.47,1.43,3.33,3.49
1987,NEBRASKA,1.35,-0.83,0.49,2.18,0.16,-0.72
1988,NEBRASKA,0.78,-3.09,0.07,-0.66,1.41,-2.12
1989,NEBRASKA,-3.63,-1.07,-2.63,-0.92,1.48,-1.69
1990,NEBRASKA,0.69,-1.46,-0.11,-0.43,-2.92,-0.22
1991,NEBRASKA,1.18,-0.94,-1.99,-2.67,-1.29,0.28
1992,NEBRASKA,-2.78,0.84,4.76,3.94,-0.06,1.41
1993,NEBRASKA,1.06,3.61,9.84,4.52,2.85,2.03
1994,NEBRASKA,-2.81,0.05,4.25,0.32,-0.40,1.92
1995,NEBRASKA,6.99,0.06,0.45,-0.65,1.18,1.46
1996,NEBRASKA,4.06,-0.84,1.49,3.11,3.53,-0.21
1997,NEBRASKA,0.33,-0.18,0.94,1.18,1.02,3.60
1998,NEBRASKA,-0.48,2.70,3.61,1.89,-1.87,3.36
1999,NEBRASKA,1.40,3.32,0.75,2.05,0.09,-2.01
2000,NEBRASKA,-1.89,-1.77,-0.23,-3.67,-1.73,1.58
2001,NEBRASKA,1.52,-1.90,1.74,-0.52,1.13,-0.32
2002,NEBRASKA,-1.70,-4.96,-5.11,0.19,-2.00,3.21
2003,NEBRASKA,-0.49,1.05,-2.65,-3.30,0.04,-1.81
2004,NEBRASKA,-1.33,-1.18,1.32,-1.90,1.69,-0.47
2005,NEBRASKA,-0.08,2.31,-1.04,0.92,-2.36,0.23
2006,NEBRASKA,-4.54,-2.29,-3.63,0.93,2.51,0.16
2007,NEBRASKA,2.62,-0.76,0.27,3.02,-0.40,3.33
2008,NEBRASKA,4.61,1.52,1.98,0.73,1.63,6.61
2009,NEBRASKA,-1.05,3.53,2.35,4.02,0.19,6.30
2010,NEBRASKA,0.75,6.02,3.56,2.23,0.60,-0.65
2011,NEBRASKA,4.11,1.15,2.69,2.84,-1.24,1.31
2012,NEBRASKA,-3.05,-4.44,-5.47,-4.27,-3.67,-0.81
2013,NEBRASKA,1.55,-1.96,-1.43,0.10,-0.53,3.15
2014,NEBRASKA,-1.56,4.97,-0.61,4.33,1.31,0.16
2015,NEBRASKA,4.10,2.00,2.51,2.18,0.91,0.29
2016,NEBRASKA,2.64,-2.33,1.60,0.55,0.13,-0.73
2017,NEBRASKA,2.25,-3.17,-0.70,3.40,0.91,3.38
2018,NEBRASKA,1.02,2.01,3.95,1.37,1.43,3.29
2019,NEBRASKA,6.62,0.80,3.68,6.30,1.40,1.94
2020,NEBRASKA,2.00,-2.01,2.18,-2.86,,
1895,NORTH DAKOTA,1.67,3.71,3.19,0.42,-1.30,-1.23
1896,NORTH DAKOTA,5.90,2.11,1.29,-0.84,1.41,0.04
1897,NORTH DAKOTA,-2.26,1.54,4.05,-0.18,-3.46,-1.14
1898,NORTH DAKOTA,-0.26,-0.18,-0.11,-1.40,-1.30,4.34
1899,NORTH DAKOTA,3.23,1.63,0.73,2.21,-1.80,0.93
1900,NORTH DAKOTA,-4.44,-5.91,-1.69,4.01,5.46,1.33
1901,NORTH DAKOTA,-5.69,5.35,2.89,-0.97,1.65,-0.30
1902,NORTH DAKOTA,2.25,3.17,1.57,1.64,-1.41,0.39
1903,NORTH DAKOTA,2.38,-2.77,-0.18,5.84,3.57,-0.07
1904,NORTH DAKOTA,-0.59,5.58,2.01,1.61,0.19,-0.68
1905,NORTH DAKOTA,2.05,3.46,4.67,1.73,0.26,-0.64
1906,NORTH DAKOTA,5.98,3.40,0.68,1.56,-1.18,-1.20
1907,NORTH DAKOTA,0.27,0.01,3.20,0.97,0.41,-0.64
1908,NORTH DAKOTA,2.06,1.24,-0.30,1.08,-1.38,1.91
1909,NORTH DAKOTA,4.12,0.33,2.21,1.22,-1.67,-0.65
1910,NORTH DAKOTA,-2.07,-4.11,-3.40,-1.47,0.96,-1.99
1911,NORTH DAKOTA,0.36,-1.80,-2.38,2.64,1.53,0.70
1912,NORTH DAKOTA,4.58,-1.44,3.15,3.19,3.72,0.97
1913,NORTH DAKOTA,-0.71,-2.35,-0.51,0.36,-0.36,2.21
1914,NORTH DAKOTA,-0.19,5.89,0.32,1.38,-1.24,-0.74
1915,NORTH DAKOTA,2.11,4.47,3.48,-0.44,2.64,0.31
1916,NORTH DAKOTA,1.53,3.24,3.75,3.66,0.84,0.31
1917,NORTH DAKOTA,-2.29,-1.18,-1.45,-2.69,-1.19,0.71
1918,NORTH DAKOTA,0.41,-3.44,-0.18,2.63,-2.15,-1.56
1919,NORTH DAKOTA,1.70,-2.76,-2.30,-2.02,-2.23,1.83
1920,NORTH DAKOTA,-0.24,1.16,0.63,-0.81,0.68,-2.01
1921,NORTH DAKOTA,0.33,-0.90,0.51,-0.61,3.54,-0.75
1922,NORTH DAKOTA,1.82,0.57,0.35,-1.79,0.26,-1.47
1923,NORTH DAKOTA,-0.16,1.14,2.16,0.64,2.03,-0.09
1924,NORTH DAKOTA,-1.05,3.07,0.26,0.58,1.83,2.72
1925,NORTH DAKOTA,-1.70,4.48,-1.45,-2.29,2.08,1.19
1926,NORTH DAKOTA,-1.60,-1.90,-2.28,0.06,2.35,1.28
1927,NORTH DAKOTA,9.14,0.51,3.61,4.55,-0.35,1.05
1928,NORTH DAKOTA,-2.58,4.19,6.44,4.88,0.02,-0.73
1929,NORTH DAKOTA,3.07,-2.28,-1.87,-3.45,0.74,1.64
1930,NORTH DAKOTA,1.59,-0.51,-3.83,-2.69,-1.27,2.31
1931,NORTH DAKOTA,-1.78,-3.74,-0.56,-0.26,0.37,0.22
1932,NORTH DAKOTA,-0.45,-0.04,-1.74,-1.38,-2.29,4.19
1933,NORTH DAKOTA,2.28,-3.99,-1.70,-3.76,-2.69,-0.93
1934,NORTH DAKOTA,-7.13,-2.23,-5.22,-3.42,-1.36,-0.97
1935,NORTH DAKOTA,1.95,0.08,3.36,0.75,-2.55,-2.03
1936,NORTH DAKOTA,-4.42,-5.35,-7.85,-3.35,-2.14,-1.94
1937,NORTH DAKOTA,-1.78,1.04,-0.21,-3.05,-0.85,-0.71
1938,NORTH DAKOTA,0.76,-1.65,0.90,-2.33,-3.28,-2.47
1939,NORTH DAKOTA,-3.16,2.34,-2.84,-1.01,-2.67,-0.26
1940,NORTH DAKOTA,-0.73,-2.53,1.41,-0.55,-2.29,0.25
1941,NORTH DAKOTA,0.61,3.65,-1.20,1.44,7.09,1.87
1942,NORTH DAKOTA,3.50,1.76,2.98,4.07,1.45,-1.09
1943,NORTH DAKOTA,1.21,4.87,2.72,2.98,-1.50,-0.91
1944,NORTH DAKOTA,-0.03,5.91,0.03,5.80,0.43,-2.52
1945,NORTH DAKOTA,0.56,0.30,1.34,0.00,1.78,-1.55
1946,NORTH DAKOTA,-0.84,-0.76,-1.31,-1.27,2.22,3.72
1947,NORTH DAKOTA,-0.98,5.24,0.17,1.50,0.09,0.10
1948,NORTH DAKOTA,-1.19,0.02,3.87,0.20,-3.60,-0.33
1949,NORTH DAKOTA,-0.41,-1.91,1.67,-3.12,-2.37,4.01
1950,NORTH DAKOTA,4.42,1.28,1.70,0.62,2.29,-0.92
1951,NORTH DAKOTA,-2.10,0.02,-0.91,4.82,0.86,0.56
1952,NORTH DAKOTA,-3.80,-1.66,-0.41,-0.25,-3.12,-2.25
1953,NORTH DAKOTA,4.48,5.12,0.92,0.57,-1.34,-0.85
1954,NORTH DAKOTA,0.77,3.53,0.14,1.99,3.61,-0.35
1955,NORTH DAKOTA,-0.20,-0.32,0.19,-1.94,-0.24,-1.90
1956,NORTH DAKOTA,0.89,-1.40,1.38,1.65,-1.81,-1.36
1957,NORTH DAKOTA,-0.08,1.33,0.25,2.03,1.43,1.55
1958,NORTH DAKOTA,-3.69,0.06,1.27,-3.00,-2.55,-1.26
1959,NORTH DAKOTA,0.43,-2.02,-3.75,-1.78,2.13,2.58
1960,NORTH DAKOTA,1.75,-0.79,-2.92,2.07,-3.06,-1.80
1961,NORTH DAKOTA,-1.53,-5.62,-2.14,-4.94,4.62,-0.30
1962,NORTH DAKOTA,6.59,0.21,5.63,2.35,0.29,-0.68
1963,NORTH DAKOTA,0.97,1.24,1.81,0.57,-1.80,-3.19
1964,NORTH DAKOTA,-1.23,5.08,-0.14,2.02,0.34,-2.16
1965,NORTH DAKOTA,4.56,0.15,4.08,1.78,5.91,-0.69
1966,NORTH DAKOTA,-0.30,1.51,2.78,3.86,-1.65,-0.60
1967,NORTH DAKOTA,-0.18,-0.91,-2.08,-3.00,-0.71,0.96
1968,NORTH DAKOTA,0.64,1.65,-0.66,4.53,0.87,-1.13
1969,NORTH DAKOTA,-1.29,2.76,3.36,-1.95,-1.39,0.73
1970,NORTH DAKOTA,3.48,-0.33,2.59,-2.15,1.06,-0.25
1971,NORTH DAKOTA,-0.53,2.75,0.26,-2.84,2.22,5.97
1972,NORTH DAKOTA,3.34,-1.26,1.42,1.94,0.27,1.07
1973,NORTH DAKOTA,-1.09,-1.32,-2.05,-2.28,4.76,1.15
1974,NORTH DAKOTA,5.16,-3.07,-0.66,1.61,-2.18,-0.92
1975,NORTH DAKOTA,1.26,5.60,0.92,1.25,1.04,0.17
1976,NORTH DAKOTA,-2.50,0.26,-3.21,-2.99,-2.94,-1.40
1977,NORTH DAKOTA,-1.44,-2.41,-1.20,0.18,5.79,0.89
1978,NORTH DAKOTA,2.69,0.66,1.76,0.13,1.20,-1.80
1979,NORTH DAKOTA,0.70,-0.98,1.95,-0.42,-2.00,-1.30
1980,NORTH DAKOTA,-5.49,-2.51,-3.56,4.82,0.85,2.84
1981,NORTH DAKOTA,-2.30,0.65,-0.34,-0.05,0.29,0.33
1982,NORTH DAKOTA,2.28,0.72,0.91,-0.36,-0.40,8.87
1983,NORTH DAKOTA,0.75,0.51,1.80,-0.47,0.45,0.19
1984,NORTH DAKOTA,-2.68,0.91,-2.75,-2.86,-0.67,3.61
1985,NORTH DAKOTA,1.09,-1.20,-3.43,3.03,0.35,1.82
1986,NORTH DAKOTA,1.33,-1.28,5.23,0.49,5.14,-0.09
1987,NORTH DAKOTA,0.77,-3.71,4.15,1.29,-1.64,-1.80
1988,NORTH DAKOTA,-3.29,-6.78,-5.03,-3.33,-0.67,-1.98
1989,NORTH DAKOTA,-0.98,-2.90,-3.63,-0.13,-1.45,-1.46
1990,NORTH DAKOTA,-1.60,1.45,-1.47,-2.10,-1.97,-1.50
1991,NORTH DAKOTA,0.65,0.51,-1.58,-2.03,1.83,1.82
1992,NORTH DAKOTA,-1.99,-1.36,0.18,-0.04,-0.46,-1.87
1993,NORTH DAKOTA,0.71,4.24,13.15,4.55,-0.32,-0.84
1994,NORTH DAKOTA,-0.24,1.55,2.78,0.13,0.98,7.57
1995,NORTH DAKOTA,3.46,-1.31,5.91,2.00,-0.28,2.05
1996,NORTH DAKOTA,1.94,-0.33,3.01,-1.07,2.45,0.72
1997,NORTH DAKOTA,-1.43,-1.62,4.40,-0.57,-1.34,1.47
1998,NORTH DAKOTA,-1.17,1.89,-0.91,1.29,-2.27,6.77
1999,NORTH DAKOTA,6.82,0.91,3.19,4.35,3.05,-1.04
2000,NORTH DAKOTA,0.32,2.19,2.10,1.36,-0.26,1.17
2001,NORTH DAKOTA,-0.53,2.07,5.37,-1.54,-1.17,0.10
2002,NORTH DAKOTA,-0.98,-1.20,-0.48,1.54,-1.82,0.96
2003,NORTH DAKOTA,3.39,0.11,-1.67,-3.23,0.11,-1.85
2004,NORTH DAKOTA,3.94,-0.87,0.78,0.80,1.94,1.92
2005,NORTH DAKOTA,2.51,6.72,1.46,1.60,-1.65,1.13
2006,NORTH DAKOTA,-1.17,-3.89,-4.50,-0.44,0.79,0.42
2007,NORTH DAKOTA,5.89,1.07,-0.37,-0.05,-0.94,-0.64
2008,NORTH DAKOTA,-1.25,0.83,-1.75,-0.92,1.94,3.36
2009,NORTH DAKOTA,0.50,0.99,1.96,1.20,0.13,5.26
2010,NORTH DAKOTA,4.94,2.01,3.38,2.31,6.22,0.95
2011,NORTH DAKOTA,5.35,2.68,5.42,3.22,0.56,-0.06
2012,NORTH DAKOTA,-0.63,-2.39,-2.37,-2.14,-3.76,2.56
2013,NORTH DAKOTA,7.25,2.13,2.26,0.32,2.32,6.75
2014,NORTH DAKOTA,1.45,4.22,1.13,6.86,0.13,-1.05
2015,NORTH DAKOTA,3.67,0.57,0.72,-1.02,-0.85,0.02
2016,NORTH DAKOTA,-0.40,-2.47,2.88,0.46,2.88,0.19
2017,NORTH DAKOTA,-2.79,-3.24,-4.38,0.83,1.29,-2.32
2018,NORTH DAKOTA,-2.15,0.49,-0.22,-2.09,0.04,1.56
2019,NORTH DAKOTA,1.26,-0.41,2.03,2.23,9.65,5.32
2020,NORTH DAKOTA,-0.37,-1.25,3.29,0.52,,
1895,OHIO,-2.62,-2.62,-2.85,-2.34,-3.11,-2.14
1896,OHIO,-2.29,0.48,6.92,1.46,3.38,0.70
1897,OHIO,0.99,-0.62,1.14,-0.79,-3.31,-3.71
1898,OHIO,0.12,-1.17,-0.83,0.93,-1.02,1.80
1899,OHIO,-0.58,-1.03,0.14,-3.06,-0.42,-1.34
1900,OHIO,-1.94,-1.06,0.61,-0.46,-2.81,-2.21
1901,OHIO,0.61,0.63,-2.23,-0.76,-0.47,-2.70
1902,OHIO,-1.42,4.86,0.78,-2.00,2.49,0.03
1903,OHIO,-2.02,0.78,-0.22,-1.10,-2.58,-0.16
1904,OHIO,-0.42,-0.90,0.59,-0.58,-1.45,-1.32
1905,OHIO,2.10,1.16,0.16,1.55,0.99,2.77
1906,OHIO,-2.24,-1.05,1.35,1.50,-0.46,0.77
1907,OHIO,0.23,1.56,3.26,-0.36,1.78,1.66
1908,OHIO,0.79,-1.81,0.19,-1.60,-4.10,-2.59
1909,OHIO,1.41,2.55,0.33,0.67,-1.38,0.70
1910,OHIO,0.62,-0.79,-0.93,-2.85,1.35,1.28
1911,OHIO,-3.73,-0.51,-2.92,1.71,1.95,3.50
1912,OHIO,-1.40,-0.54,2.39,1.89,0.13,0.24
1913,OHIO,-0.56,-2.50,1.30,-1.78,-1.07,0.76
1914,OHIO,-1.11,-1.40,-2.72,1.67,-2.13,0.43
1915,OHIO,-0.07,1.14,3.88,2.77,2.52,1.16
1916,OHIO,0.25,2.63,-3.60,-1.09,-0.73,-0.73
1917,OHIO,1.58,2.12,0.56,-0.44,-0.92,4.59
1918,OHIO,-0.14,-1.35,-1.61,-1.21,1.80,0.18
1919,OHIO,1.62,-2.05,-0.89,1.74,-1.69,4.60
1920,OHIO,-1.36,1.39,1.67,2.31,-0.17,-0.65
1921,OHIO,-1.18,-1.96,-2.50,0.68,1.09,-0.57
1922,OHIO,0.67,-1.25,-0.42,-0.25,-0.69,-1.36
1923,OHIO,0.12,-0.96,-0.36,1.67,0.43,-0.61
1924,OHIO,1.47,3.63,-0.75,-1.45,3.37,-2.73
1925,OHIO,-0.64,-1.60,1.39,-1.58,0.50,3.84
1926,OHIO,-1.77,-0.29,0.47,3.58,6.35,5.36
1927,OHIO,1.15,0.69,1.46,0.14,-1.05,-1.32
1928,OHIO,-2.25,5.19,1.39,-0.84,-2.28,-0.38
1929,OHIO,2.45,0.35,1.98,0.10,0.38,3.01
1930,OHIO,-2.87,-2.23,-4.48,-2.63,-1.49,-2.05
1931,OHIO,-0.69,-0.48,-0.55,2.29,0.89,-0.38
1932,OHIO,-2.76,-0.47,0.51,-2.29,-0.68,0.58
1933,OHIO,2.89,-3.64,-2.79,-0.51,1.48,-1.62
1934,OHIO,-4.24,-1.85,-3.43,0.39,0.33,-3.32
1935,OHIO,2.18,0.74,1.30,4.58,0.79,0.72
1936,OHIO,-3.11,-3.33,-2.82,-1.16,-1.12,1.55
1937,OHIO,0.05,3.19,0.98,-0.21,-0.19,2.08
1938,OHIO,1.54,0.78,1.37,-0.57,1.48,-2.28
1939,OHIO,-3.65,2.56,0.55,-1.91,-2.10,0.11
1940,OHIO,1.07,1.37,-2.69,1.02,-1.65,-1.35
1941,OHIO,-2.43,2.11,0.14,0.13,-2.41,2.27
1942,OHIO,-0.07,0.25,0.15,0.52,0.54,-0.35
1943,OHIO,3.19,-1.52,2.55,-0.60,-1.15,-0.68
1944,OHIO,-1.23,-1.70,-3.95,-0.31,-1.88,-2.01
1945,OHIO,1.76,1.76,-0.28,-1.71,3.30,1.39
1946,OHIO,2.43,2.65,-1.13,-0.63,-2.20,0.30
1947,OHIO,2.85,2.74,0.49,1.22,0.54,-1.62
1948,OHIO,0.23,0.60,-0.16,-1.07,-0.13,0.29
1949,OHIO,-0.97,-0.19,-0.01,-0.61,0.24,-1.87
1950,OHIO,-1.40,1.07,1.18,0.21,2.60,0.18
1951,OHIO,-0.71,0.74,-1.56,-3.14,0.12,-1.61
1952,OHIO,-0.14,-2.20,-2.07,-1.57,-0.44,-1.99
1953,OHIO,0.01,-1.98,-0.85,-2.40,-2.44,-3.57
1954,OHIO,-1.48,-1.13,-1.08,2.14,-2.41,4.04
1955,OHIO,-1.78,-1.20,-0.62,-1.35,-0.92,1.21
1956,OHIO,2.15,0.30,1.56,1.28,-0.11,-1.94
1957,OHIO,0.37,2.54,-1.49,-2.75,0.92,0.20
1958,OHIO,0.13,3.83,6.28,2.46,1.76,-0.40
1959,OHIO,-1.04,-1.55,0.57,-2.14,-2.06,2.48
1960,OHIO,0.57,-0.17,0.46,-0.36,-2.76,-1.33
1961,OHIO,-0.16,1.01,2.32,0.41,-0.68,-0.59
1962,OHIO,-1.72,-2.75,0.80,-2.77,1.48,-0.09
1963,OHIO,-1.28,-1.82,-0.57,-0.67,-2.77,-4.61
1964,OHIO,-2.56,-0.76,-2.04,-0.88,-2.27,-2.40
1965,OHIO,-3.19,-2.52,-1.51,0.00,2.22,2.43
1966,OHIO,-0.33,-2.53,0.49,-0.13,0.23,-0.95
1967,OHIO,2.67,-2.90,-0.43,-1.81,0.04,-0.24
1968,OHIO,5.37,-0.65,-0.52,-0.20,-0.71,-0.91
1969,OHIO,-0.03,1.34,3.31,-0.58,0.40,-0.30
1970,OHIO,-0.63,0.37,0.90,-1.66,0.49,0.88
1971,OHIO,0.68,-0.94,0.54,-0.87,0.94,-2.05
1972,OHIO,-0.12,0.81,-0.63,0.40,3.75,0.53
1973,OHIO,0.96,1.65,1.21,-0.01,-1.43,1.03
1974,OHIO,1.56,1.18,-3.10,3.63,2.04,-0.67
1975,OHIO,-1.60,0.42,-1.24,2.54,3.75,1.55
1976,OHIO,-1.62,1.06,1.53,1.22,1.10,2.22
1977,OHIO,-3.32,-0.01,0.37,1.85,0.71,0.96
1978,OHIO,0.40,0.06,-0.59,1.59,-2.67,2.38
1979,OHIO,0.63,0.20,1.88,5.58,3.77,0.88
1980,OHIO,-0.19,2.15,3.38,5.06,-0.87,0.92
1981,OHIO,1.87,3.31,0.16,-0.99,1.42,0.72
1982,OHIO,-0.68,0.99,-1.77,-0.44,-0.69,-2.73
1983,OHIO,3.50,-1.09,-0.93,-2.75,-1.44,3.89
1984,OHIO,1.76,-3.11,-0.71,-0.44,-0.54,-0.33
1985,OHIO,0.13,-0.71,0.27,0.91,-2.74,0.09
1986,OHIO,-1.29,0.85,1.32,-0.56,1.95,2.26
1987,OHIO,-1.29,0.37,-0.05,0.30,-1.66,-0.54
1988,OHIO,-2.83,-4.40,-0.84,-1.42,-0.14,-0.01
1989,OHIO,3.10,2.43,-0.08,0.07,1.53,0.60
1990,OHIO,4.52,0.16,3.93,1.70,2.44,3.98
1991,OHIO,-2.57,-3.60,-2.92,-1.83,-1.03,-1.85
1992,OHIO,-0.59,-0.91,7.57,1.80,1.41,0.46
1993,OHIO,-2.21,1.03,-0.34,-3.27,1.23,0.67
1994,OHIO,-1.05,-0.07,-0.44,1.50,-1.39,-2.36
1995,OHIO,2.94,0.25,-1.07,0.10,-1.96,2.11
1996,OHIO,3.46,1.22,1.59,-2.28,3.62,0.50
1997,OHIO,2.54,1.83,-0.47,2.88,-0.45,-0.86
1998,OHIO,-1.53,4.38,-0.54,0.36,-2.59,0.27
1999,OHIO,-2.40,-2.94,-1.95,-1.08,-2.15,-1.24
2000,OHIO,0.71,1.25,0.74,1.18,1.92,0.06
2001,OHIO,1.72,-0.93,-0.28,-0.29,0.39,2.89
2002,OHIO,2.22,-0.78,-2.30,-3.02,0.53,0.26
2003,OHIO,3.76,0.65,4.62,2.39,5.15,1.53
2004,OHIO,3.05,1.15,1.42,1.80,2.20,1.36
2005,OHIO,-1.17,-3.45,-0.72,1.14,-0.22,-0.31
2006,OHIO,0.57,1.19,2.43,-0.39,3.25,5.97
2007,OHIO,-3.50,-2.17,-0.73,2.05,-1.52,-0.40
2008,OHIO,1.53,3.14,-0.17,-1.95,-1.14,-1.03
2009,OHIO,-0.38,0.20,1.10,-0.22,-0.34,2.93
2010,OHIO,1.17,2.76,-0.90,-1.49,-1.61,-1.40
2011,OHIO,3.10,-0.30,-0.88,0.36,4.14,3.51
2012,OHIO,-1.28,-2.63,-2.16,-1.50,2.76,2.95
2013,OHIO,-2.48,2.45,4.32,-0.43,-0.16,1.91
2014,OHIO,-0.11,1.83,0.09,1.39,-0.75,0.95
2015,OHIO,-1.46,5.39,1.68,-0.78,-0.24,0.42
2016,OHIO,-0.50,-1.14,-1.48,-0.10,0.10,-0.34
2017,OHIO,1.79,0.92,3.75,-0.92,-1.49,1.35
2018,OHIO,-1.16,1.73,-0.97,1.87,4.19,1.29
2019,OHIO,0.76,3.93,0.47,0.50,-2.37,1.26
2020,OHIO,1.86,-1.23,-2.03,-0.34,,
1895,SOUTH DAKOTA,0.28,2.89,0.95,-0.21,-0.88,-1.53
1896,SOUTH DAKOTA,-0.23,1.66,2.22,-0.97,1.52,1.21
1897,SOUTH DAKOTA,-2.14,0.11,1.96,0.91,-2.18,-0.12
1898,SOUTH DAKOTA,3.13,-2.56,0.95,-2.07,-1.76,0.55
1899,SOUTH DAKOTA,3.20,1.14,0.17,2.04,-2.00,0.71
1900,SOUTH DAKOTA,-4.65,-3.35,1.50,2.72,2.42,-0.44
1901,SOUTH DAKOTA,-3.83,3.08,-2.15,-0.46,4.21,1.60
1902,SOUTH DAKOTA,-0.35,0.78,0.46,3.18,-0.90,-0.85
1903,SOUTH DAKOTA,1.15,-0.94,3.23,3.59,3.09,-0.57
1904,SOUTH DAKOTA,-0.36,1.92,1.08,0.43,-0.83,0.22
1905,SOUTH DAKOTA,5.37,4.07,6.90,4.28,0.44,2.32
1906,SOUTH DAKOTA,4.90,0.72,0.72,6.98,2.90,2.71
1907,SOUTH DAKOTA,4.82,1.36,5.93,0.86,1.43,-0.72
1908,SOUTH DAKOTA,3.85,3.14,3.00,2.50,-0.51,3.76
1909,SOUTH DAKOTA,3.84,1.35,3.32,2.95,0.10,0.02
1910,SOUTH DAKOTA,-1.57,-2.21,-1.80,-1.06,0.43,-1.77
1911,SOUTH DAKOTA,-3.32,-5.51,-2.80,1.54,1.09,2.91
1912,SOUTH DAKOTA,-0.62,-2.88,2.23,3.24,1.37,-1.36
1913,SOUTH DAKOTA,1.31,-2.71,-0.50,-1.35,-0.63,0.99
1914,SOUTH DAKOTA,0.33,2.58,-0.46,0.13,0.71,1.43
1915,SOUTH DAKOTA,3.12,5.04,9.37,3.94,4.76,1.83
1916,SOUTH DAKOTA,4.13,2.16,2.57,4.71,-0.09,-0.40
1917,SOUTH DAKOTA,2.53,-0.82,0.23,-0.50,0.52,-0.96
1918,SOUTH DAKOTA,1.13,-1.71,1.66,1.90,-0.39,-0.93
1919,SOUTH DAKOTA,1.13,0.13,1.93,-1.91,-1.18,3.09
1920,SOUTH DAKOTA,4.83,3.36,2.83,1.83,0.33,-0.67
1921,SOUTH DAKOTA,0.88,-3.62,0.79,0.32,3.32,-0.60
1922,SOUTH DAKOTA,1.02,0.39,2.83,-0.67,-2.84,-1.17
1923,SOUTH DAKOTA,-0.38,2.11,2.82,4.46,3.47,1.16
1924,SOUTH DAKOTA,-1.95,3.17,0.39,1.64,0.76,0.83
1925,SOUTH DAKOTA,-2.91,2.80,-0.99,-2.53,-1.75,0.78
1926,SOUTH DAKOTA,-2.26,-1.66,-0.98,-0.09,1.35,0.50
1927,SOUTH DAKOTA,5.99,0.16,3.26,2.49,0.32,-0.58
1928,SOUTH DAKOTA,-3.16,1.73,1.47,1.34,0.34,0.87
1929,SOUTH DAKOTA,0.60,-1.14,0.52,-1.83,3.63,3.21
1930,SOUTH DAKOTA,1.16,-0.78,-2.63,0.26,-1.03,3.01
1931,SOUTH DAKOTA,-1.29,-3.74,-3.49,-2.38,-1.77,-0.48
1932,SOUTH DAKOTA,0.35,0.64,-1.19,0.24,-1.21,0.59
1933,SOUTH DAKOTA,0.83,-5.34,-2.72,-0.59,-2.18,-2.49
1934,SOUTH DAKOTA,-8.04,-2.76,-4.47,-3.51,0.70,-0.58
1935,SOUTH DAKOTA,1.54,0.04,-0.63,-1.06,-2.87,-1.96
1936,SOUTH DAKOTA,-3.69,-5.17,-7.48,-3.55,-2.92,-1.69
1937,SOUTH DAKOTA,-1.52,0.17,-0.07,-2.31,-2.04,-1.55
1938,SOUTH DAKOTA,1.68,-1.39,-1.05,-3.10,0.59,-3.41
1939,SOUTH DAKOTA,-3.02,0.36,-3.14,-1.78,-2.19,-0.09
1940,SOUTH DAKOTA,-3.93,-1.62,-2.52,-0.56,-3.04,-1.39
1941,SOUTH DAKOTA,-2.76,2.43,-1.30,-1.04,2.61,2.46
1942,SOUTH DAKOTA,6.72,2.89,3.04,2.72,2.32,-0.65
1943,SOUTH DAKOTA,-0.43,3.01,-0.09,0.01,-1.68,0.98
1944,SOUTH DAKOTA,0.41,3.56,3.99,5.38,-0.29,-1.15
1945,SOUTH DAKOTA,1.25,2.78,1.93,1.58,1.54,-1.97
1946,SOUTH DAKOTA,2.59,1.73,0.09,-0.03,5.64,5.87
1947,SOUTH DAKOTA,-0.97,6.09,0.24,-1.50,-0.94,0.37
1948,SOUTH DAKOTA,-1.74,2.71,2.62,0.41,-1.73,-0.11
1949,SOUTH DAKOTA,-1.19,-2.75,-1.69,-1.75,0.06,2.27
1950,SOUTH DAKOTA,1.48,-2.79,0.67,1.22,2.78,-0.85
1951,SOUTH DAKOTA,-0.08,3.00,1.11,4.36,1.45,2.73
1952,SOUTH DAKOTA,-0.06,-0.05,-0.82,-0.14,-3.21,-2.31
1953,SOUTH DAKOTA,1.21,3.33,2.50,3.50,-1.54,-1.29
1954,SOUTH DAKOTA,-0.29,1.52,-1.93,-0.29,-0.20,0.97
1955,SOUTH DAKOTA,-2.86,-1.10,-2.70,-2.47,-0.03,-2.57
1956,SOUTH DAKOTA,-1.36,-4.19,0.46,2.03,-2.04,-1.49
1957,SOUTH DAKOTA,4.58,2.41,2.04,3.04,1.10,1.81
1958,SOUTH DAKOTA,-2.34,0.56,2.88,-1.57,-2.56,-2.35
1959,SOUTH DAKOTA,1.36,-2.80,-2.88,-3.10,2.32,0.81
1960,SOUTH DAKOTA,0.64,0.52,-2.48,2.62,-0.79,-2.08
1961,SOUTH DAKOTA,1.41,-2.35,-0.98,-2.62,1.75,-0.04
1962,SOUTH DAKOTA,6.45,3.52,6.70,3.11,1.20,-0.15
1963,SOUTH DAKOTA,-0.87,0.59,3.63,-0.61,0.93,-1.48
1964,SOUTH DAKOTA,-1.19,1.64,-0.57,0.23,-1.11,-2.53
1965,SOUTH DAKOTA,4.40,1.54,1.30,0.03,5.19,-0.77
1966,SOUTH DAKOTA,-2.49,-1.66,0.58,3.94,0.99,0.52
1967,SOUTH DAKOTA,-0.56,5.13,-0.51,-1.12,0.47,-0.79
1968,SOUTH DAKOTA,-0.58,3.28,0.74,1.35,1.11,0.10
1969,SOUTH DAKOTA,-1.36,0.57,3.41,-1.53,-1.87,1.77
1970,SOUTH DAKOTA,0.31,-0.94,-0.63,-2.41,-0.07,0.80
1971,SOUTH DAKOTA,1.31,0.35,-0.12,-1.09,1.03,4.37
1972,SOUTH DAKOTA,5.66,0.06,4.64,0.82,-1.65,1.50
1973,SOUTH DAKOTA,1.08,-2.28,-0.25,-2.06,3.81,1.10
1974,SOUTH DAKOTA,0.84,-3.01,-2.45,-1.13,-2.28,-1.44
1975,SOUTH DAKOTA,-0.79,1.75,-1.62,-0.30,-1.20,-1.19
1976,SOUTH DAKOTA,-2.38,-1.93,-3.18,-4.06,-1.86,-1.20
1977,SOUTH DAKOTA,-1.42,-1.74,-0.57,1.75,3.68,2.13
1978,SOUTH DAKOTA,2.38,-0.21,4.21,3.05,-1.05,-1.94
1979,SOUTH DAKOTA,-0.55,0.37,3.34,2.23,-2.02,1.02
1980,SOUTH DAKOTA,-4.03,-2.09,-3.82,1.31,-2.63,2.31
1981,SOUTH DAKOTA,-1.92,-2.23,0.83,-0.28,-1.97,1.11
1982,SOUTH DAKOTA,6.23,0.12,3.24,1.52,1.33,7.41
1983,SOUTH DAKOTA,1.64,1.66,3.15,0.83,-0.45,0.58
1984,SOUTH DAKOTA,0.16,5.11,2.19,1.42,-0.14,2.31
1985,SOUTH DAKOTA,-2.21,-1.73,-1.47,1.53,2.70,-0.05
1986,SOUTH DAKOTA,2.02,1.13,3.39,1.55,6.84,0.82
1987,SOUTH DAKOTA,0.19,-3.33,0.31,0.75,-0.69,-1.33
1988,SOUTH DAKOTA,-0.78,-4.45,-4.51,-1.98,0.80,-2.00
1989,SOUTH DAKOTA,-2.90,-3.05,-1.74,-1.71,1.53,-0.83
1990,SOUTH DAKOTA,0.89,0.13,-0.17,-0.86,-2.20,-0.54
1991,SOUTH DAKOTA,3.99,1.25,-0.20,-0.97,-0.58,0.66
1992,SOUTH DAKOTA,-3.37,0.89,4.58,2.02,0.09,-0.91
1993,SOUTH DAKOTA,1.38,5.24,9.79,3.78,2.42,-0.12
1994,SOUTH DAKOTA,-2.40,-0.32,3.33,0.87,-0.38,3.89
1995,SOUTH DAKOTA,6.46,0.99,3.37,1.43,1.19,5.28
1996,SOUTH DAKOTA,6.09,-1.39,0.51,-0.19,6.35,3.99
1997,SOUTH DAKOTA,1.88,0.40,5.47,2.42,0.42,1.62
1998,SOUTH DAKOTA,-0.56,3.07,2.12,2.87,-2.05,9.65
1999,SOUTH DAKOTA,2.61,3.47,3.23,3.62,3.57,-1.07
2000,SOUTH DAKOTA,0.93,-0.41,0.95,-1.35,-2.33,-0.02
2001,SOUTH DAKOTA,0.17,0.57,4.07,-1.84,0.44,-0.33
2002,SOUTH DAKOTA,-1.58,-4.76,-3.84,1.28,-0.71,1.79
2003,SOUTH DAKOTA,0.11,0.57,-2.04,-3.51,0.26,-1.47
2004,SOUTH DAKOTA,0.99,-0.87,0.05,-0.57,4.55,2.65
2005,SOUTH DAKOTA,1.95,2.55,-0.69,-0.31,0.62,-0.77
2006,SOUTH DAKOTA,-3.14,-3.76,-5.33,0.44,4.10,-0.70
2007,SOUTH DAKOTA,2.53,-0.19,-2.40,3.50,-0.51,3.11
2008,SOUTH DAKOTA,3.01,3.67,3.16,0.76,1.76,4.27
2009,SOUTH DAKOTA,-1.56,1.31,4.01,4.04,0.26,7.82
2010,SOUTH DAKOTA,3.06,3.68,5.30,3.00,4.81,-0.06
2011,SOUTH DAKOTA,4.72,3.19,4.04,2.88,-1.10,-0.29
2012,SOUTH DAKOTA,-0.58,-3.27,-3.85,-3.49,-3.76,-0.58
2013,SOUTH DAKOTA,3.79,0.32,1.53,1.43,0.46,9.47
2014,SOUTH DAKOTA,0.53,5.48,0.45,6.13,1.20,-1.19
2015,SOUTH DAKOTA,5.29,1.46,2.74,4.25,-0.28,0.37
2016,SOUTH DAKOTA,0.37,-2.66,0.73,1.22,0.76,-0.32
2017,SOUTH DAKOTA,-1.11,-2.71,-2.00,2.07,1.66,0.13
2018,SOUTH DAKOTA,-1.07,1.65,2.29,0.35,2.25,2.05
2019,SOUTH DAKOTA,7.69,-0.23,7.63,6.70,6.69,4.15
2020,SOUTH DAKOTA,1.29,-0.15,2.93,0.09,,
